feed_id,section,name,ccy,metric,frequency,calendar,max_staleness_bd,primary_source,primary_access,fallback_source,fallback_access,manual,manual_expiry_days,plaus_min,plaus_max,plaus_max_jump,unit,weight,license_class,consumers,status,publish_lag,notes
USD_ACM,01,USD ACM 10Y (Y10/RNY/TP),USD,acm_tp10,monthly,US,30,repo ACM model (scripts/acm_*.py),data/ACM_G8_USD.csv,eco3min NY Fed mirror (USD only),https://eco3min.fr/dataset/us-term-premium.csv,N,,-3,6,1.0,pct,1,PUBLIC,"RTF10,CURVA",EXISTS_REPO,month-end +5bd,own K=3 model output; CAD K=4
EUR_ACM,01,EUR ACM 10Y (Y10/RNY/TP),EUR,acm_tp10,monthly,EU,30,repo ACM model (scripts/acm_*.py),data/ACM_G8_EUR.csv,eco3min NY Fed mirror (USD only),https://eco3min.fr/dataset/us-term-premium.csv,N,,-3,6,1.0,pct,1,PUBLIC,"RTF10,CURVA",EXISTS_REPO,month-end +5bd,own K=3 model output; CAD K=4
JPY_ACM,01,JPY ACM 10Y (Y10/RNY/TP),JPY,acm_tp10,monthly,JP,30,repo ACM model (scripts/acm_*.py),data/ACM_G8_JPY.csv,eco3min NY Fed mirror (USD only),https://eco3min.fr/dataset/us-term-premium.csv,N,,-3,6,1.0,pct,1,PUBLIC,"RTF10,CURVA",EXISTS_REPO,month-end +5bd,own K=3 model output; CAD K=4
GBP_ACM,01,GBP ACM 10Y (Y10/RNY/TP),GBP,acm_tp10,monthly,GB,30,repo ACM model (scripts/acm_*.py),data/ACM_G8_GBP.csv,eco3min NY Fed mirror (USD only),https://eco3min.fr/dataset/us-term-premium.csv,N,,-3,6,1.0,pct,1,PUBLIC,"RTF10,CURVA",EXISTS_REPO,month-end +5bd,own K=3 model output; CAD K=4
CAD_ACM,01,CAD ACM 10Y (Y10/RNY/TP),CAD,acm_tp10,monthly,CA,30,repo ACM model (scripts/acm_*.py),data/ACM_G8_CAD.csv,eco3min NY Fed mirror (USD only),https://eco3min.fr/dataset/us-term-premium.csv,N,,-3,6,1.0,pct,1,PUBLIC,"RTF10,CURVA",EXISTS_REPO,month-end +5bd,own K=3 model output; CAD K=4
AUD_ACM,01,AUD ACM 10Y (Y10/RNY/TP),AUD,acm_tp10,monthly,AU,30,repo ACM model (scripts/acm_*.py),data/ACM_G8_AUD.csv,eco3min NY Fed mirror (USD only),https://eco3min.fr/dataset/us-term-premium.csv,N,,-3,6,1.0,pct,1,PUBLIC,"RTF10,CURVA",EXISTS_REPO,month-end +5bd,own K=3 model output; CAD K=4
USD_RY,01,USD Real/BE 10Y (TIPS FRED),USD,real10_be10,daily,US,4,TIPS FRED,data/RY_G8_USD.csv,FRED DFII10/T10YIE,https://fred.stlouisfed.org/graph/fredgraph.csv?id=DFII10,N,,-3,8,0.6,pct,1,PUBLIC,"RTF10,CURVA",EXISTS_REPO,T+1,EUR quality=PROXY_DE_INTERP
GBP_RY,01,GBP Real/BE 10Y (ILG BoE),GBP,real10_be10,daily,GB,4,ILG BoE,data/RY_G8_GBP.csv,,,N,,-3,8,0.6,pct,1,PUBLIC,"RTF10,CURVA",EXISTS_REPO,T+1,EUR quality=PROXY_DE_INTERP
CAD_RY,01,CAD Real/BE 10Y (RRB BoC),CAD,real10_be10,daily,CA,4,RRB BoC,data/RY_G8_CAD.csv,,,N,,-3,8,0.6,pct,1,PUBLIC,"RTF10,CURVA",EXISTS_REPO,T+1,EUR quality=PROXY_DE_INTERP
AUD_RY,01,AUD Real/BE 10Y (iAGS RBA),AUD,real10_be10,daily,AU,8,iAGS RBA,data/RY_G8_AUD.csv,,,N,,-3,8,0.6,pct,1,PUBLIC,"RTF10,CURVA",EXISTS_REPO,T+1,EUR quality=PROXY_DE_INTERP
EUR_RY,01,EUR Real/BE 10Y (DE linkers Bundesbank),EUR,real10_be10,daily,EU,4,DE linkers Bundesbank,data/RY_G8_EUR.csv,,,N,,-3,8,0.6,pct,1,PUBLIC,"RTF10,CURVA",EXISTS_REPO,T+1,EUR quality=PROXY_DE_INTERP
JPY_RY,01,JPY Real/BE 10Y (JGBi JSDA),JPY,real10_be10,daily,JP,4,JGBi JSDA,data/RY_G8_JPY.csv,,,N,,-3,8,0.6,pct,1,PUBLIC,"RTF10,CURVA",EXISTS_REPO,T+1,EUR quality=PROXY_DE_INTERP
MFV_STATE,10,Metals MDP bridge state,XAU,mdp_state,weekly,CME,10,repo metals_fairvalue_g8.py,data/MFV_G8_state.json,,,N,,,,,json,1,PUBLIC,MDP,EXISTS_REPO,Sat,Kalman TVP
XAU_MFV,10,Gold MDP (Kalman TVP/MMT),XAU,mdp_fv,weekly,CME,10,repo,data/MFV_G8_XAU.csv,,,N,,500,10000,0.15,usd,1,PUBLIC,MDP,EXISTS_REPO,Sat,
XAG_MFV,10,Silver MDP (Kalman TVP),XAG,mdp_fv,weekly,CME,10,repo,data/MFV_G8_XAG.csv,,,N,,5,200,0.2,usd,1,PUBLIC,MDP,EXISTS_REPO,Sat,
EUR_NOM_ECB,01,EUR Nominal 10Y (ECB Svensson AAA),EUR,nom10,daily,EU,4,ECB Data Portal API,https://data-api.ecb.europa.eu/service/data/YC/B.U2.EUR.4F.G_N_A.SV_C_YM.SR_10Y,Bundesbank Bund 10Y,fetch_eur_real.py NOM10,N,,-2,8,0.5,pct,1,PUBLIC,"RTF10,CURVA,IYDT_10Y",EXISTS_BROWSER,T+1 ~12:00 UTC,MOVE TO ACTIONS (principle 1)
CHF_NOM_SNB,01,CHF Nominal 10Y (FRED OECD monthly),CHF,nom10,monthly,CH,45,FRED IRLTLT01CHM156N,https://fred.stlouisfed.org/graph/fredgraph.csv?id=IRLTLT01CHM156N,SNB cube rendoblid (frozen),https://data.snb.ch/en/topics/ziredev/cube/rendoblid,N,,-2,6,0.5,pct,1,PUBLIC,"RTF10,CURVA,IYDT_10Y,POL",EXISTS_BROWSER,monthly,MOVE TO ACTIONS; daily CH10Y candidate: SIX Confederation bond ref yield
NZD_NOM_RBNZ,01,NZD Nominal 10Y (manual RBNZ B2),NZD,nom10,manual,NZ,5,MANUAL,data/manual/manual_inputs.json,,,Y,7,-1,10,0.5,pct,1,PUBLIC,"RTF10,CURVA,IYDT_10Y",EXISTS_BROWSER,,EXPIRED: last 2026-06-11 = 4.55 -> refresh this week
USD_TP_MIRROR,01,USD ACM TP10 (NY Fed mirror),USD,acm_tp10,weekly,US,45,eco3min.fr,https://eco3min.fr/dataset/us-term-premium.csv,NY Fed term-premia-tabs xlsx,https://www.newyorkfed.org/research/data_indicators/term-premia-tabs,N,,-3,6,1.0,pct,0.5,PUBLIC,RTF10,EXISTS_BROWSER,weekly,fallback only
USD_NOM_FRED,01,USD Nominal 10Y (DGS10 fallback),USD,dgs10,daily,US,4,FRED,https://fred.stlouisfed.org/graph/fredgraph.csv?id=DGS10,,,N,,-3,10,0.5,pct,0.5,PUBLIC,"RTF10,CURVA",EXISTS_BROWSER,T+1 ~20:15 UTC,fallback only
USD_REAL_FRED,01,USD Real 10Y (DFII10 fallback),USD,dfii10,daily,US,4,FRED,https://fred.stlouisfed.org/graph/fredgraph.csv?id=DFII10,,,N,,-3,10,0.5,pct,0.5,PUBLIC,"RTF10,CURVA",EXISTS_BROWSER,T+1 ~20:15 UTC,fallback only
USD_BE_FRED,01,USD Breakeven 10Y (T10YIE fallback),USD,t10yie,daily,US,4,FRED,https://fred.stlouisfed.org/graph/fredgraph.csv?id=T10YIE,,,N,,-3,10,0.5,pct,0.5,PUBLIC,"RTF10,CURVA",EXISTS_BROWSER,T+1 ~20:15 UTC,fallback only
CHF_BE_MANUAL,01,CHF Breakeven (SNB conditional CPI fcst),CHF,be10,manual,CH,65,MANUAL SNB MPA,https://www.snb.ch/en/the-snb/mandates-goals/monetary-policy/decisions,,,Y,95,-1,4,0.5,pct,0.5,PUBLIC,"RTF10,CURVA",EXISTS_REPO,quarterly,last 2026-06-18 = 0.7; next SNB MPA 24-sep-2026
NZD_BE_MANUAL,01,NZD Breakeven (RBNZ Survey of Expectations 2Y),NZD,be10,manual,NZ,65,MANUAL RBNZ SoE,https://www.rbnz.govt.nz/statistics/series/economic-indicators/survey-of-expectations,,,Y,95,0,6,0.5,pct,0.5,PUBLIC,"RTF10,CURVA",EXISTS_REPO,quarterly,last 2026-08-13 = 2.34
SOFR,03,SOFR fixing,USD,rfr_on,daily,US,4,central bank,data/SOFR.csv,BIS / FRED (SOFR),,N,,-1,10,0.35,pct,1,PUBLIC,"XCCY,PSI,POL",EXISTS_REPO,T+1 ~09:00 local,
ESTR,03,ESTR fixing,EUR,rfr_on,daily,EU,4,central bank,data/ESTR.csv,BIS / FRED (SOFR),,N,,-1,10,0.35,pct,1,PUBLIC,"XCCY,PSI,POL",EXISTS_REPO,T+1 ~09:00 local,
SONIA,03,SONIA fixing,GBP,rfr_on,daily,GB,4,central bank,data/SONIA.csv,BIS / FRED (SOFR),,N,,-1,10,0.35,pct,1,PUBLIC,"XCCY,PSI,POL",EXISTS_REPO,T+1 ~09:00 local,
TONA,03,TONA fixing,JPY,rfr_on,daily,JP,4,central bank,data/TONA.csv,BIS / FRED (SOFR),,N,,-1,10,0.35,pct,1,PUBLIC,"XCCY,PSI,POL",EXISTS_REPO,T+1 ~09:00 local,
CORRA,03,CORRA fixing,CAD,rfr_on,daily,CA,4,central bank,data/CORRA.csv,BIS / FRED (SOFR),,N,,-1,10,0.35,pct,1,PUBLIC,"XCCY,PSI,POL",EXISTS_REPO,T+1 ~09:00 local,
AONIA,03,AONIA fixing,AUD,rfr_on,daily,AU,4,central bank,data/AONIA.csv,BIS / FRED (SOFR),,N,,-1,10,0.35,pct,1,PUBLIC,"XCCY,PSI,POL",EXISTS_REPO,T+1 ~09:00 local,
FLOOR_USD,03,USD floor (IORB),USD,floor,daily,US,5,central bank,data/FLOOR_USD.csv,BIS WS_CBPOL,,N,,-1,10,0.5,pct,1,PUBLIC,"XCCY,PSI",EXISTS_REPO,T+1,
FLOOR_EUR,03,EUR floor (DFR),EUR,floor,daily,EU,5,central bank,data/FLOOR_EUR.csv,BIS WS_CBPOL,,N,,-1,10,0.5,pct,1,PUBLIC,"XCCY,PSI",EXISTS_REPO,T+1,
FLOOR_CAD,03,CAD floor (BoC target),CAD,floor,daily,CA,5,central bank,data/FLOOR_CAD.csv,BIS WS_CBPOL,,N,,-1,10,0.5,pct,1,PUBLIC,"XCCY,PSI",EXISTS_REPO,T+1,
GB_POLICY,05,BoE Bank Rate,GBP,policy_rate,event-driven,GB,35,BIS SDMX WS_CBPOL,data/GB_POLICY.csv,central bank site,,N,,-1,10,0.5,pct,1,PUBLIC,"POL,IYDT_2Y",EXISTS_REPO,event,flat between meetings is CORRECT
JP_POLICY,05,BoJ Policy Balance Rate,JPY,policy_rate,event-driven,JP,40,BIS SDMX WS_CBPOL,data/JP_POLICY.csv,central bank site,,N,,-1,10,0.5,pct,1,PUBLIC,"POL,IYDT_2Y",EXISTS_REPO,event,flat between meetings is CORRECT
CH_POLICY,05,SNB Policy Rate,CHF,policy_rate,event-driven,CH,65,BIS SDMX WS_CBPOL,data/CH_POLICY.csv,central bank site,,N,,-1,10,0.5,pct,1,PUBLIC,"POL,IYDT_2Y",EXISTS_REPO,event,flat between meetings is CORRECT
AU_POLICY,05,RBA Cash Rate Target,AUD,policy_rate,event-driven,AU,35,BIS SDMX WS_CBPOL,data/AU_POLICY.csv,central bank site,,N,,-1,10,0.5,pct,1,PUBLIC,"POL,IYDT_2Y",EXISTS_REPO,event,flat between meetings is CORRECT
NZD_OCR,05,RBNZ OCR,NZD,policy_rate,event-driven,NZ,45,BIS SDMX WS_CBPOL,data/NZD_OCR.csv,central bank site,,N,,-1,10,0.5,pct,1,PUBLIC,"POL,IYDT_2Y",EXISTS_REPO,event,flat between meetings is CORRECT
ACM_TP_10Y,04,ACM 10Y TP chart feed (NY Fed),USD,acm_tp10,weekly,US,10,NY Fed,data/ACM_TP_10Y.csv,,,N,,-3,6,1.0,pct,0.5,PUBLIC,RTF10,EXISTS_REPO,weekly,
OPTIONS_SURFACE,08,CME FX Options Surface (walls),GLOBAL,opt_surface,daily,CME,4,CME settlements (collector),data/OPTIONS_SURFACE.json,,,N,,,,,json,1,PUBLIC,"FFVA,RISK",EXISTS_REPO,T+1 ~02:00 UTC,failed scheduled run #123 2026-09-02 18:12 -> check log
POS_COT,07,CFTC COT/TFF (pos_g8_cot_collector.py),GLOBAL,cot,weekly,US,10,CFTC,data/pos_g8_cot.json,,,N,,,,,json,1,PUBLIC,POS,EXISTS_REPO,Fri ~19:30 UTC,
US01Y,06,US sovereign 01Y,USD,yield_01y,daily,US,4,FRED DGS1/DGS2/DGS5/DGS10,calibrate_iydt_xccy.py sources,Databento ZT/ZF/ZN same-day,,N,,-2,15,0.6,pct,1,PUBLIC,"IYDT_2Y,IYDT_10Y,CURVA,PSI,XCCY,RTF10",NEW_PORT,T+1 ~20:15 UTC,replaces TVC:US01Y
US02Y,06,US sovereign 02Y,USD,yield_02y,daily,US,4,FRED DGS1/DGS2/DGS5/DGS10,calibrate_iydt_xccy.py sources,Databento ZT/ZF/ZN same-day,,N,,-2,15,0.6,pct,1,PUBLIC,"IYDT_2Y,IYDT_10Y,CURVA,PSI,XCCY,RTF10",NEW_PORT,T+1 ~20:15 UTC,replaces TVC:US02Y
US05Y,06,US sovereign 05Y,USD,yield_05y,daily,US,4,FRED DGS1/DGS2/DGS5/DGS10,calibrate_iydt_xccy.py sources,Databento ZT/ZF/ZN same-day,,N,,-2,15,0.6,pct,1,PUBLIC,"IYDT_2Y,IYDT_10Y,CURVA,PSI,XCCY,RTF10",NEW_PORT,T+1 ~20:15 UTC,replaces TVC:US05Y
US10Y,06,US sovereign 10Y,USD,yield_10y,daily,US,4,FRED DGS1/DGS2/DGS5/DGS10,calibrate_iydt_xccy.py sources,Databento ZT/ZF/ZN same-day,,N,,-2,15,0.6,pct,1,PUBLIC,"IYDT_2Y,IYDT_10Y,CURVA,PSI,XCCY,RTF10",NEW_PORT,T+1 ~20:15 UTC,replaces TVC:US10Y
DE01Y,06,DE sovereign 01Y,EUR,yield_01y,daily,EU,4,Bundesbank BBK01.WT,calibrate_iydt_xccy.py sources,ECB YC,,N,,-2,15,0.6,pct,1,PUBLIC,"IYDT_2Y,IYDT_10Y,CURVA,PSI,XCCY,RTF10",NEW_PORT,T+1,replaces TVC:DE01Y
DE02Y,06,DE sovereign 02Y,EUR,yield_02y,daily,EU,4,Bundesbank BBK01.WT,calibrate_iydt_xccy.py sources,ECB YC,,N,,-2,15,0.6,pct,1,PUBLIC,"IYDT_2Y,IYDT_10Y,CURVA,PSI,XCCY,RTF10",NEW_PORT,T+1,replaces TVC:DE02Y
DE05Y,06,DE sovereign 05Y,EUR,yield_05y,daily,EU,4,Bundesbank BBK01.WT,calibrate_iydt_xccy.py sources,ECB YC,,N,,-2,15,0.6,pct,1,PUBLIC,"IYDT_2Y,IYDT_10Y,CURVA,PSI,XCCY,RTF10",NEW_PORT,T+1,replaces TVC:DE05Y
DE10Y,06,DE sovereign 10Y,EUR,yield_10y,daily,EU,4,Bundesbank BBK01.WT,calibrate_iydt_xccy.py sources,ECB YC,,N,,-2,15,0.6,pct,1,PUBLIC,"IYDT_2Y,IYDT_10Y,CURVA,PSI,XCCY,RTF10",NEW_PORT,T+1,replaces TVC:DE10Y
FR01Y,06,FR sovereign 01Y,EUR,yield_01y,daily,EU,4,Banque de France,calibrate_iydt_xccy.py sources,,,N,,-2,15,0.6,pct,1,PUBLIC,"IYDT_2Y,IYDT_10Y,CURVA,PSI,XCCY,RTF10",NEW_PORT,T+1,replaces TVC:FR01Y
FR02Y,06,FR sovereign 02Y,EUR,yield_02y,daily,EU,4,Banque de France,calibrate_iydt_xccy.py sources,,,N,,-2,15,0.6,pct,1,PUBLIC,"IYDT_2Y,IYDT_10Y,CURVA,PSI,XCCY,RTF10",NEW_PORT,T+1,replaces TVC:FR02Y
FR05Y,06,FR sovereign 05Y,EUR,yield_05y,daily,EU,4,Banque de France,calibrate_iydt_xccy.py sources,,,N,,-2,15,0.6,pct,1,PUBLIC,"IYDT_2Y,IYDT_10Y,CURVA,PSI,XCCY,RTF10",NEW_PORT,T+1,replaces TVC:FR05Y
FR10Y,06,FR sovereign 10Y,EUR,yield_10y,daily,EU,4,Banque de France,calibrate_iydt_xccy.py sources,,,N,,-2,15,0.6,pct,1,PUBLIC,"IYDT_2Y,IYDT_10Y,CURVA,PSI,XCCY,RTF10",NEW_PORT,T+1,replaces TVC:FR10Y
IT01Y,06,IT sovereign 01Y,EUR,yield_01y,daily,EU,4,Banca d'Italia / MEF,calibrate_iydt_xccy.py sources,,,N,,-2,15,0.6,pct,1,PUBLIC,"IYDT_2Y,IYDT_10Y,CURVA,PSI,XCCY,RTF10",NEW_PORT,T+1,replaces TVC:IT01Y
IT02Y,06,IT sovereign 02Y,EUR,yield_02y,daily,EU,4,Banca d'Italia / MEF,calibrate_iydt_xccy.py sources,,,N,,-2,15,0.6,pct,1,PUBLIC,"IYDT_2Y,IYDT_10Y,CURVA,PSI,XCCY,RTF10",NEW_PORT,T+1,replaces TVC:IT02Y
IT05Y,06,IT sovereign 05Y,EUR,yield_05y,daily,EU,4,Banca d'Italia / MEF,calibrate_iydt_xccy.py sources,,,N,,-2,15,0.6,pct,1,PUBLIC,"IYDT_2Y,IYDT_10Y,CURVA,PSI,XCCY,RTF10",NEW_PORT,T+1,replaces TVC:IT05Y
IT10Y,06,IT sovereign 10Y,EUR,yield_10y,daily,EU,4,Banca d'Italia / MEF,calibrate_iydt_xccy.py sources,,,N,,-2,15,0.6,pct,1,PUBLIC,"IYDT_2Y,IYDT_10Y,CURVA,PSI,XCCY,RTF10",NEW_PORT,T+1,replaces TVC:IT10Y
GB01Y,06,GB sovereign 01Y,GBP,yield_01y,daily,GB,4,BoE / DMO yield curves,calibrate_iydt_xccy.py sources,,,N,,-2,15,0.6,pct,1,PUBLIC,"IYDT_2Y,IYDT_10Y,CURVA,PSI,XCCY,RTF10",NEW_PORT,T+1 ~12:00 UTC,replaces TVC:GB01Y
GB02Y,06,GB sovereign 02Y,GBP,yield_02y,daily,GB,4,BoE / DMO yield curves,calibrate_iydt_xccy.py sources,,,N,,-2,15,0.6,pct,1,PUBLIC,"IYDT_2Y,IYDT_10Y,CURVA,PSI,XCCY,RTF10",NEW_PORT,T+1 ~12:00 UTC,replaces TVC:GB02Y
GB05Y,06,GB sovereign 05Y,GBP,yield_05y,daily,GB,4,BoE / DMO yield curves,calibrate_iydt_xccy.py sources,,,N,,-2,15,0.6,pct,1,PUBLIC,"IYDT_2Y,IYDT_10Y,CURVA,PSI,XCCY,RTF10",NEW_PORT,T+1 ~12:00 UTC,replaces TVC:GB05Y
GB10Y,06,GB sovereign 10Y,GBP,yield_10y,daily,GB,4,BoE / DMO yield curves,calibrate_iydt_xccy.py sources,,,N,,-2,15,0.6,pct,1,PUBLIC,"IYDT_2Y,IYDT_10Y,CURVA,PSI,XCCY,RTF10",NEW_PORT,T+1 ~12:00 UTC,replaces TVC:GB10Y
JP01Y,06,JP sovereign 01Y,JPY,yield_01y,daily,JP,4,MOF JGB interest rates,calibrate_iydt_xccy.py sources,,,N,,-2,15,0.6,pct,1,PUBLIC,"IYDT_2Y,IYDT_10Y,CURVA,PSI,XCCY,RTF10",NEW_PORT,T+0 Asian morning,replaces TVC:JP01Y
JP02Y,06,JP sovereign 02Y,JPY,yield_02y,daily,JP,4,MOF JGB interest rates,calibrate_iydt_xccy.py sources,,,N,,-2,15,0.6,pct,1,PUBLIC,"IYDT_2Y,IYDT_10Y,CURVA,PSI,XCCY,RTF10",NEW_PORT,T+0 Asian morning,replaces TVC:JP02Y
JP05Y,06,JP sovereign 05Y,JPY,yield_05y,daily,JP,4,MOF JGB interest rates,calibrate_iydt_xccy.py sources,,,N,,-2,15,0.6,pct,1,PUBLIC,"IYDT_2Y,IYDT_10Y,CURVA,PSI,XCCY,RTF10",NEW_PORT,T+0 Asian morning,replaces TVC:JP05Y
JP10Y,06,JP sovereign 10Y,JPY,yield_10y,daily,JP,4,MOF JGB interest rates,calibrate_iydt_xccy.py sources,,,N,,-2,15,0.6,pct,1,PUBLIC,"IYDT_2Y,IYDT_10Y,CURVA,PSI,XCCY,RTF10",NEW_PORT,T+0 Asian morning,replaces TVC:JP10Y
AU01Y,06,AU sovereign 01Y,AUD,yield_01y,daily,AU,4,RBA F2 capital market yields,calibrate_iydt_xccy.py sources,,,N,,-2,15,0.6,pct,1,PUBLIC,"IYDT_2Y,IYDT_10Y,CURVA,PSI,XCCY,RTF10",NEW_PORT,T+1,replaces TVC:AU01Y
AU02Y,06,AU sovereign 02Y,AUD,yield_02y,daily,AU,4,RBA F2 capital market yields,calibrate_iydt_xccy.py sources,,,N,,-2,15,0.6,pct,1,PUBLIC,"IYDT_2Y,IYDT_10Y,CURVA,PSI,XCCY,RTF10",NEW_PORT,T+1,replaces TVC:AU02Y
AU05Y,06,AU sovereign 05Y,AUD,yield_05y,daily,AU,4,RBA F2 capital market yields,calibrate_iydt_xccy.py sources,,,N,,-2,15,0.6,pct,1,PUBLIC,"IYDT_2Y,IYDT_10Y,CURVA,PSI,XCCY,RTF10",NEW_PORT,T+1,replaces TVC:AU05Y
AU10Y,06,AU sovereign 10Y,AUD,yield_10y,daily,AU,4,RBA F2 capital market yields,calibrate_iydt_xccy.py sources,,,N,,-2,15,0.6,pct,1,PUBLIC,"IYDT_2Y,IYDT_10Y,CURVA,PSI,XCCY,RTF10",NEW_PORT,T+1,replaces TVC:AU10Y
CA01Y,06,CA sovereign 01Y,CAD,yield_01y,daily,CA,4,BoC valet API,calibrate_iydt_xccy.py sources,,,N,,-2,15,0.6,pct,1,PUBLIC,"IYDT_2Y,IYDT_10Y,CURVA,PSI,XCCY,RTF10",NEW_PORT,T+1,replaces TVC:CA01Y
CA02Y,06,CA sovereign 02Y,CAD,yield_02y,daily,CA,4,BoC valet API,calibrate_iydt_xccy.py sources,,,N,,-2,15,0.6,pct,1,PUBLIC,"IYDT_2Y,IYDT_10Y,CURVA,PSI,XCCY,RTF10",NEW_PORT,T+1,replaces TVC:CA02Y
CA05Y,06,CA sovereign 05Y,CAD,yield_05y,daily,CA,4,BoC valet API,calibrate_iydt_xccy.py sources,,,N,,-2,15,0.6,pct,1,PUBLIC,"IYDT_2Y,IYDT_10Y,CURVA,PSI,XCCY,RTF10",NEW_PORT,T+1,replaces TVC:CA05Y
CA10Y,06,CA sovereign 10Y,CAD,yield_10y,daily,CA,4,BoC valet API,calibrate_iydt_xccy.py sources,,,N,,-2,15,0.6,pct,1,PUBLIC,"IYDT_2Y,IYDT_10Y,CURVA,PSI,XCCY,RTF10",NEW_PORT,T+1,replaces TVC:CA10Y
NZ01Y,06,NZ sovereign 01Y,NZD,yield_01y,manual,NZ,5,MANUAL (RBNZ blocks datacenter ASN),calibrate_iydt_xccy.py sources,,,Y,7,-2,15,0.6,pct,1,PUBLIC,"IYDT_2Y,IYDT_10Y,CURVA,PSI,XCCY,RTF10",NEW_PORT,,replaces TVC:NZ01Y
NZ02Y,06,NZ sovereign 02Y,NZD,yield_02y,manual,NZ,5,MANUAL (RBNZ blocks datacenter ASN),calibrate_iydt_xccy.py sources,,,Y,7,-2,15,0.6,pct,1,PUBLIC,"IYDT_2Y,IYDT_10Y,CURVA,PSI,XCCY,RTF10",NEW_PORT,,replaces TVC:NZ02Y
NZ05Y,06,NZ sovereign 05Y,NZD,yield_05y,manual,NZ,5,MANUAL (RBNZ blocks datacenter ASN),calibrate_iydt_xccy.py sources,,,Y,7,-2,15,0.6,pct,1,PUBLIC,"IYDT_2Y,IYDT_10Y,CURVA,PSI,XCCY,RTF10",NEW_PORT,,replaces TVC:NZ05Y
NZ10Y,06,NZ sovereign 10Y,NZD,yield_10y,manual,NZ,5,MANUAL (RBNZ blocks datacenter ASN),calibrate_iydt_xccy.py sources,,,Y,7,-2,15,0.6,pct,1,PUBLIC,"IYDT_2Y,IYDT_10Y,CURVA,PSI,XCCY,RTF10",NEW_PORT,,replaces TVC:NZ10Y
CH01Y,06,CH sovereign 01Y,CHF,yield_01y,daily,CH,4,SNB / FRED OECD; CH05Y proxy,calibrate_iydt_xccy.py sources,,,N,,-2,15,0.6,pct,1,PUBLIC,"IYDT_2Y,IYDT_10Y,CURVA,PSI,XCCY,RTF10",NEW_PORT,monthly,replaces TVC:CH01Y
CH02Y,06,CH sovereign 02Y,CHF,yield_02y,daily,CH,4,SNB / FRED OECD; CH05Y proxy,calibrate_iydt_xccy.py sources,,,N,,-2,15,0.6,pct,1,PUBLIC,"IYDT_2Y,IYDT_10Y,CURVA,PSI,XCCY,RTF10",NEW_PORT,monthly,replaces TVC:CH02Y
CH05Y,06,CH sovereign 05Y,CHF,yield_05y,daily,CH,4,SNB / FRED OECD; CH05Y proxy,calibrate_iydt_xccy.py sources,,,N,,-2,15,0.6,pct,1,PUBLIC,"IYDT_2Y,IYDT_10Y,CURVA,PSI,XCCY,RTF10",NEW_PORT,monthly,replaces TVC:CH05Y
CH10Y,06,CH sovereign 10Y,CHF,yield_10y,daily,CH,4,SNB / FRED OECD; CH05Y proxy,calibrate_iydt_xccy.py sources,,,N,,-2,15,0.6,pct,1,PUBLIC,"IYDT_2Y,IYDT_10Y,CURVA,PSI,XCCY,RTF10",NEW_PORT,monthly,replaces TVC:CH10Y
CME_6E,08,"CME 6E front+2nd settle, volume, OI",EUR,fut_settle_oi,daily,CME,3,Databento GLBX.MDP3,contract-by-contract (principle 7),CME settlements page (free T+1),,N,,0,10,0.05,px,1,DATABENTO,"XCCY,FFVA,POS",NEW_PORT,~02:00 UTC,publish DERIVED only
CME_6B,08,"CME 6B front+2nd settle, volume, OI",GBP,fut_settle_oi,daily,CME,3,Databento GLBX.MDP3,contract-by-contract (principle 7),CME settlements page (free T+1),,N,,0,10,0.05,px,1,DATABENTO,"XCCY,FFVA,POS",NEW_PORT,~02:00 UTC,publish DERIVED only
CME_6J,08,"CME 6J front+2nd settle, volume, OI",JPY,fut_settle_oi,daily,CME,3,Databento GLBX.MDP3,contract-by-contract (principle 7),CME settlements page (free T+1),,N,,0,10,0.05,px,1,DATABENTO,"XCCY,FFVA,POS",NEW_PORT,~02:00 UTC,publish DERIVED only
CME_6A,08,"CME 6A front+2nd settle, volume, OI",AUD,fut_settle_oi,daily,CME,3,Databento GLBX.MDP3,contract-by-contract (principle 7),CME settlements page (free T+1),,N,,0,10,0.05,px,1,DATABENTO,"XCCY,FFVA,POS",NEW_PORT,~02:00 UTC,publish DERIVED only
CME_6N,08,"CME 6N front+2nd settle, volume, OI",NZD,fut_settle_oi,daily,CME,3,Databento GLBX.MDP3,contract-by-contract (principle 7),CME settlements page (free T+1),,N,,0,10,0.05,px,1,DATABENTO,"XCCY,FFVA,POS",NEW_PORT,~02:00 UTC,publish DERIVED only
CME_6C,08,"CME 6C front+2nd settle, volume, OI",CAD,fut_settle_oi,daily,CME,3,Databento GLBX.MDP3,contract-by-contract (principle 7),CME settlements page (free T+1),,N,,0,10,0.05,px,1,DATABENTO,"XCCY,FFVA,POS",NEW_PORT,~02:00 UTC,publish DERIVED only
CME_6S,08,"CME 6S front+2nd settle, volume, OI",CHF,fut_settle_oi,daily,CME,3,Databento GLBX.MDP3,contract-by-contract (principle 7),CME settlements page (free T+1),,N,,0,10,0.05,px,1,DATABENTO,"XCCY,FFVA,POS",NEW_PORT,~02:00 UTC,publish DERIVED only
ICE_DX,08,ICE DXY future front,USD,fut_settle_oi,daily,CME,3,Databento IFUS,,ICE settlements,,N,,70,140,0.05,px,1,DATABENTO,"XCCY,FFVA",NEW_PORT,~02:00 UTC,
STIR_SR3,05,SR3 STIR strip (CME),USD,stir_strip,daily,CME,3,CME,Databento or exchange settlements,,,N,,-1,10,0.5,pct,1,DATABENTO,"POL,IYDT_2Y",NEW_PORT,~02:00 UTC,
STIR_ESR,05,ESR STIR strip (CME),EUR,stir_strip,daily,CME,3,CME,Databento or exchange settlements,,,N,,-1,10,0.5,pct,1,DATABENTO,"POL,IYDT_2Y",NEW_PORT,~02:00 UTC,
STIR_ZQ,05,ZQ STIR strip (CBOT),USD,stir_strip,daily,CME,3,CBOT,Databento or exchange settlements,,,N,,-1,10,0.5,pct,1,DATABENTO,"POL,IYDT_2Y",NEW_PORT,~02:00 UTC,
STIR_SO3,05,SO3 STIR strip (IFEU?),GBP,stir_strip,daily,GB,3,IFEU?,Databento or exchange settlements,,,N,,-1,10,0.5,pct,1,DATABENTO,"POL,IYDT_2Y",NEW_PORT,~02:00 UTC,VERIFY IFEU coverage
STIR_TOJ,05,TOJ STIR strip (IFEU?),JPY,stir_strip,daily,JP,3,IFEU?,Databento or exchange settlements,,,N,,-1,10,0.5,pct,1,DATABENTO,"POL,IYDT_2Y",NEW_PORT,~02:00 UTC,VERIFY IFEU coverage
STIR_IB,05,IB STIR strip (ASX free),AUD,stir_strip,daily,AU,3,ASX free,Databento or exchange settlements,,,N,,-1,10,0.5,pct,1,PUBLIC,"POL,IYDT_2Y",NEW_PORT,~02:00 UTC,
STIR_CRA,05,CRA STIR strip (TMX free),CAD,stir_strip,daily,CA,3,TMX free,Databento or exchange settlements,,,N,,-1,10,0.5,pct,1,PUBLIC,"POL,IYDT_2Y",NEW_PORT,~02:00 UTC,
ECB_REF_FX,06,ECB reference rates (7 pairs),GLOBAL,spot,daily,EU,4,ECB,https://www.ecb.europa.eu/stats/eurofxref/eurofxref-hist.csv,CME front as synthetic spot,,N,,0,1000,0.05,px,1,PUBLIC,"XCCY,IYDT_2Y,IYDT_10Y",NEW_PORT,~14:15 UTC,replaces OANDA
EQ_SPX,04,Equity index SPX,GLOBAL,eq_close,daily,US,4,FRED SP500,,,,N,,0,1000000,0.12,px,0.5,PUBLIC,RTF10,NEW_PORT,T+1,
EQ_NKY,04,Equity index NKY,GLOBAL,eq_close,daily,US,4,FRED NIKKEI225,,,,N,,0,1000000,0.12,px,0.5,PUBLIC,RTF10,NEW_PORT,T+1,
EQ_SX5E,04,Equity index SX5E,GLOBAL,eq_close,daily,US,4,Stooq,,,,N,,0,1000000,0.12,px,0.5,PUBLIC,RTF10,NEW_PORT,T+1,
EQ_SSMI,04,Equity index SSMI,GLOBAL,eq_close,daily,US,4,Stooq/SIX,,,,N,,0,1000000,0.12,px,0.5,PUBLIC,RTF10,NEW_PORT,T+1,
EQ_XJO,04,Equity index XJO,GLOBAL,eq_close,daily,US,4,Stooq/ASX,,,,N,,0,1000000,0.12,px,0.5,PUBLIC,RTF10,NEW_PORT,T+1,
EQ_NZ50G,04,Equity index NZ50G,GLOBAL,eq_close,daily,US,4,Stooq/NZX,,,,N,,0,1000000,0.12,px,0.5,PUBLIC,RTF10,NEW_PORT,T+1,
EQ_T00C,04,Equity index T00C,GLOBAL,eq_close,daily,US,4,Stooq/TSX,,,,N,,0,1000000,0.12,px,0.5,PUBLIC,RTF10,NEW_PORT,T+1,
EQ_UK100,04,Equity index UK100,GLOBAL,eq_close,daily,US,4,Stooq,,,,N,,0,1000000,0.12,px,0.5,PUBLIC,RTF10,NEW_PORT,T+1,
CMD_HG,04,Commodity HG front,GLOBAL,cmd_close,daily,CME,3,Databento GLBX HG,,FRED DCOILWTICO/DCOILBRENTEU,,N,,0,100000,0.15,px,0.5,DATABENTO,RTF10,NEW_PORT,~02:00 UTC,
CMD_GC,04,Commodity GC front,GLOBAL,cmd_close,daily,CME,3,Databento GLBX GC,,FRED DCOILWTICO/DCOILBRENTEU,,N,,0,100000,0.15,px,0.5,DATABENTO,RTF10,NEW_PORT,~02:00 UTC,
CMD_CL,04,Commodity CL front,GLOBAL,cmd_close,daily,CME,3,Databento GLBX CL,,FRED DCOILWTICO/DCOILBRENTEU,,N,,0,100000,0.15,px,0.5,DATABENTO,RTF10,NEW_PORT,~02:00 UTC,
CMD_BRN,04,Commodity BRN front,GLOBAL,cmd_close,daily,CME,3,Databento IFEU Brent,,FRED DCOILWTICO/DCOILBRENTEU,,N,,0,100000,0.15,px,0.5,DATABENTO,RTF10,NEW_PORT,~02:00 UTC,
VIX,02,CBOE VIX,GLOBAL,vix,daily,US,3,CBOE,https://cdn.cboe.com/api/global/us_indices/daily_prices/VIX_History.csv,FRED VIXCLS,,N,,5,120,0.6,pts,1,PUBLIC,RISK,NEW_PORT,T+1 ~22:00 UTC,
VIX3M,02,CBOE VIX3M,GLOBAL,vix3m,daily,US,3,CBOE,https://cdn.cboe.com/api/global/us_indices/daily_prices/VIX3M_History.csv,,,N,,5,120,0.5,pts,1,PUBLIC,RISK,NEW_PORT,T+1,
HY_OAS,02,ICE BofA US HY OAS,GLOBAL,hy_oas,daily,US,3,FRED BAMLH0A0HYM2,https://fred.stlouisfed.org/graph/fredgraph.csv?id=BAMLH0A0HYM2,,,N,,1,25,0.3,pct,1,PUBLIC,RISK,NEW_PORT,T+1,
MOVE_SYNTH,02,MOVE substitute: 30d IV of OZN (10Y) options,USD,move_synth,daily,CME,3,own CME options collector (OZN),OPTIONS_SURFACE collector extension,degraded RISK 5 components + renormalisation,,N,,2,40,0.5,pct,1,DATABENTO,RISK,NEW_PORT,~02:00 UTC,MOVE not free; twin-test vs Pine MOVE mandatory
AUDJPY,02,AUDJPY spot,GLOBAL,spot,daily,EU,3,ECB ref cross,,CME 6A/6J synthetic,,N,,50,130,0.05,px,1,PUBLIC,RISK,NEW_PORT,~14:15 UTC,
XAUXAG,02,Gold/Silver ratio,GLOBAL,ratio,daily,CME,3,Databento GC/SI or LBMA,,LBMA,,N,,30,150,0.08,ratio,1,DATABENTO,RISK,NEW_PORT,~02:00 UTC,
RRPONTSYD,03,Fed ON RRP volume,USD,rrp,daily,US,3,FRED,https://fred.stlouisfed.org/graph/fredgraph.csv?id=RRPONTSYD,,,N,,0,3000000,1.0,usd_mn,1,PUBLIC,"XCCY,USD_MMT",EXISTS_REPO,T+0 ~17:15 UTC,already in USD-LCC
SWPT,03,Fed CB liquidity swaps (H.4.1),USD,swpt,weekly,US,8,FRED,https://fred.stlouisfed.org/graph/fredgraph.csv?id=SWPT,,,N,,0,1000000,5.0,usd_mn,1,PUBLIC,"XCCY,USD_MMT",EXISTS_REPO,Thu ~20:30 UTC,
CFTC_TFF,07,CFTC TFF disaggregated (FX + DX),GLOBAL,tff,weekly,US,10,CFTC,https://www.cftc.gov/dea/newcot/FinFutWk.txt,CFTC history zip,https://www.cftc.gov/files/dea/history/,N,,0,10000000,3.0,contracts,1,PUBLIC,POS,EXISTS_REPO,Fri ~19:30 UTC,OI jump >300% outside roll window = REJECT
