session,root,symbol,expiry,settle,settle_flag,oi,volume
2025-05-30,6N,6NM5,2025-06-16,0.597700000,3,60348,24179
2025-05-30,6N,6NU5,2025-09-15,0.599600000,3,3224,130
2025-05-30,6N,6NZ5,2025-12-15,0.601300000,3,24,0
2025-05-30,6N,6NH6,2026-03-16,0.602700000,3,,
2025-05-30,6N,6NM6,2026-06-15,0.603600000,3,,
2025-05-30,6N,6NU6,2026-09-14,0.603750000,3,,
2025-06-02,6N,6NM5,2025-06-16,0.603750000,3,63819,30960
2025-06-02,6N,6NU5,2025-09-15,0.605650000,3,3851,3023
2025-06-02,6N,6NZ5,2025-12-15,0.607400000,3,24,0
2025-06-02,6N,6NH6,2026-03-16,0.608800000,3,,
2025-06-02,6N,6NM6,2026-06-15,0.609750000,3,,
2025-06-02,6N,6NU6,2026-09-14,0.610050000,3,,
2025-06-02,6N,6NZ6,2026-12-14,0.000000000,1,,
2025-06-03,6N,6NM5,2025-06-16,0.600750000,3,63709,32533
2025-06-03,6N,6NU5,2025-09-15,0.602600000,3,4192,2557
2025-06-03,6N,6NZ5,2025-12-15,0.604450000,3,24,0
2025-06-03,6N,6NH6,2026-03-16,0.605900000,3,,
2025-06-03,6N,6NM6,2026-06-15,0.606900000,3,,
2025-06-03,6N,6NU6,2026-09-14,0.607150000,3,,
2025-06-04,6N,6NM5,2025-06-16,0.603400000,3,63286,21554
2025-06-04,6N,6NU5,2025-09-15,0.605250000,3,4231,935
2025-06-04,6N,6NZ5,2025-12-15,0.607000000,3,24,0
2025-06-04,6N,6NH6,2026-03-16,0.608400000,3,,
2025-06-04,6N,6NM6,2026-06-15,0.609350000,3,,
2025-06-04,6N,6NU6,2026-09-14,0.609550000,3,,
2025-06-05,6N,6NM5,2025-06-16,0.604200000,3,64278,0
2025-06-05,6N,6NU5,2025-09-15,0.606050000,3,4586,0
2025-06-05,6N,6NZ5,2025-12-15,0.607850000,3,24,0
2025-06-05,6N,6NH6,2026-03-16,0.609300000,3,,
2025-06-05,6N,6NM6,2026-06-15,0.610350000,3,,
2025-06-05,6N,6NU6,2026-09-14,0.610700000,3,,
2025-06-06,6N,6NM5,2025-06-16,0.602350000,3,61889,30850
2025-06-06,6N,6NU5,2025-09-15,0.604250000,3,5739,4295
2025-06-06,6N,6NZ5,2025-12-15,0.606100000,3,24,0
2025-06-06,6N,6NH6,2026-03-16,0.607700000,3,,
2025-06-06,6N,6NM6,2026-06-15,0.608900000,3,,
2025-06-06,6N,6NU6,2026-09-14,0.609350000,3,,
2025-06-09,6N,6NM5,2025-06-16,0.605650000,3,53007,52948
2025-06-09,6N,6NU5,2025-09-15,0.607550000,3,22214,38185
2025-06-09,6N,6NZ5,2025-12-15,0.609350000,3,24,0
2025-06-09,6N,6NH6,2026-03-16,0.610900000,3,,
2025-06-09,6N,6NM6,2026-06-15,0.612050000,3,,
2025-06-09,6N,6NU6,2026-09-14,0.612450000,3,,
2025-06-10,6N,6NM5,2025-06-16,0.604350000,3,45283,49094
2025-06-10,6N,6NU5,2025-09-15,0.606200000,3,33560,31077
2025-06-10,6N,6NZ5,2025-12-15,0.608050000,3,24,0
2025-06-10,6N,6NH6,2026-03-16,0.609600000,3,,
2025-06-10,6N,6NM6,2026-06-15,0.610700000,3,,
2025-06-10,6N,6NU6,2026-09-14,0.611100000,3,,
2025-06-11,6N,6NM5,2025-06-16,0.603500000,3,38685,40079
2025-06-11,6N,6NU5,2025-09-15,0.605350000,3,34321,35221
2025-06-11,6N,6NZ5,2025-12-15,0.607150000,3,24,0
2025-06-11,6N,6NH6,2026-03-16,0.608600000,3,,
2025-06-11,6N,6NM6,2026-06-15,0.609700000,3,,
2025-06-11,6N,6NU6,2026-09-14,0.610000000,3,,
2025-06-12,6N,6NM5,2025-06-16,0.606450000,3,33335,49588
2025-06-12,6N,6NU5,2025-09-15,0.608300000,3,40827,54047
2025-06-12,6N,6NZ5,2025-12-15,0.609950000,3,24,0
2025-06-12,6N,6NH6,2026-03-16,0.611400000,3,,
2025-06-12,6N,6NM6,2026-06-15,0.612400000,3,,
2025-06-12,6N,6NU6,2026-09-14,0.612700000,3,,
2025-06-13,6N,6NM5,2025-06-16,0.601900000,3,27854,8099
2025-06-13,6N,6NU5,2025-09-15,0.603700000,3,44025,47976
2025-06-13,6N,6NZ5,2025-12-15,0.605450000,3,24,0
2025-06-13,6N,6NH6,2026-03-16,0.607000000,3,,
2025-06-13,6N,6NM6,2026-06-15,0.608150000,3,,
2025-06-13,6N,6NU6,2026-09-14,0.608450000,3,,
2025-06-16,6N,6NM5,2025-06-16,0.608500000,2,27811,116
2025-06-16,6N,6NU5,2025-09-15,0.608900000,3,46505,29390
2025-06-16,6N,6NZ5,2025-12-15,0.610700000,3,24,0
2025-06-16,6N,6NH6,2026-03-16,0.612200000,3,,
2025-06-16,6N,6NM6,2026-06-15,0.613350000,3,,
2025-06-16,6N,6NU6,2026-09-14,0.613600000,3,,
2025-06-16,6N,6NZ6,2026-12-14,0.613850000,3,,
2025-06-17,6N,6NM5,2025-06-16,,,27811,0
2025-06-17,6N,6NU5,2025-09-15,0.603200000,2,47809,31754
2025-06-17,6N,6NZ5,2025-12-15,0.605000000,2,24,0
2025-06-17,6N,6NH6,2026-03-16,0.606500000,2,,
2025-06-17,6N,6NM6,2026-06-15,0.607650000,2,,
2025-06-17,6N,6NU6,2026-09-14,0.607900000,2,,
2025-06-17,6N,6NZ6,2026-12-14,0.608050000,2,,
2025-06-18,6N,6NM5,2025-06-16,,,0,0
2025-06-18,6N,6NU5,2025-09-15,0.604100000,3,46922,26587
2025-06-18,6N,6NZ5,2025-12-15,0.605850000,3,24,0
2025-06-18,6N,6NH6,2026-03-16,0.607400000,3,,
2025-06-18,6N,6NM6,2026-06-15,0.608450000,3,,
2025-06-18,6N,6NU6,2026-09-14,0.608650000,3,,
2025-06-18,6N,6NZ6,2026-12-14,0.608750000,3,,
2025-06-19,6N,6NM5,2025-06-16,,,0,0
2025-06-19,6N,6NU5,2025-09-15,,,46922,0
2025-06-19,6N,6NZ5,2025-12-15,,,24,0
2025-06-20,6N,6NU5,2025-09-15,0.598700000,2,47405,45409
2025-06-20,6N,6NZ5,2025-12-15,0.600400000,2,16,14
2025-06-20,6N,6NH6,2026-03-16,0.601800000,2,,
2025-06-20,6N,6NM6,2026-06-15,0.602850000,2,,
2025-06-20,6N,6NU6,2026-09-14,0.603100000,2,,
2025-06-20,6N,6NZ6,2026-12-14,0.603250000,2,,
2025-06-23,6N,6NU5,2025-09-15,0.599100000,3,44111,43227
2025-06-23,6N,6NZ5,2025-12-15,0.600750000,3,16,0
2025-06-23,6N,6NH6,2026-03-16,0.602100000,3,,
2025-06-23,6N,6NM6,2026-06-15,0.603050000,3,,
2025-06-23,6N,6NU6,2026-09-14,0.603150000,3,,
2025-06-23,6N,6NZ6,2026-12-14,0.603200000,3,,
2025-06-24,6N,6NU5,2025-09-15,0.603550000,3,44201,38920
2025-06-24,6N,6NZ5,2025-12-15,0.605200000,3,16,0
2025-06-24,6N,6NH6,2026-03-16,0.606600000,3,,
2025-06-24,6N,6NM6,2026-06-15,0.607550000,3,,
2025-06-24,6N,6NU6,2026-09-14,0.607750000,3,,
2025-06-24,6N,6NZ6,2026-12-14,0.607800000,3,,
2025-06-25,6N,6NU5,2025-09-15,0.605400000,3,43687,18169
2025-06-25,6N,6NZ5,2025-12-15,0.607050000,3,16,0
2025-06-25,6N,6NH6,2026-03-16,0.608400000,3,,
2025-06-25,6N,6NM6,2026-06-15,0.609450000,3,,
2025-06-25,6N,6NU6,2026-09-14,0.609750000,3,,
2025-06-25,6N,6NZ6,2026-12-14,0.609950000,3,,
2025-06-26,6N,6NU5,2025-09-15,0.608800000,3,43700,28492
2025-06-26,6N,6NZ5,2025-12-15,0.610400000,3,16,0
2025-06-26,6N,6NH6,2026-03-16,0.611700000,3,,
2025-06-26,6N,6NM6,2026-06-15,0.612650000,3,,
2025-06-26,6N,6NU6,2026-09-14,0.612800000,3,,
2025-06-26,6N,6NZ6,2026-12-14,0.612850000,3,,
2025-06-27,6N,6NU5,2025-09-15,0.606150000,3,42769,22726
2025-06-27,6N,6NZ5,2025-12-15,0.607750000,3,16,0
2025-06-27,6N,6NH6,2026-03-16,0.609050000,3,,
2025-06-27,6N,6NM6,2026-06-15,0.609950000,3,,
2025-06-27,6N,6NU6,2026-09-14,0.610150000,3,,
2025-06-27,6N,6NZ6,2026-12-14,0.610200000,3,,
2025-06-30,6N,6NU5,2025-09-15,0.611050000,3,43179,29307
2025-06-30,6N,6NZ5,2025-12-15,0.612650000,3,16,4
2025-06-30,6N,6NH6,2026-03-16,0.613950000,3,,
2025-06-30,6N,6NM6,2026-06-15,0.614850000,3,,
2025-06-30,6N,6NU6,2026-09-14,0.615000000,3,,
2025-06-30,6N,6NZ6,2026-12-14,0.615050000,3,,
2025-07-01,6N,6NU5,2025-09-15,0.610550000,3,42272,23612
2025-07-01,6N,6NZ5,2025-12-15,0.612200000,3,31,30
2025-07-01,6N,6NH6,2026-03-16,0.613550000,3,,
2025-07-01,6N,6NM6,2026-06-15,0.614550000,3,,
2025-07-01,6N,6NU6,2026-09-14,0.614850000,3,,
2025-07-01,6N,6NZ6,2026-12-14,0.615000000,3,,
2025-07-02,6N,6NU5,2025-09-15,0.610250000,3,42993,32438
2025-07-02,6N,6NZ5,2025-12-15,0.611850000,3,31,0
2025-07-02,6N,6NH6,2026-03-16,0.613150000,3,,
2025-07-02,6N,6NM6,2026-06-15,0.614150000,3,,
2025-07-02,6N,6NU6,2026-09-14,0.614450000,3,,
2025-07-02,6N,6NZ6,2026-12-14,0.614600000,3,,
2025-07-03,6N,6NU5,2025-09-15,0.608100000,3,43710,30072
2025-07-03,6N,6NZ5,2025-12-15,0.609850000,3,31,0
2025-07-03,6N,6NH6,2026-03-16,0.611400000,3,,
2025-07-03,6N,6NM6,2026-06-15,0.612550000,3,,
2025-07-03,6N,6NU6,2026-09-14,0.613000000,3,,
2025-07-03,6N,6NZ6,2026-12-14,0.613250000,3,,
2025-07-04,6N,6NU5,2025-09-15,,,43710,0
2025-07-04,6N,6NZ5,2025-12-15,,,31,0
2025-07-07,6N,6NU5,2025-09-15,0.601700000,3,43004,35610
2025-07-07,6N,6NZ5,2025-12-15,0.603450000,3,30,6
2025-07-07,6N,6NH6,2026-03-16,0.604950000,3,,
2025-07-07,6N,6NM6,2026-06-15,0.606100000,3,,
2025-07-07,6N,6NU6,2026-09-14,0.606550000,3,,
2025-07-07,6N,6NZ6,2026-12-14,0.606800000,3,,
2025-07-08,6N,6NU5,2025-09-15,0.601400000,3,43007,27754
2025-07-08,6N,6NZ5,2025-12-15,0.603150000,3,30,5
2025-07-08,6N,6NH6,2026-03-16,0.604650000,3,,
2025-07-08,6N,6NM6,2026-06-15,0.605850000,3,,
2025-07-08,6N,6NU6,2026-09-14,0.606300000,3,,
2025-07-08,6N,6NZ6,2026-12-14,0.606450000,3,,
2025-07-09,6N,6NU5,2025-09-15,0.601250000,3,42731,23750
2025-07-09,6N,6NZ5,2025-12-15,0.603000000,3,30,3
2025-07-09,6N,6NH6,2026-03-16,0.604500000,3,1,1
2025-07-09,6N,6NM6,2026-06-15,0.605600000,3,,
2025-07-09,6N,6NU6,2026-09-14,0.606050000,3,,
2025-07-09,6N,6NZ6,2026-12-14,0.606250000,3,,
2025-07-10,6N,6NU5,2025-09-15,0.604200000,3,42956,20433
2025-07-10,6N,6NZ5,2025-12-15,0.606000000,3,31,3
2025-07-10,6N,6NH6,2026-03-16,0.607500000,3,1,0
2025-07-10,6N,6NM6,2026-06-15,0.608700000,3,,
2025-07-10,6N,6NU6,2026-09-14,0.609200000,3,,
2025-07-10,6N,6NZ6,2026-12-14,0.609450000,3,,
2025-07-11,6N,6NU5,2025-09-15,0.602200000,3,42724,25235
2025-07-11,6N,6NZ5,2025-12-15,0.604000000,3,30,6
2025-07-11,6N,6NH6,2026-03-16,0.605500000,3,1,0
2025-07-11,6N,6NM6,2026-06-15,0.606750000,3,,
2025-07-11,6N,6NU6,2026-09-14,0.607300000,3,,
2025-07-11,6N,6NZ6,2026-12-14,0.607600000,3,,
2025-07-14,6N,6NU5,2025-09-15,0.598900000,3,42025,24850
2025-07-14,6N,6NZ5,2025-12-15,0.600700000,3,32,3
2025-07-14,6N,6NH6,2026-03-16,0.602250000,3,1,0
2025-07-14,6N,6NM6,2026-06-15,0.603450000,3,,
2025-07-14,6N,6NU6,2026-09-14,0.604050000,3,,
2025-07-14,6N,6NZ6,2026-12-14,0.604350000,3,,
2025-07-15,6N,6NU5,2025-09-15,0.595950000,3,41925,27280
2025-07-15,6N,6NZ5,2025-12-15,0.597750000,3,33,2
2025-07-15,6N,6NH6,2026-03-16,0.599400000,3,1,0
2025-07-15,6N,6NM6,2026-06-15,0.600650000,3,,
2025-07-15,6N,6NU6,2026-09-14,0.601350000,3,,
2025-07-15,6N,6NZ6,2026-12-14,0.601750000,3,,
2025-07-16,6N,6NU5,2025-09-15,0.595100000,3,42210,45889
2025-07-16,6N,6NZ5,2025-12-15,0.596850000,3,39,31
2025-07-16,6N,6NH6,2026-03-16,0.598350000,3,1,0
2025-07-16,6N,6NM6,2026-06-15,0.599550000,3,,
2025-07-16,6N,6NU6,2026-09-14,0.600200000,3,,
2025-07-16,6N,6NZ6,2026-12-14,0.600550000,3,,
2025-07-17,6N,6NU5,2025-09-15,0.593650000,3,43686,28422
2025-07-17,6N,6NZ5,2025-12-15,0.595450000,3,39,9
2025-07-17,6N,6NH6,2026-03-16,0.597000000,3,1,0
2025-07-17,6N,6NM6,2026-06-15,0.598250000,3,,
2025-07-17,6N,6NU6,2026-09-14,0.598900000,3,,
2025-07-17,6N,6NZ6,2026-12-14,0.599200000,3,,
2025-07-18,6N,6NU5,2025-09-15,0.597300000,3,43556,27225
2025-07-18,6N,6NZ5,2025-12-15,0.599050000,3,45,11
2025-07-18,6N,6NH6,2026-03-16,0.600500000,3,1,0
2025-07-18,6N,6NM6,2026-06-15,0.601650000,3,,
2025-07-18,6N,6NU6,2026-09-14,0.602150000,3,,
2025-07-18,6N,6NZ6,2026-12-14,0.602350000,3,,
2025-07-21,6N,6NU5,2025-09-15,0.598600000,3,44811,22137
2025-07-21,6N,6NZ5,2025-12-15,0.600400000,3,44,17
2025-07-21,6N,6NH6,2026-03-16,0.602000000,3,1,0
2025-07-21,6N,6NM6,2026-06-15,0.603250000,3,,
2025-07-21,6N,6NU6,2026-09-14,0.603900000,3,,
2025-07-21,6N,6NZ6,2026-12-14,0.604150000,3,,
2025-07-22,6N,6NU5,2025-09-15,0.601100000,3,44059,24772
2025-07-22,6N,6NZ5,2025-12-15,0.602950000,3,40,14
2025-07-22,6N,6NH6,2026-03-16,0.604500000,3,1,0
2025-07-22,6N,6NM6,2026-06-15,0.605800000,3,,
2025-07-22,6N,6NU6,2026-09-14,0.606350000,3,,
2025-07-22,6N,6NZ6,2026-12-14,0.606550000,3,,
2025-07-23,6N,6NU5,2025-09-15,0.605400000,3,44217,26305
2025-07-23,6N,6NZ5,2025-12-15,0.607250000,3,40,1
2025-07-23,6N,6NH6,2026-03-16,0.608850000,3,0,1
2025-07-23,6N,6NM6,2026-06-15,0.610200000,3,,
2025-07-23,6N,6NU6,2026-09-14,0.610850000,3,,
2025-07-23,6N,6NZ6,2026-12-14,0.611100000,3,,
2025-07-24,6N,6NU5,2025-09-15,0.605250000,3,46092,22813
2025-07-24,6N,6NZ5,2025-12-15,0.607100000,3,40,0
2025-07-24,6N,6NH6,2026-03-16,0.608750000,3,,
2025-07-24,6N,6NM6,2026-06-15,0.610150000,3,,
2025-07-24,6N,6NU6,2026-09-14,0.610950000,3,,
2025-07-24,6N,6NZ6,2026-12-14,0.611250000,3,,
2025-07-25,6N,6NU5,2025-09-15,0.602500000,3,46449,26115
2025-07-25,6N,6NZ5,2025-12-15,0.604350000,3,40,0
2025-07-25,6N,6NH6,2026-03-16,0.605950000,3,,
2025-07-25,6N,6NM6,2026-06-15,0.607350000,3,,
2025-07-25,6N,6NU6,2026-09-14,0.608050000,3,,
2025-07-25,6N,6NZ6,2026-12-14,0.608300000,3,,
2025-07-28,6N,6NU5,2025-09-15,0.597950000,3,46172,21655
2025-07-28,6N,6NZ5,2025-12-15,0.599800000,3,39,2
2025-07-28,6N,6NH6,2026-03-16,0.601400000,3,,
2025-07-28,6N,6NM6,2026-06-15,0.602750000,3,,
2025-07-28,6N,6NU6,2026-09-14,0.603500000,3,,
2025-07-28,6N,6NZ6,2026-12-14,0.603800000,3,,
2025-07-29,6N,6NU5,2025-09-15,0.596700000,3,46546,21274
2025-07-29,6N,6NZ5,2025-12-15,0.598500000,3,41,6
2025-07-29,6N,6NH6,2026-03-16,0.600100000,3,,
2025-07-29,6N,6NM6,2026-06-15,0.601400000,3,,
2025-07-29,6N,6NU6,2026-09-14,0.602100000,3,,
2025-07-29,6N,6NZ6,2026-12-14,0.602350000,3,,
2025-07-30,6N,6NU5,2025-09-15,0.590250000,3,48783,35716
2025-07-30,6N,6NZ5,2025-12-15,0.592050000,3,76,52
2025-07-30,6N,6NH6,2026-03-16,0.593650000,3,1,1
2025-07-30,6N,6NM6,2026-06-15,0.595000000,3,,
2025-07-30,6N,6NU6,2026-09-14,0.595750000,3,,
2025-07-30,6N,6NZ6,2026-12-14,0.596050000,3,,
2025-07-31,6N,6NU5,2025-09-15,0.590300000,3,47969,28701
2025-07-31,6N,6NZ5,2025-12-15,0.592200000,3,129,54
2025-07-31,6N,6NH6,2026-03-16,0.593950000,3,0,1
2025-07-31,6N,6NM6,2026-06-15,0.595450000,3,,
2025-07-31,6N,6NU6,2026-09-14,0.596300000,3,,
2025-07-31,6N,6NZ6,2026-12-14,0.596600000,3,,
2025-08-01,6N,6NU5,2025-09-15,0.590200000,2,48999,56117
2025-08-01,6N,6NZ5,2025-12-15,0.591900000,2,132,6
2025-08-01,6N,6NH6,2026-03-16,0.593300000,2,1,1
2025-08-01,6N,6NM6,2026-06-15,0.594400000,2,,
2025-08-01,6N,6NU6,2026-09-14,0.594950000,2,,
2025-08-01,6N,6NZ6,2026-12-14,0.595100000,3,,
2025-08-04,6N,6NU5,2025-09-15,0.590800000,3,49072,25726
2025-08-04,6N,6NZ5,2025-12-15,0.592500000,3,134,3
2025-08-04,6N,6NH6,2026-03-16,0.593950000,3,1,0
2025-08-04,6N,6NM6,2026-06-15,0.595050000,3,,
2025-08-04,6N,6NU6,2026-09-14,0.595600000,3,,
2025-08-04,6N,6NZ6,2026-12-14,0.595750000,3,,
2025-08-05,6N,6NU5,2025-09-15,0.590200000,3,47955,23789
2025-08-05,6N,6NZ5,2025-12-15,0.591950000,3,134,0
2025-08-05,6N,6NH6,2026-03-16,0.593450000,3,1,0
2025-08-05,6N,6NM6,2026-06-15,0.594650000,3,,
2025-08-05,6N,6NU6,2026-09-14,0.595350000,3,,
2025-08-05,6N,6NZ6,2026-12-14,0.595550000,3,,
2025-08-06,6N,6NU5,2025-09-15,0.594500000,3,48135,21790
2025-08-06,6N,6NZ5,2025-12-15,0.596200000,3,136,6
2025-08-06,6N,6NH6,2026-03-16,0.597650000,3,1,0
2025-08-06,6N,6NM6,2026-06-15,0.598800000,3,,
2025-08-06,6N,6NU6,2026-09-14,0.599450000,3,,
2025-08-06,6N,6NZ6,2026-12-14,0.599650000,3,,
2025-08-07,6N,6NU5,2025-09-15,0.594950000,3,47406,24939
2025-08-07,6N,6NZ5,2025-12-15,0.596650000,3,137,24
2025-08-07,6N,6NH6,2026-03-16,0.598100000,3,1,1
2025-08-07,6N,6NM6,2026-06-15,0.599300000,3,,
2025-08-07,6N,6NU6,2026-09-14,0.600050000,3,,
2025-08-07,6N,6NZ6,2026-12-14,0.600300000,3,,
2025-08-08,6N,6NU5,2025-09-15,0.596350000,3,46921,18676
2025-08-08,6N,6NZ5,2025-12-15,0.598100000,3,137,5
2025-08-08,6N,6NH6,2026-03-16,0.599550000,3,1,0
2025-08-08,6N,6NM6,2026-06-15,0.600750000,3,,
2025-08-08,6N,6NU6,2026-09-14,0.601550000,3,,
2025-08-08,6N,6NZ6,2026-12-14,0.601850000,3,,
2025-08-11,6N,6NU5,2025-09-15,0.594550000,3,48172,16362
2025-08-11,6N,6NZ5,2025-12-15,0.596300000,3,136,3
2025-08-11,6N,6NH6,2026-03-16,0.597750000,3,1,1
2025-08-11,6N,6NM6,2026-06-15,0.599000000,3,,
2025-08-11,6N,6NU6,2026-09-14,0.599800000,3,,
2025-08-11,6N,6NZ6,2026-12-14,0.600100000,3,,
2025-08-12,6N,6NU5,2025-09-15,0.596150000,3,48099,28414
2025-08-12,6N,6NZ5,2025-12-15,0.597850000,3,140,15
2025-08-12,6N,6NH6,2026-03-16,0.599250000,3,1,1
2025-08-12,6N,6NM6,2026-06-15,0.600450000,3,,
2025-08-12,6N,6NU6,2026-09-14,0.601200000,3,,
2025-08-12,6N,6NZ6,2026-12-14,0.601500000,3,,
2025-08-13,6N,6NU5,2025-09-15,0.597950000,3,46191,22882
2025-08-13,6N,6NZ5,2025-12-15,0.599650000,3,145,11
2025-08-13,6N,6NH6,2026-03-16,0.601000000,3,1,0
2025-08-13,6N,6NM6,2026-06-15,0.602150000,3,,
2025-08-13,6N,6NU6,2026-09-14,0.602900000,3,,
2025-08-13,6N,6NZ6,2026-12-14,0.603200000,3,,
2025-08-14,6N,6NU5,2025-09-15,0.592100000,3,46620,31027
2025-08-14,6N,6NZ5,2025-12-15,0.593850000,3,146,9
2025-08-14,6N,6NH6,2026-03-16,0.595350000,3,1,0
2025-08-14,6N,6NM6,2026-06-15,0.596600000,3,,
2025-08-14,6N,6NU6,2026-09-14,0.597450000,3,,
2025-08-14,6N,6NZ6,2026-12-14,0.597750000,3,,
2025-08-15,6N,6NU5,2025-09-15,0.593000000,3,45720,21117
2025-08-15,6N,6NZ5,2025-12-15,0.594700000,3,144,18
2025-08-15,6N,6NH6,2026-03-16,0.596250000,3,1,0
2025-08-15,6N,6NM6,2026-06-15,0.597500000,3,,
2025-08-15,6N,6NU6,2026-09-14,0.598300000,3,,
2025-08-15,6N,6NZ6,2026-12-14,0.598550000,3,,
2025-08-18,6N,6NU5,2025-09-15,0.592650000,3,45892,19456
2025-08-18,6N,6NZ5,2025-12-15,0.594400000,3,150,16
2025-08-18,6N,6NH6,2026-03-16,0.595900000,3,1,0
2025-08-18,6N,6NM6,2026-06-15,0.597150000,3,,
2025-08-18,6N,6NU6,2026-09-14,0.597900000,3,,
2025-08-18,6N,6NZ6,2026-12-14,0.598200000,3,,
2025-08-19,6N,6NU5,2025-09-15,0.589950000,3,47339,21708
2025-08-19,6N,6NZ5,2025-12-15,0.591650000,3,155,16
2025-08-19,6N,6NH6,2026-03-16,0.593050000,3,1,0
2025-08-19,6N,6NM6,2026-06-15,0.594200000,3,,
2025-08-19,6N,6NU6,2026-09-14,0.594850000,3,,
2025-08-19,6N,6NZ6,2026-12-14,0.595000000,3,,
2025-08-20,6N,6NU5,2025-09-15,0.583100000,3,50693,51069
2025-08-20,6N,6NZ5,2025-12-15,0.584950000,3,166,50
2025-08-20,6N,6NH6,2026-03-16,0.586650000,3,3,3
2025-08-20,6N,6NM6,2026-06-15,0.588150000,3,,
2025-08-20,6N,6NU6,2026-09-14,0.589100000,3,,
2025-08-20,6N,6NZ6,2026-12-14,0.589450000,3,,
2025-08-21,6N,6NU5,2025-09-15,0.582350000,3,53255,29811
2025-08-21,6N,6NZ5,2025-12-15,0.584250000,3,172,23
2025-08-21,6N,6NH6,2026-03-16,0.586100000,3,3,0
2025-08-21,6N,6NM6,2026-06-15,0.587700000,3,,
2025-08-21,6N,6NU6,2026-09-14,0.588800000,3,,
2025-08-21,6N,6NZ6,2026-12-14,0.589250000,3,,
2025-08-22,6N,6NU5,2025-09-15,0.587150000,3,54263,36259
2025-08-22,6N,6NZ5,2025-12-15,0.589000000,3,180,57
2025-08-22,6N,6NH6,2026-03-16,0.590750000,3,3,0
2025-08-22,6N,6NM6,2026-06-15,0.592150000,3,,
2025-08-22,6N,6NU6,2026-09-14,0.593150000,3,,
2025-08-22,6N,6NZ6,2026-12-14,0.593550000,3,,
2025-08-25,6N,6NU5,2025-09-15,0.585450000,3,52135,24955
2025-08-25,6N,6NZ5,2025-12-15,0.587350000,3,207,49
2025-08-25,6N,6NH6,2026-03-16,0.589100000,3,2,2
2025-08-25,6N,6NM6,2026-06-15,0.590600000,3,,
2025-08-25,6N,6NU6,2026-09-14,0.591650000,3,,
2025-08-25,6N,6NZ6,2026-12-14,0.592000000,3,,
2025-08-26,6N,6NU5,2025-09-15,0.586400000,3,52865,24139
2025-08-26,6N,6NZ5,2025-12-15,0.588300000,3,225,68
2025-08-26,6N,6NH6,2026-03-16,0.590050000,3,4,3
2025-08-26,6N,6NM6,2026-06-15,0.591500000,3,,
2025-08-26,6N,6NU6,2026-09-14,0.592550000,3,,
2025-08-26,6N,6NZ6,2026-12-14,0.592900000,3,,
2025-08-27,6N,6NU5,2025-09-15,0.586500000,3,54270,25194
2025-08-27,6N,6NZ5,2025-12-15,0.588400000,3,294,119
2025-08-27,6N,6NH6,2026-03-16,0.590150000,3,7,3
2025-08-27,6N,6NM6,2026-06-15,0.591550000,3,,
2025-08-27,6N,6NU6,2026-09-14,0.592500000,3,,
2025-08-27,6N,6NZ6,2026-12-14,0.592800000,3,,
2025-08-28,6N,6NU5,2025-09-15,0.589100000,3,53916,19168
2025-08-28,6N,6NZ5,2025-12-15,0.591000000,3,301,30
2025-08-28,6N,6NH6,2026-03-16,0.592800000,3,6,1
2025-08-28,6N,6NM6,2026-06-15,0.594300000,3,,
2025-08-28,6N,6NU6,2026-09-14,0.595350000,3,,
2025-08-28,6N,6NZ6,2026-12-14,0.595700000,3,,
2025-08-29,6N,6NU5,2025-09-15,0.590450000,3,53295,21842
2025-08-29,6N,6NZ5,2025-12-15,0.592350000,3,410,138
2025-08-29,6N,6NH6,2026-03-16,0.594100000,3,6,0
2025-08-29,6N,6NM6,2026-06-15,0.595550000,3,,
2025-08-29,6N,6NU6,2026-09-14,0.596600000,3,,
2025-08-29,6N,6NZ6,2026-12-14,0.596900000,3,,
2025-09-01,6N,6NU5,2025-09-15,,,53269,0
2025-09-01,6N,6NZ5,2025-12-15,,,410,0
2025-09-01,6N,6NH6,2026-03-16,,,6,0
2025-09-02,6N,6NU5,2025-09-15,0.586150000,3,54163,42474
2025-09-02,6N,6NZ5,2025-12-15,0.588050000,3,866,669
2025-09-02,6N,6NH6,2026-03-16,0.589800000,3,6,2
2025-09-02,6N,6NM6,2026-06-15,0.591300000,3,,
2025-09-02,6N,6NU6,2026-09-14,0.592350000,3,,
2025-09-02,6N,6NZ6,2026-12-14,0.592650000,3,,
2025-09-02,6N,6NH7,2027-03-15,0.000000000,1,,
2025-09-03,6N,6NU5,2025-09-15,0.587800000,3,55267,27457
2025-09-03,6N,6NZ5,2025-12-15,0.589700000,3,3247,5225
2025-09-03,6N,6NH6,2026-03-16,0.591450000,3,6,0
2025-09-03,6N,6NM6,2026-06-15,0.592800000,3,,
2025-09-03,6N,6NU6,2026-09-14,0.593800000,3,,
2025-09-03,6N,6NZ6,2026-12-14,0.594000000,3,,
2025-09-04,6N,6NU5,2025-09-15,0.584100000,3,55538,20785
2025-09-04,6N,6NZ5,2025-12-15,0.586000000,3,3698,1513
2025-09-04,6N,6NH6,2026-03-16,0.587750000,3,10,6
2025-09-04,6N,6NM6,2026-06-15,0.589150000,3,,
2025-09-04,6N,6NU6,2026-09-14,0.590100000,3,,
2025-09-04,6N,6NZ6,2026-12-14,0.590200000,3,,
2025-09-05,6N,6NU5,2025-09-15,0.589100000,3,52849,41574
2025-09-05,6N,6NZ5,2025-12-15,0.590900000,3,12189,15726
2025-09-05,6N,6NH6,2026-03-16,0.592450000,3,8,4
2025-09-05,6N,6NM6,2026-06-15,0.593700000,3,,
2025-09-05,6N,6NU6,2026-09-14,0.594500000,3,,
2025-09-05,6N,6NZ6,2026-12-14,0.594600000,3,,
2025-09-08,6N,6NU5,2025-09-15,0.594250000,3,51488,46526
2025-09-08,6N,6NZ5,2025-12-15,0.596100000,3,16795,27075
2025-09-08,6N,6NH6,2026-03-16,0.597650000,3,12,6
2025-09-08,6N,6NM6,2026-06-15,0.598900000,3,,
2025-09-08,6N,6NU6,2026-09-14,0.599750000,3,,
2025-09-08,6N,6NZ6,2026-12-14,0.599900000,3,,
2025-09-09,6N,6NU5,2025-09-15,0.592650000,3,43923,53661
2025-09-09,6N,6NZ5,2025-12-15,0.594500000,3,27668,33451
2025-09-09,6N,6NH6,2026-03-16,0.596100000,3,11,1
2025-09-09,6N,6NM6,2026-06-15,0.597400000,3,,
2025-09-09,6N,6NU6,2026-09-14,0.598300000,3,,
2025-09-09,6N,6NZ6,2026-12-14,0.598450000,3,,
2025-09-10,6N,6NU5,2025-09-15,0.594800000,3,27376,47534
2025-09-10,6N,6NZ5,2025-12-15,0.596650000,3,35922,50956
2025-09-10,6N,6NH6,2026-03-16,0.598250000,3,8,3
2025-09-10,6N,6NM6,2026-06-15,0.599550000,3,,
2025-09-10,6N,6NU6,2026-09-14,0.600450000,3,,
2025-09-10,6N,6NZ6,2026-12-14,0.600550000,3,,
2025-09-11,6N,6NU5,2025-09-15,0.597450000,3,19510,34812
2025-09-11,6N,6NZ5,2025-12-15,0.599250000,3,44616,39342
2025-09-11,6N,6NH6,2026-03-16,0.600800000,3,8,0
2025-09-11,6N,6NM6,2026-06-15,0.602100000,3,,
2025-09-11,6N,6NU6,2026-09-14,0.603000000,3,,
2025-09-11,6N,6NZ6,2026-12-14,0.603200000,3,,
2025-09-12,6N,6NU5,2025-09-15,0.596150000,3,17690,13157
2025-09-12,6N,6NZ5,2025-12-15,0.597950000,3,48584,31510
2025-09-12,6N,6NH6,2026-03-16,0.599550000,3,8,1
2025-09-12,6N,6NM6,2026-06-15,0.600900000,3,,
2025-09-12,6N,6NU6,2026-09-14,0.601800000,3,,
2025-09-12,6N,6NZ6,2026-12-14,0.602050000,3,,
2025-09-15,6N,6NU5,2025-09-15,0.596050000,2,17663,167
2025-09-15,6N,6NZ5,2025-12-15,0.599000000,3,49265,17306
2025-09-15,6N,6NH6,2026-03-16,0.600600000,3,8,0
2025-09-15,6N,6NM6,2026-06-15,0.601950000,3,,
2025-09-15,6N,6NU6,2026-09-14,0.602850000,3,,
2025-09-15,6N,6NZ6,2026-12-14,0.603100000,3,,
2025-09-15,6N,6NH7,2027-03-15,0.603350000,3,,
2025-09-16,6N,6NU5,2025-09-15,,,17663,0
2025-09-16,6N,6NZ5,2025-12-15,0.600700000,3,49133,25029
2025-09-16,6N,6NH6,2026-03-16,0.602350000,3,13,5
2025-09-16,6N,6NM6,2026-06-15,0.603700000,3,,
2025-09-16,6N,6NU6,2026-09-14,0.604600000,3,,
2025-09-16,6N,6NZ6,2026-12-14,0.604900000,3,,
2025-09-16,6N,6NH7,2027-03-15,0.605150000,3,,
2025-09-17,6N,6NU5,2025-09-15,,,0,0
2025-09-17,6N,6NZ5,2025-12-15,0.597850000,3,52306,37947
2025-09-17,6N,6NH6,2026-03-16,0.599500000,3,13,0
2025-09-17,6N,6NM6,2026-06-15,0.600900000,3,,
2025-09-17,6N,6NU6,2026-09-14,0.601850000,3,,
2025-09-17,6N,6NZ6,2026-12-14,0.602250000,3,,
2025-09-17,6N,6NH7,2027-03-15,0.602600000,3,,
2025-09-18,6N,6NU5,2025-09-15,,,0,0
2025-09-18,6N,6NZ5,2025-12-15,0.590150000,3,53191,52706
2025-09-18,6N,6NH6,2026-03-16,0.592000000,3,13,0
2025-09-18,6N,6NM6,2026-06-15,0.593650000,3,2,2
2025-09-18,6N,6NU6,2026-09-14,0.594900000,3,,
2025-09-18,6N,6NZ6,2026-12-14,0.595450000,3,,
2025-09-18,6N,6NH7,2027-03-15,0.595950000,3,,
2025-09-19,6N,6NZ5,2025-12-15,0.587550000,3,54732,23165
2025-09-19,6N,6NH6,2026-03-16,0.589450000,3,16,3
2025-09-19,6N,6NM6,2026-06-15,0.591050000,3,6,4
2025-09-19,6N,6NU6,2026-09-14,0.592450000,3,,
2025-09-19,6N,6NZ6,2026-12-14,0.593100000,3,,
2025-09-19,6N,6NH7,2027-03-15,0.593700000,3,,
2025-09-22,6N,6NZ5,2025-12-15,0.588800000,3,56089,19898
2025-09-22,6N,6NH6,2026-03-16,0.590700000,3,17,60
2025-09-22,6N,6NM6,2026-06-15,0.592350000,3,6,0
2025-09-22,6N,6NU6,2026-09-14,0.593700000,3,,
2025-09-22,6N,6NZ6,2026-12-14,0.594350000,3,,
2025-09-22,6N,6NH7,2027-03-15,0.595000000,3,,
2025-09-23,6N,6NZ5,2025-12-15,0.587250000,3,56323,19800
2025-09-23,6N,6NH6,2026-03-16,0.589100000,3,17,1
2025-09-23,6N,6NM6,2026-06-15,0.590800000,3,6,0
2025-09-23,6N,6NU6,2026-09-14,0.592150000,3,,
2025-09-23,6N,6NZ6,2026-12-14,0.592850000,3,,
2025-09-23,6N,6NH7,2027-03-15,0.593500000,3,,
2025-09-24,6N,6NZ5,2025-12-15,0.582750000,3,57194,32315
2025-09-24,6N,6NH6,2026-03-16,0.584650000,3,18,3
2025-09-24,6N,6NM6,2026-06-15,0.586350000,3,7,1
2025-09-24,6N,6NU6,2026-09-14,0.587750000,3,,
2025-09-24,6N,6NZ6,2026-12-14,0.588500000,3,,
2025-09-24,6N,6NH7,2027-03-15,0.589150000,3,,
2025-09-25,6N,6NZ5,2025-12-15,0.578050000,3,59624,34637
2025-09-25,6N,6NH6,2026-03-16,0.580000000,3,48,40
2025-09-25,6N,6NM6,2026-06-15,0.581750000,3,8,1
2025-09-25,6N,6NU6,2026-09-14,0.583250000,3,,
2025-09-25,6N,6NZ6,2026-12-14,0.584150000,3,,
2025-09-25,6N,6NH7,2027-03-15,0.584900000,3,,
2025-09-26,6N,6NZ5,2025-12-15,0.579050000,3,63637,29123
2025-09-26,6N,6NH6,2026-03-16,0.581000000,3,54,8
2025-09-26,6N,6NM6,2026-06-15,0.582800000,3,9,1
2025-09-26,6N,6NU6,2026-09-14,0.584300000,3,,
2025-09-26,6N,6NZ6,2026-12-14,0.585150000,3,,
2025-09-26,6N,6NH7,2027-03-15,0.585850000,3,,
2025-09-29,6N,6NZ5,2025-12-15,0.580000000,3,67084,30007
2025-09-29,6N,6NH6,2026-03-16,0.581950000,3,55,1
2025-09-29,6N,6NM6,2026-06-15,0.583800000,3,9,0
2025-09-29,6N,6NU6,2026-09-14,0.585300000,3,,
2025-09-29,6N,6NZ6,2026-12-14,0.586250000,3,,
2025-09-29,6N,6NH7,2027-03-15,0.587050000,3,,
2025-09-30,6N,6NZ5,2025-12-15,0.581450000,3,68588,32464
2025-09-30,6N,6NH6,2026-03-16,0.583400000,3,54,5
2025-09-30,6N,6NM6,2026-06-15,0.585200000,3,9,0
2025-09-30,6N,6NU6,2026-09-14,0.586750000,3,,
2025-09-30,6N,6NZ6,2026-12-14,0.587600000,3,,
2025-09-30,6N,6NH7,2027-03-15,0.588350000,3,,
2025-10-01,6N,6NZ5,2025-12-15,0.583450000,3,71024,30393
2025-10-01,6N,6NH6,2026-03-16,0.585350000,3,22,35
2025-10-01,6N,6NM6,2026-06-15,0.587100000,3,5,4
2025-10-01,6N,6NU6,2026-09-14,0.588500000,3,,
2025-10-01,6N,6NZ6,2026-12-14,0.589350000,3,,
2025-10-01,6N,6NH7,2027-03-15,0.590050000,3,,
2025-10-02,6N,6NZ5,2025-12-15,0.583700000,3,71364,24853
2025-10-02,6N,6NH6,2026-03-16,0.585600000,3,22,1
2025-10-02,6N,6NM6,2026-06-15,0.587300000,3,5,0
2025-10-02,6N,6NU6,2026-09-14,0.588700000,3,,
2025-10-02,6N,6NZ6,2026-12-14,0.589550000,3,,
2025-10-02,6N,6NH7,2027-03-15,0.590200000,3,,
2025-10-03,6N,6NZ5,2025-12-15,0.584850000,3,71036,17113
2025-10-03,6N,6NH6,2026-03-16,0.586750000,3,22,1
2025-10-03,6N,6NM6,2026-06-15,0.588500000,3,5,0
2025-10-03,6N,6NU6,2026-09-14,0.589950000,3,,
2025-10-03,6N,6NZ6,2026-12-14,0.590800000,3,,
2025-10-03,6N,6NH7,2027-03-15,0.591500000,3,,
2025-10-06,6N,6NZ5,2025-12-15,0.585700000,3,72810,29691
2025-10-06,6N,6NH6,2026-03-16,0.587600000,3,22,3
2025-10-06,6N,6NM6,2026-06-15,0.589400000,3,5,0
2025-10-06,6N,6NU6,2026-09-14,0.590900000,3,,
2025-10-06,6N,6NZ6,2026-12-14,0.591850000,3,,
2025-10-06,6N,6NH7,2027-03-15,0.592600000,3,,
2025-10-07,6N,6NZ5,2025-12-15,0.581500000,3,72318,29497
2025-10-07,6N,6NH6,2026-03-16,0.583450000,3,22,2
2025-10-07,6N,6NM6,2026-06-15,0.585250000,3,5,0
2025-10-07,6N,6NU6,2026-09-14,0.586750000,3,,
2025-10-07,6N,6NZ6,2026-12-14,0.587650000,3,,
2025-10-07,6N,6NH7,2027-03-15,0.588400000,3,,
2025-10-08,6N,6NZ5,2025-12-15,0.579750000,3,76242,46864
2025-10-08,6N,6NH6,2026-03-16,0.581900000,3,27,12
2025-10-08,6N,6NM6,2026-06-15,0.583850000,3,7,2
2025-10-08,6N,6NU6,2026-09-14,0.585500000,3,,
2025-10-08,6N,6NZ6,2026-12-14,0.586500000,3,,
2025-10-08,6N,6NH7,2027-03-15,0.587300000,3,,
2025-10-09,6N,6NZ5,2025-12-15,0.575350000,3,76422,29246
2025-10-09,6N,6NH6,2026-03-16,0.577450000,3,29,2
2025-10-09,6N,6NM6,2026-06-15,0.579400000,3,8,1
2025-10-09,6N,6NU6,2026-09-14,0.581050000,3,,
2025-10-09,6N,6NZ6,2026-12-14,0.582100000,3,,
2025-10-09,6N,6NH7,2027-03-15,0.582900000,3,,
2025-10-10,6N,6NZ5,2025-12-15,0.573800000,3,80057,35541
2025-10-10,6N,6NH6,2026-03-16,0.575800000,3,37,11
2025-10-10,6N,6NM6,2026-06-15,0.577650000,3,10,2
2025-10-10,6N,6NU6,2026-09-14,0.579150000,3,,
2025-10-10,6N,6NZ6,2026-12-14,0.580050000,3,,
2025-10-10,6N,6NH7,2027-03-15,0.580700000,3,,
2025-10-13,6N,6NZ5,2025-12-15,0.574450000,3,80057,21649
2025-10-13,6N,6NH6,2026-03-16,0.576450000,3,37,8
2025-10-13,6N,6NM6,2026-06-15,0.578250000,3,10,0
2025-10-13,6N,6NU6,2026-09-14,0.579750000,3,,
2025-10-13,6N,6NZ6,2026-12-14,0.580700000,3,,
2025-10-13,6N,6NH7,2027-03-15,0.581400000,3,,
2025-10-14,6N,6NZ5,2025-12-15,0.573150000,3,82460,34282
2025-10-14,6N,6NH6,2026-03-16,0.575150000,3,38,1
2025-10-14,6N,6NM6,2026-06-15,0.576950000,3,11,1
2025-10-14,6N,6NU6,2026-09-14,0.578400000,3,,
2025-10-14,6N,6NZ6,2026-12-14,0.579350000,3,,
2025-10-14,6N,6NH7,2027-03-15,0.580050000,3,,
2025-10-15,6N,6NZ5,2025-12-15,0.573250000,3,84457,25137
2025-10-15,6N,6NH6,2026-03-16,0.575250000,3,38,0
2025-10-15,6N,6NM6,2026-06-15,0.577100000,3,11,0
2025-10-15,6N,6NU6,2026-09-14,0.578600000,3,,
2025-10-15,6N,6NZ6,2026-12-14,0.579650000,3,,
2025-10-15,6N,6NH7,2027-03-15,0.580450000,3,,
2025-10-16,6N,6NZ5,2025-12-15,0.574000000,3,86427,31989
2025-10-16,6N,6NH6,2026-03-16,0.576000000,3,40,2
2025-10-16,6N,6NM6,2026-06-15,0.577750000,3,9,2
2025-10-16,6N,6NU6,2026-09-14,0.579250000,3,,
2025-10-16,6N,6NZ6,2026-12-14,0.580200000,3,,
2025-10-16,6N,6NH7,2027-03-15,0.580900000,3,,
2025-10-17,6N,6NZ5,2025-12-15,0.574750000,3,85556,28138
2025-10-17,6N,6NH6,2026-03-16,0.576800000,3,41,1
2025-10-17,6N,6NM6,2026-06-15,0.578550000,3,10,1
2025-10-17,6N,6NU6,2026-09-14,0.580050000,3,,
2025-10-17,6N,6NZ6,2026-12-14,0.581100000,3,,
2025-10-17,6N,6NH7,2027-03-15,0.581900000,3,,
2025-10-20,6N,6NZ5,2025-12-15,0.575950000,3,87574,20756
2025-10-20,6N,6NH6,2026-03-16,0.578000000,3,42,2
2025-10-20,6N,6NM6,2026-06-15,0.579800000,3,10,0
2025-10-20,6N,6NU6,2026-09-14,0.581300000,3,,
2025-10-20,6N,6NZ6,2026-12-14,0.582350000,3,,
2025-10-20,6N,6NH7,2027-03-15,0.583150000,3,,
2025-10-21,6N,6NZ5,2025-12-15,0.575700000,3,89614,29551
2025-10-21,6N,6NH6,2026-03-16,0.577700000,3,43,3
2025-10-21,6N,6NM6,2026-06-15,0.579550000,3,9,1
2025-10-21,6N,6NU6,2026-09-14,0.581050000,3,,
2025-10-21,6N,6NZ6,2026-12-14,0.582050000,3,,
2025-10-21,6N,6NH7,2027-03-15,0.582800000,3,,
2025-10-22,6N,6NZ5,2025-12-15,0.575000000,3,89189,22862
2025-10-22,6N,6NH6,2026-03-16,0.577050000,3,43,4
2025-10-22,6N,6NM6,2026-06-15,0.578800000,3,9,0
2025-10-22,6N,6NU6,2026-09-14,0.580350000,3,,
2025-10-22,6N,6NZ6,2026-12-14,0.581350000,3,,
2025-10-22,6N,6NH7,2027-03-15,0.582100000,3,,
2025-10-23,6N,6NZ5,2025-12-15,0.576600000,3,88439,19570
2025-10-23,6N,6NH6,2026-03-16,0.578650000,3,43,0
2025-10-23,6N,6NM6,2026-06-15,0.580500000,3,9,0
2025-10-23,6N,6NU6,2026-09-14,0.582050000,3,,
2025-10-23,6N,6NZ6,2026-12-14,0.583150000,3,,
2025-10-23,6N,6NH7,2027-03-15,0.583950000,3,,
2025-10-24,6N,6NZ5,2025-12-15,0.575850000,3,88453,26321
2025-10-24,6N,6NH6,2026-03-16,0.577850000,3,41,27
2025-10-24,6N,6NM6,2026-06-15,0.579650000,3,9,0
2025-10-24,6N,6NU6,2026-09-14,0.581200000,3,,
2025-10-24,6N,6NZ6,2026-12-14,0.582300000,3,,
2025-10-24,6N,6NH7,2027-03-15,0.583100000,3,,
2025-10-27,6N,6NZ5,2025-12-15,0.578200000,3,88026,23997
2025-10-27,6N,6NH6,2026-03-16,0.580250000,3,37,8
2025-10-27,6N,6NM6,2026-06-15,0.582100000,3,9,0
2025-10-27,6N,6NU6,2026-09-14,0.583700000,3,,
2025-10-27,6N,6NZ6,2026-12-14,0.584800000,3,,
2025-10-27,6N,6NH7,2027-03-15,0.585600000,3,,
2025-10-28,6N,6NZ5,2025-12-15,0.579700000,3,88005,29375
2025-10-28,6N,6NH6,2026-03-16,0.581750000,3,35,73
2025-10-28,6N,6NM6,2026-06-15,0.583600000,3,9,0
2025-10-28,6N,6NU6,2026-09-14,0.585200000,3,,
2025-10-28,6N,6NZ6,2026-12-14,0.586250000,3,,
2025-10-28,6N,6NH7,2027-03-15,0.586950000,3,,
2025-10-29,6N,6NZ5,2025-12-15,0.577750000,3,87694,43286
2025-10-29,6N,6NH6,2026-03-16,0.579800000,3,35,45
2025-10-29,6N,6NM6,2026-06-15,0.581650000,3,9,0
2025-10-29,6N,6NU6,2026-09-14,0.583250000,3,,
2025-10-29,6N,6NZ6,2026-12-14,0.584300000,3,,
2025-10-29,6N,6NH7,2027-03-15,0.584950000,3,,
2025-10-30,6N,6NZ5,2025-12-15,0.575250000,3,86979,36860
2025-10-30,6N,6NH6,2026-03-16,0.577400000,3,35,15
2025-10-30,6N,6NM6,2026-06-15,0.579400000,3,9,0
2025-10-30,6N,6NU6,2026-09-14,0.581100000,3,,
2025-10-30,6N,6NZ6,2026-12-14,0.582250000,3,,
2025-10-30,6N,6NH7,2027-03-15,0.583050000,3,,
2025-10-31,6N,6NZ5,2025-12-15,0.573300000,3,88553,26780
2025-10-31,6N,6NH6,2026-03-16,0.575450000,3,36,1
2025-10-31,6N,6NM6,2026-06-15,0.577450000,3,9,2
2025-10-31,6N,6NU6,2026-09-14,0.579200000,3,,
2025-10-31,6N,6NZ6,2026-12-14,0.580400000,3,,
2025-10-31,6N,6NH7,2027-03-15,0.581250000,3,,
2025-11-03,6N,6NZ5,2025-12-15,0.571900000,3,90023,0
2025-11-03,6N,6NH6,2026-03-16,0.574100000,3,40,0
2025-11-03,6N,6NM6,2026-06-15,0.576100000,3,9,0
2025-11-03,6N,6NU6,2026-09-14,0.577800000,3,,
2025-11-03,6N,6NZ6,2026-12-14,0.579050000,3,,
2025-11-03,6N,6NH7,2027-03-15,0.579850000,3,,
2025-11-04,6N,6NZ5,2025-12-15,0.565900000,3,91518,37597
2025-11-04,6N,6NH6,2026-03-16,0.568050000,3,41,2
2025-11-04,6N,6NM6,2026-06-15,0.569950000,3,9,0
2025-11-04,6N,6NU6,2026-09-14,0.571650000,3,,
2025-11-04,6N,6NZ6,2026-12-14,0.572850000,3,,
2025-11-04,6N,6NH7,2027-03-15,0.573600000,3,,
2025-11-05,6N,6NZ5,2025-12-15,0.566950000,3,93899,35438
2025-11-05,6N,6NH6,2026-03-16,0.569150000,3,43,4
2025-11-05,6N,6NM6,2026-06-15,0.571250000,3,10,1
2025-11-05,6N,6NU6,2026-09-14,0.573100000,3,,
2025-11-05,6N,6NZ6,2026-12-14,0.574400000,3,,
2025-11-05,6N,6NH7,2027-03-15,0.575200000,3,,
2025-11-06,6N,6NZ5,2025-12-15,0.564600000,3,99369,32304
2025-11-06,6N,6NH6,2026-03-16,0.566800000,3,43,2
2025-11-06,6N,6NM6,2026-06-15,0.568800000,3,10,2
2025-11-06,6N,6NU6,2026-09-14,0.570500000,3,,
2025-11-06,6N,6NZ6,2026-12-14,0.571650000,3,,
2025-11-06,6N,6NH7,2027-03-15,0.572400000,3,,
2025-11-07,6N,6NZ5,2025-12-15,0.563500000,3,102127,35091
2025-11-07,6N,6NH6,2026-03-16,0.565650000,3,56,26
2025-11-07,6N,6NM6,2026-06-15,0.567600000,3,10,0
2025-11-07,6N,6NU6,2026-09-14,0.569250000,3,,
2025-11-07,6N,6NZ6,2026-12-14,0.570450000,3,,
2025-11-07,6N,6NH7,2027-03-15,0.571200000,3,,
2025-11-10,6N,6NZ5,2025-12-15,0.565300000,3,102793,24274
2025-11-10,6N,6NH6,2026-03-16,0.567500000,3,80,34
2025-11-10,6N,6NM6,2026-06-15,0.569500000,3,10,0
2025-11-10,6N,6NU6,2026-09-14,0.571250000,3,,
2025-11-10,6N,6NZ6,2026-12-14,0.572550000,3,,
2025-11-10,6N,6NH7,2027-03-15,0.573350000,3,,
2025-11-11,6N,6NZ5,2025-12-15,0.566550000,3,101539,24589
2025-11-11,6N,6NH6,2026-03-16,0.568750000,3,112,38
2025-11-11,6N,6NM6,2026-06-15,0.570700000,3,12,2
2025-11-11,6N,6NU6,2026-09-14,0.572450000,3,,
2025-11-11,6N,6NZ6,2026-12-14,0.573700000,3,,
2025-11-11,6N,6NH7,2027-03-15,0.574450000,3,,
2025-11-12,6N,6NZ5,2025-12-15,0.567350000,3,101578,18163
2025-11-12,6N,6NH6,2026-03-16,0.569550000,3,117,10
2025-11-12,6N,6NM6,2026-06-15,0.571550000,3,11,1
2025-11-12,6N,6NU6,2026-09-14,0.573300000,3,,
2025-11-12,6N,6NZ6,2026-12-14,0.574600000,3,,
2025-11-12,6N,6NH7,2027-03-15,0.575350000,3,,
2025-11-13,6N,6NZ5,2025-12-15,0.566300000,3,101123,37751
2025-11-13,6N,6NH6,2026-03-16,0.568500000,3,104,32
2025-11-13,6N,6NM6,2026-06-15,0.570550000,3,13,2
2025-11-13,6N,6NU6,2026-09-14,0.572300000,3,,
2025-11-13,6N,6NZ6,2026-12-14,0.573550000,3,,
2025-11-13,6N,6NH7,2027-03-15,0.574250000,3,,
2025-11-14,6N,6NZ5,2025-12-15,0.568650000,3,100502,30632
2025-11-14,6N,6NH6,2026-03-16,0.570850000,3,238,170
2025-11-14,6N,6NM6,2026-06-15,0.572900000,3,13,0
2025-11-14,6N,6NU6,2026-09-14,0.574600000,3,,
2025-11-14,6N,6NZ6,2026-12-14,0.575850000,3,,
2025-11-14,6N,6NH7,2027-03-15,0.576500000,3,,
2025-11-17,6N,6NZ5,2025-12-15,0.565750000,3,101224,30261
2025-11-17,6N,6NH6,2026-03-16,0.567950000,3,245,18
2025-11-17,6N,6NM6,2026-06-15,0.569950000,3,14,1
2025-11-17,6N,6NU6,2026-09-14,0.571700000,3,,
2025-11-17,6N,6NZ6,2026-12-14,0.572900000,3,,
2025-11-17,6N,6NH7,2027-03-15,0.573550000,3,,
2025-11-18,6N,6NZ5,2025-12-15,0.567200000,3,103237,30048
2025-11-18,6N,6NH6,2026-03-16,0.569400000,3,252,27
2025-11-18,6N,6NM6,2026-06-15,0.571400000,3,13,1
2025-11-18,6N,6NU6,2026-09-14,0.573050000,3,,
2025-11-18,6N,6NZ6,2026-12-14,0.574250000,3,,
2025-11-18,6N,6NH7,2027-03-15,0.574850000,3,,
2025-11-19,6N,6NZ5,2025-12-15,0.559900000,3,108154,37964
2025-11-19,6N,6NH6,2026-03-16,0.562100000,3,274,36
2025-11-19,6N,6NM6,2026-06-15,0.564050000,3,13,0
2025-11-19,6N,6NU6,2026-09-14,0.565750000,3,,
2025-11-19,6N,6NZ6,2026-12-14,0.567000000,3,,
2025-11-19,6N,6NH7,2027-03-15,0.567600000,3,,
2025-11-20,6N,6NZ5,2025-12-15,0.560500000,3,108862,36617
2025-11-20,6N,6NH6,2026-03-16,0.562700000,3,322,90
2025-11-20,6N,6NM6,2026-06-15,0.564650000,3,13,0
2025-11-20,6N,6NU6,2026-09-14,0.566250000,3,,
2025-11-20,6N,6NZ6,2026-12-14,0.567400000,3,,
2025-11-20,6N,6NH7,2027-03-15,0.567950000,3,,
2025-11-21,6N,6NZ5,2025-12-15,0.561800000,3,108449,32017
2025-11-21,6N,6NH6,2026-03-16,0.563950000,3,308,150
2025-11-21,6N,6NM6,2026-06-15,0.565900000,3,13,0
2025-11-21,6N,6NU6,2026-09-14,0.567550000,3,,
2025-11-21,6N,6NZ6,2026-12-14,0.568700000,3,,
2025-11-21,6N,6NH7,2027-03-15,0.569200000,3,,
2025-11-24,6N,6NZ5,2025-12-15,0.561550000,3,107858,24313
2025-11-24,6N,6NH6,2026-03-16,0.563700000,3,308,22
2025-11-24,6N,6NM6,2026-06-15,0.565600000,3,13,0
2025-11-24,6N,6NU6,2026-09-14,0.567250000,3,,
2025-11-24,6N,6NZ6,2026-12-14,0.568400000,3,,
2025-11-24,6N,6NH7,2027-03-15,0.568850000,3,,
2025-11-25,6N,6NZ5,2025-12-15,0.562900000,3,106844,36365
2025-11-25,6N,6NH6,2026-03-16,0.565000000,3,323,68
2025-11-25,6N,6NM6,2026-06-15,0.566900000,3,13,0
2025-11-25,6N,6NU6,2026-09-14,0.568500000,3,,
2025-11-25,6N,6NZ6,2026-12-14,0.569600000,3,,
2025-11-25,6N,6NH7,2027-03-15,0.570100000,3,,
2025-11-26,6N,6NZ5,2025-12-15,0.569900000,3,104507,60615
2025-11-26,6N,6NH6,2026-03-16,0.572000000,3,364,217
2025-11-26,6N,6NM6,2026-06-15,0.573800000,3,13,0
2025-11-26,6N,6NU6,2026-09-14,0.575400000,3,,
2025-11-26,6N,6NZ6,2026-12-14,0.576450000,3,,
2025-11-26,6N,6NH7,2027-03-15,0.576650000,3,,
2025-11-28,6N,6NZ5,2025-12-15,0.574250000,3,105070,33315
2025-11-28,6N,6NH6,2026-03-16,0.576350000,3,405,219
2025-11-28,6N,6NM6,2026-06-15,0.578200000,3,13,0
2025-11-28,6N,6NU6,2026-09-14,0.579650000,3,,
2025-11-28,6N,6NZ6,2026-12-14,0.580550000,3,,
2025-11-28,6N,6NH7,2027-03-15,0.580550000,3,,
2025-12-01,6N,6NZ5,2025-12-15,0.573000000,3,104014,29878
2025-12-01,6N,6NH6,2026-03-16,0.575100000,3,443,288
2025-12-01,6N,6NM6,2026-06-15,0.576950000,3,13,1
2025-12-01,6N,6NU6,2026-09-14,0.578400000,3,,
2025-12-01,6N,6NZ6,2026-12-14,0.579400000,3,,
2025-12-01,6N,6NH7,2027-03-15,0.579350000,3,,
2025-12-01,6N,6NM7,2027-06-14,0.000000000,1,,
2025-12-02,6N,6NZ5,2025-12-15,0.573700000,3,102689,25366
2025-12-02,6N,6NH6,2026-03-16,0.575750000,3,1549,1304
2025-12-02,6N,6NM6,2026-06-15,0.577650000,3,13,0
2025-12-02,6N,6NU6,2026-09-14,0.579150000,3,,
2025-12-02,6N,6NZ6,2026-12-14,0.580150000,3,,
2025-12-02,6N,6NH7,2027-03-15,0.580150000,3,,
2025-12-03,6N,6NZ5,2025-12-15,0.577850000,3,103243,36337
2025-12-03,6N,6NH6,2026-03-16,0.579900000,3,1693,1485
2025-12-03,6N,6NM6,2026-06-15,0.581800000,3,13,0
2025-12-03,6N,6NU6,2026-09-14,0.583300000,3,,
2025-12-03,6N,6NZ6,2026-12-14,0.584250000,3,,
2025-12-03,6N,6NH7,2027-03-15,0.584350000,3,,
2025-12-04,6N,6NZ5,2025-12-15,0.577050000,3,100067,31047
2025-12-04,6N,6NH6,2026-03-16,0.579150000,3,1914,1733
2025-12-04,6N,6NM6,2026-06-15,0.580950000,3,13,0
2025-12-04,6N,6NU6,2026-09-14,0.582450000,3,,
2025-12-04,6N,6NZ6,2026-12-14,0.583500000,3,,
2025-12-04,6N,6NH7,2027-03-15,0.583550000,3,,
2025-12-05,6N,6NZ5,2025-12-15,0.577900000,3,86632,51047
2025-12-05,6N,6NH6,2026-03-16,0.579950000,3,20828,29847
2025-12-05,6N,6NM6,2026-06-15,0.581800000,3,13,0
2025-12-05,6N,6NU6,2026-09-14,0.583200000,3,,
2025-12-05,6N,6NZ6,2026-12-14,0.584300000,3,,
2025-12-05,6N,6NH7,2027-03-15,0.584400000,3,,
2025-12-08,6N,6NZ5,2025-12-15,0.577600000,3,74733,44460
2025-12-08,6N,6NH6,2026-03-16,0.579650000,3,33712,25653
2025-12-08,6N,6NM6,2026-06-15,0.581450000,3,13,0
2025-12-08,6N,6NU6,2026-09-14,0.582850000,3,,
2025-12-08,6N,6NZ6,2026-12-14,0.583700000,3,,
2025-12-08,6N,6NH7,2027-03-15,0.583700000,3,,
2025-12-09,6N,6NZ5,2025-12-15,0.578100000,3,59205,51037
2025-12-09,6N,6NH6,2026-03-16,0.580150000,3,55212,34472
2025-12-09,6N,6NM6,2026-06-15,0.581900000,3,15,2
2025-12-09,6N,6NU6,2026-09-14,0.583250000,3,,
2025-12-09,6N,6NZ6,2026-12-14,0.584050000,3,,
2025-12-09,6N,6NH7,2027-03-15,0.583950000,3,,
2025-12-10,6N,6NZ5,2025-12-15,0.580650000,3,46421,61314
2025-12-10,6N,6NH6,2026-03-16,0.582600000,3,69515,43457
2025-12-10,6N,6NM6,2026-06-15,0.584400000,3,15,2
2025-12-10,6N,6NU6,2026-09-14,0.585650000,3,,
2025-12-10,6N,6NZ6,2026-12-14,0.586350000,3,,
2025-12-10,6N,6NH7,2027-03-15,0.586100000,3,,
2025-12-11,6N,6NZ5,2025-12-15,0.581000000,3,24054,44859
2025-12-11,6N,6NH6,2026-03-16,0.583000000,3,81476,41693
2025-12-11,6N,6NM6,2026-06-15,0.584700000,3,15,0
2025-12-11,6N,6NU6,2026-09-14,0.585850000,3,,
2025-12-11,6N,6NZ6,2026-12-14,0.586450000,3,,
2025-12-11,6N,6NH7,2027-03-15,0.586250000,3,,
2025-12-12,6N,6NZ5,2025-12-15,0.580350000,3,22372,10156
2025-12-12,6N,6NH6,2026-03-16,0.582350000,3,79220,35883
2025-12-12,6N,6NM6,2026-06-15,0.584050000,3,24,9
2025-12-12,6N,6NU6,2026-09-14,0.585250000,3,,
2025-12-12,6N,6NZ6,2026-12-14,0.585900000,3,,
2025-12-12,6N,6NH7,2027-03-15,0.585650000,3,,
2025-12-15,6N,6NZ5,2025-12-15,0.579750000,2,22168,277
2025-12-15,6N,6NH6,2026-03-16,0.580850000,3,79612,31667
2025-12-15,6N,6NM6,2026-06-15,0.582600000,3,23,1
2025-12-15,6N,6NU6,2026-09-14,0.584000000,3,,
2025-12-15,6N,6NZ6,2026-12-14,0.584700000,3,,
2025-12-15,6N,6NH7,2027-03-15,0.584700000,3,,
2025-12-15,6N,6NM7,2027-06-14,0.584650000,3,,
2025-12-16,6N,6NZ5,2025-12-15,,,22168,0
2025-12-16,6N,6NH6,2026-03-16,0.580850000,3,81776,35570
2025-12-16,6N,6NM6,2026-06-15,0.582600000,3,30,23
2025-12-16,6N,6NU6,2026-09-14,0.583850000,3,,
2025-12-16,6N,6NZ6,2026-12-14,0.584650000,3,,
2025-12-16,6N,6NH7,2027-03-15,0.584600000,3,,
2025-12-16,6N,6NM7,2027-06-14,0.584450000,3,,
2025-12-17,6N,6NZ5,2025-12-15,,,0,0
2025-12-17,6N,6NH6,2026-03-16,0.579550000,3,81055,30657
2025-12-17,6N,6NM6,2026-06-15,0.581300000,3,30,0
2025-12-17,6N,6NU6,2026-09-14,0.582550000,3,,
2025-12-17,6N,6NZ6,2026-12-14,0.583300000,3,,
2025-12-17,6N,6NH7,2027-03-15,0.583200000,3,,
2025-12-17,6N,6NM7,2027-06-14,0.583000000,3,,
2025-12-18,6N,6NZ5,2025-12-15,,,0,0
2025-12-18,6N,6NH6,2026-03-16,0.579150000,3,80906,29177
2025-12-18,6N,6NM6,2026-06-15,0.580850000,3,36,7
2025-12-18,6N,6NU6,2026-09-14,0.582100000,3,,
2025-12-18,6N,6NZ6,2026-12-14,0.582850000,3,,
2025-12-18,6N,6NH7,2027-03-15,0.582800000,3,,
2025-12-18,6N,6NM7,2027-06-14,0.582650000,3,,
2025-12-19,6N,6NH6,2026-03-16,0.578400000,3,82557,31672
2025-12-19,6N,6NM6,2026-06-15,0.580100000,3,36,3
2025-12-19,6N,6NU6,2026-09-14,0.581400000,3,,
2025-12-19,6N,6NZ6,2026-12-14,0.582200000,3,,
2025-12-19,6N,6NH7,2027-03-15,0.582200000,3,,
2025-12-19,6N,6NM7,2027-06-14,0.582150000,3,,
2025-12-22,6N,6NH6,2026-03-16,0.581250000,3,83792,20407
2025-12-22,6N,6NM6,2026-06-15,0.582950000,3,36,1
2025-12-22,6N,6NU6,2026-09-14,0.584300000,3,,
2025-12-22,6N,6NZ6,2026-12-14,0.585100000,3,,
2025-12-22,6N,6NH7,2027-03-15,0.585150000,3,,
2025-12-22,6N,6NM7,2027-06-14,0.585050000,3,,
2025-12-23,6N,6NH6,2026-03-16,0.585700000,3,82124,20965
2025-12-23,6N,6NM6,2026-06-15,0.587450000,3,35,2
2025-12-23,6N,6NU6,2026-09-14,0.588850000,3,,
2025-12-23,6N,6NZ6,2026-12-14,0.589750000,3,,
2025-12-23,6N,6NH7,2027-03-15,0.589800000,3,,
2025-12-23,6N,6NM7,2027-06-14,0.589750000,3,,
2025-12-24,6N,6NH6,2026-03-16,0.585100000,3,81087,10861
2025-12-24,6N,6NM6,2026-06-15,0.586850000,3,35,0
2025-12-24,6N,6NU6,2026-09-14,0.588200000,3,,
2025-12-24,6N,6NZ6,2026-12-14,0.589050000,3,,
2025-12-24,6N,6NH7,2027-03-15,0.589150000,3,,
2025-12-24,6N,6NM7,2027-06-14,0.589050000,3,,
2025-12-26,6N,6NH6,2026-03-16,0.584700000,3,80428,9191
2025-12-26,6N,6NM6,2026-06-15,0.586450000,3,35,0
2025-12-26,6N,6NU6,2026-09-14,0.587750000,3,,
2025-12-26,6N,6NZ6,2026-12-14,0.588600000,3,,
2025-12-26,6N,6NH7,2027-03-15,0.588650000,3,,
2025-12-26,6N,6NM7,2027-06-14,0.588500000,3,,
2025-12-29,6N,6NH6,2026-03-16,0.582300000,3,80423,24780
2025-12-29,6N,6NM6,2026-06-15,0.584000000,3,35,0
2025-12-29,6N,6NU6,2026-09-14,0.585350000,3,,
2025-12-29,6N,6NZ6,2026-12-14,0.586250000,3,,
2025-12-29,6N,6NH7,2027-03-15,0.586300000,3,,
2025-12-29,6N,6NM7,2027-06-14,0.586100000,3,,
2025-12-30,6N,6NH6,2026-03-16,0.580800000,3,79319,21902
2025-12-30,6N,6NM6,2026-06-15,0.582500000,3,33,4
2025-12-30,6N,6NU6,2026-09-14,0.583850000,3,,
2025-12-30,6N,6NZ6,2026-12-14,0.584650000,3,,
2025-12-30,6N,6NH7,2027-03-15,0.584800000,3,,
2025-12-30,6N,6NM7,2027-06-14,0.584800000,3,,
2025-12-31,6N,6NH6,2026-03-16,0.576800000,3,80306,21300
2025-12-31,6N,6NM6,2026-06-15,0.578550000,3,34,1
2025-12-31,6N,6NU6,2026-09-14,0.579900000,3,,
2025-12-31,6N,6NZ6,2026-12-14,0.580800000,3,,
2025-12-31,6N,6NH7,2027-03-15,0.581050000,3,,
2025-12-31,6N,6NM7,2027-06-14,0.581050000,3,,
2026-01-02,6N,6NH6,2026-03-16,0.578150000,3,81724,23461
2026-01-02,6N,6NM6,2026-06-15,0.579900000,3,34,1
2026-01-02,6N,6NU6,2026-09-14,0.581250000,3,,
2026-01-02,6N,6NZ6,2026-12-14,0.582150000,3,,
2026-01-02,6N,6NH7,2027-03-15,0.582400000,3,,
2026-01-02,6N,6NM7,2027-06-14,0.582400000,3,,
2026-01-05,6N,6NH6,2026-03-16,0.580650000,3,82081,27689
2026-01-05,6N,6NM6,2026-06-15,0.582350000,3,34,9
2026-01-05,6N,6NU6,2026-09-14,0.583700000,3,,
2026-01-05,6N,6NZ6,2026-12-14,0.584600000,3,,
2026-01-05,6N,6NH7,2027-03-15,0.584800000,3,,
2026-01-05,6N,6NM7,2027-06-14,0.584750000,3,,
2026-01-06,6N,6NH6,2026-03-16,0.579750000,3,84522,29863
2026-01-06,6N,6NM6,2026-06-15,0.581500000,3,34,0
2026-01-06,6N,6NU6,2026-09-14,0.582900000,3,,
2026-01-06,6N,6NZ6,2026-12-14,0.583850000,3,,
2026-01-06,6N,6NH7,2027-03-15,0.584150000,3,,
2026-01-06,6N,6NM7,2027-06-14,0.584200000,3,,
2026-01-07,6N,6NH6,2026-03-16,0.579300000,3,85012,26103
2026-01-07,6N,6NM6,2026-06-15,0.581050000,3,34,3
2026-01-07,6N,6NU6,2026-09-14,0.582450000,3,,
2026-01-07,6N,6NZ6,2026-12-14,0.583400000,3,,
2026-01-07,6N,6NH7,2027-03-15,0.583700000,3,,
2026-01-07,6N,6NM7,2027-06-14,0.583750000,3,,
2026-01-08,6N,6NH6,2026-03-16,0.576100000,3,85288,22278
2026-01-08,6N,6NM6,2026-06-15,0.577900000,3,36,5
2026-01-08,6N,6NU6,2026-09-14,0.579300000,3,1,1
2026-01-08,6N,6NZ6,2026-12-14,0.580250000,3,,
2026-01-08,6N,6NH7,2027-03-15,0.580600000,3,,
2026-01-08,6N,6NM7,2027-06-14,0.580750000,3,,
2026-01-09,6N,6NH6,2026-03-16,0.574400000,3,87034,29937
2026-01-09,6N,6NM6,2026-06-15,0.576200000,3,35,3
2026-01-09,6N,6NU6,2026-09-14,0.577700000,3,1,0
2026-01-09,6N,6NZ6,2026-12-14,0.578700000,3,,
2026-01-09,6N,6NH7,2027-03-15,0.579150000,3,,
2026-01-09,6N,6NM7,2027-06-14,0.579400000,3,,
2026-01-12,6N,6NH6,2026-03-16,0.578050000,3,86078,28493
2026-01-12,6N,6NM6,2026-06-15,0.579900000,3,35,1
2026-01-12,6N,6NU6,2026-09-14,0.581400000,3,1,0
2026-01-12,6N,6NZ6,2026-12-14,0.582450000,3,,
2026-01-12,6N,6NH7,2027-03-15,0.582950000,3,,
2026-01-12,6N,6NM7,2027-06-14,0.583200000,3,,
2026-01-13,6N,6NH6,2026-03-16,0.575350000,3,85175,27596
2026-01-13,6N,6NM6,2026-06-15,0.577150000,3,35,1
2026-01-13,6N,6NU6,2026-09-14,0.578650000,3,1,0
2026-01-13,6N,6NZ6,2026-12-14,0.579650000,3,,
2026-01-13,6N,6NH7,2027-03-15,0.580100000,3,,
2026-01-13,6N,6NM7,2027-06-14,0.580250000,3,,
2026-01-14,6N,6NH6,2026-03-16,0.575750000,3,86105,23180
2026-01-14,6N,6NM6,2026-06-15,0.577550000,3,36,1
2026-01-14,6N,6NU6,2026-09-14,0.579050000,3,1,0
2026-01-14,6N,6NZ6,2026-12-14,0.580050000,3,,
2026-01-14,6N,6NH7,2027-03-15,0.580450000,3,,
2026-01-14,6N,6NM7,2027-06-14,0.580550000,3,,
2026-01-15,6N,6NH6,2026-03-16,0.575550000,3,89964,26246
2026-01-15,6N,6NM6,2026-06-15,0.577400000,3,36,1
2026-01-15,6N,6NU6,2026-09-14,0.578950000,3,1,0
2026-01-15,6N,6NZ6,2026-12-14,0.580100000,3,,
2026-01-15,6N,6NH7,2027-03-15,0.580650000,3,,
2026-01-15,6N,6NM7,2027-06-14,0.580850000,3,,
2026-01-16,6N,6NH6,2026-03-16,0.576500000,3,90504,26962
2026-01-16,6N,6NM6,2026-06-15,0.578350000,3,36,2
2026-01-16,6N,6NU6,2026-09-14,0.579900000,3,1,0
2026-01-16,6N,6NZ6,2026-12-14,0.581050000,3,,
2026-01-16,6N,6NH7,2027-03-15,0.581550000,3,,
2026-01-16,6N,6NM7,2027-06-14,0.581800000,3,,
2026-01-20,6N,6NH6,2026-03-16,0.584200000,3,92624,63261
2026-01-20,6N,6NM6,2026-06-15,0.586050000,3,36,12
2026-01-20,6N,6NU6,2026-09-14,0.587500000,3,1,0
2026-01-20,6N,6NZ6,2026-12-14,0.588450000,3,,
2026-01-20,6N,6NH7,2027-03-15,0.588800000,3,,
2026-01-20,6N,6NM7,2027-06-14,0.588850000,3,,
2026-01-21,6N,6NH6,2026-03-16,0.586000000,3,92236,34316
2026-01-21,6N,6NM6,2026-06-15,0.587850000,3,36,5
2026-01-21,6N,6NU6,2026-09-14,0.589350000,3,1,0
2026-01-21,6N,6NZ6,2026-12-14,0.590400000,3,,
2026-01-21,6N,6NH7,2027-03-15,0.590750000,3,,
2026-01-21,6N,6NM7,2027-06-14,0.590750000,3,,
2026-01-22,6N,6NH6,2026-03-16,0.591750000,3,90727,39035
2026-01-22,6N,6NM6,2026-06-15,0.593650000,3,37,15
2026-01-22,6N,6NU6,2026-09-14,0.595250000,3,1,0
2026-01-22,6N,6NZ6,2026-12-14,0.596300000,3,,
2026-01-22,6N,6NH7,2027-03-15,0.596700000,3,,
2026-01-22,6N,6NM7,2027-06-14,0.596750000,3,,
2026-01-23,6N,6NH6,2026-03-16,0.595250000,3,88942,47187
2026-01-23,6N,6NM6,2026-06-15,0.597150000,3,37,5
2026-01-23,6N,6NU6,2026-09-14,0.598700000,3,1,0
2026-01-23,6N,6NZ6,2026-12-14,0.599750000,3,,
2026-01-23,6N,6NH7,2027-03-15,0.600100000,3,,
2026-01-23,6N,6NM7,2027-06-14,0.600100000,3,,
2026-01-26,6N,6NH6,2026-03-16,0.599000000,3,86568,50925
2026-01-26,6N,6NM6,2026-06-15,0.600900000,3,40,15
2026-01-26,6N,6NU6,2026-09-14,0.602450000,3,1,0
2026-01-26,6N,6NZ6,2026-12-14,0.603450000,3,,
2026-01-26,6N,6NH7,2027-03-15,0.603750000,3,,
2026-01-26,6N,6NM7,2027-06-14,0.603600000,3,,
2026-01-27,6N,6NH6,2026-03-16,0.603000000,3,85515,65067
2026-01-27,6N,6NM6,2026-06-15,0.604900000,3,30,33
2026-01-27,6N,6NU6,2026-09-14,0.606450000,3,7,6
2026-01-27,6N,6NZ6,2026-12-14,0.607450000,3,,
2026-01-27,6N,6NH7,2027-03-15,0.607700000,3,,
2026-01-27,6N,6NM7,2027-06-14,0.607550000,3,,
2026-01-28,6N,6NH6,2026-03-16,0.605400000,3,83037,56930
2026-01-28,6N,6NM6,2026-06-15,0.607300000,3,31,24
2026-01-28,6N,6NU6,2026-09-14,0.608850000,3,7,0
2026-01-28,6N,6NZ6,2026-12-14,0.609850000,3,,
2026-01-28,6N,6NH7,2027-03-15,0.610100000,3,,
2026-01-28,6N,6NM7,2027-06-14,0.609950000,3,,
2026-01-29,6N,6NH6,2026-03-16,0.607450000,3,79752,62897
2026-01-29,6N,6NM6,2026-06-15,0.609350000,3,32,33
2026-01-29,6N,6NU6,2026-09-14,0.610850000,3,7,0
2026-01-29,6N,6NZ6,2026-12-14,0.611850000,3,,
2026-01-29,6N,6NH7,2027-03-15,0.612100000,3,,
2026-01-29,6N,6NM7,2027-06-14,0.611750000,3,,
2026-01-30,6N,6NH6,2026-03-16,0.604300000,3,77162,58437
2026-01-30,6N,6NM6,2026-06-15,0.606150000,3,34,9
2026-01-30,6N,6NU6,2026-09-14,0.607650000,3,7,0
2026-01-30,6N,6NZ6,2026-12-14,0.608550000,3,,
2026-01-30,6N,6NH7,2027-03-15,0.608750000,3,,
2026-01-30,6N,6NM7,2027-06-14,0.608450000,3,,
2026-02-02,6N,6NH6,2026-03-16,0.601000000,3,73159,46844
2026-02-02,6N,6NM6,2026-06-15,0.602850000,3,38,5
2026-02-02,6N,6NU6,2026-09-14,0.604350000,3,7,0
2026-02-02,6N,6NZ6,2026-12-14,0.605350000,3,,
2026-02-02,6N,6NH7,2027-03-15,0.605650000,3,,
2026-02-02,6N,6NM7,2027-06-14,0.605350000,3,,
2026-02-03,6N,6NH6,2026-03-16,0.605250000,3,71258,44345
2026-02-03,6N,6NM6,2026-06-15,0.607150000,3,39,6
2026-02-03,6N,6NU6,2026-09-14,0.608700000,3,7,0
2026-02-03,6N,6NZ6,2026-12-14,0.609700000,3,,
2026-02-03,6N,6NH7,2027-03-15,0.610050000,3,,
2026-02-03,6N,6NM7,2027-06-14,0.609800000,3,,
2026-02-04,6N,6NH6,2026-03-16,0.601450000,3,69164,44026
2026-02-04,6N,6NM6,2026-06-15,0.603400000,3,48,19
2026-02-04,6N,6NU6,2026-09-14,0.604950000,3,7,0
2026-02-04,6N,6NZ6,2026-12-14,0.605950000,3,,
2026-02-04,6N,6NH7,2027-03-15,0.606350000,3,,
2026-02-04,6N,6NM7,2027-06-14,0.606250000,3,,
2026-02-05,6N,6NH6,2026-03-16,0.598200000,3,71047,38946
2026-02-05,6N,6NM6,2026-06-15,0.600050000,3,43,33
2026-02-05,6N,6NU6,2026-09-14,0.601500000,3,7,0
2026-02-05,6N,6NZ6,2026-12-14,0.602450000,3,,
2026-02-05,6N,6NH7,2027-03-15,0.602750000,3,,
2026-02-05,6N,6NM7,2027-06-14,0.602450000,3,,
2026-02-06,6N,6NH6,2026-03-16,0.602600000,3,70292,28072
2026-02-06,6N,6NM6,2026-06-15,0.604500000,3,48,25
2026-02-06,6N,6NU6,2026-09-14,0.606000000,3,7,0
2026-02-06,6N,6NZ6,2026-12-14,0.606950000,3,,
2026-02-06,6N,6NH7,2027-03-15,0.607250000,3,,
2026-02-06,6N,6NM7,2027-06-14,0.606950000,3,,
2026-02-09,6N,6NH6,2026-03-16,0.606600000,3,71675,33862
2026-02-09,6N,6NM6,2026-06-15,0.608500000,3,71,39
2026-02-09,6N,6NU6,2026-09-14,0.609950000,3,7,0
2026-02-09,6N,6NZ6,2026-12-14,0.610950000,3,,
2026-02-09,6N,6NH7,2027-03-15,0.611200000,3,,
2026-02-09,6N,6NM7,2027-06-14,0.610900000,3,,
2026-02-10,6N,6NH6,2026-03-16,0.605850000,3,71767,22921
2026-02-10,6N,6NM6,2026-06-15,0.607700000,3,74,11
2026-02-10,6N,6NU6,2026-09-14,0.609200000,3,7,0
2026-02-10,6N,6NZ6,2026-12-14,0.610100000,3,,
2026-02-10,6N,6NH7,2027-03-15,0.610400000,3,,
2026-02-10,6N,6NM7,2027-06-14,0.610050000,3,,
2026-02-11,6N,6NH6,2026-03-16,0.606300000,3,74395,38082
2026-02-11,6N,6NM6,2026-06-15,0.608200000,3,75,9
2026-02-11,6N,6NU6,2026-09-14,0.609800000,3,7,0
2026-02-11,6N,6NZ6,2026-12-14,0.610900000,3,,
2026-02-11,6N,6NH7,2027-03-15,0.611350000,3,,
2026-02-11,6N,6NM7,2027-06-14,0.611050000,3,,
2026-02-12,6N,6NH6,2026-03-16,0.604400000,3,73621,31008
2026-02-12,6N,6NM6,2026-06-15,0.606350000,3,407,373
2026-02-12,6N,6NU6,2026-09-14,0.607850000,3,7,0
2026-02-12,6N,6NZ6,2026-12-14,0.608800000,3,,
2026-02-12,6N,6NH7,2027-03-15,0.609150000,3,,
2026-02-12,6N,6NM7,2027-06-14,0.608850000,3,,
2026-02-13,6N,6NH6,2026-03-16,0.604600000,3,74145,32982
2026-02-13,6N,6NM6,2026-06-15,0.606550000,3,440,43
2026-02-13,6N,6NU6,2026-09-14,0.608000000,3,7,0
2026-02-13,6N,6NZ6,2026-12-14,0.609000000,3,,
2026-02-13,6N,6NH7,2027-03-15,0.609250000,3,,
2026-02-13,6N,6NM7,2027-06-14,0.608750000,3,,
2026-02-17,6N,6NH6,2026-03-16,0.605500000,3,72542,44075
2026-02-17,6N,6NM6,2026-06-15,0.607450000,3,451,42
2026-02-17,6N,6NU6,2026-09-14,0.608950000,3,11,4
2026-02-17,6N,6NZ6,2026-12-14,0.609950000,3,,
2026-02-17,6N,6NH7,2027-03-15,0.610400000,3,,
2026-02-17,6N,6NM7,2027-06-14,0.610100000,3,,
2026-02-18,6N,6NH6,2026-03-16,0.596950000,3,71579,42857
2026-02-18,6N,6NM6,2026-06-15,0.598900000,3,587,285
2026-02-18,6N,6NU6,2026-09-14,0.600500000,3,11,0
2026-02-18,6N,6NZ6,2026-12-14,0.601650000,3,,
2026-02-18,6N,6NH7,2027-03-15,0.602250000,3,,
2026-02-18,6N,6NM7,2027-06-14,0.602200000,3,,
2026-02-19,6N,6NH6,2026-03-16,0.597050000,3,70587,33335
2026-02-19,6N,6NM6,2026-06-15,0.599000000,3,584,53
2026-02-19,6N,6NU6,2026-09-14,0.600600000,3,11,0
2026-02-19,6N,6NZ6,2026-12-14,0.601750000,3,,
2026-02-19,6N,6NH7,2027-03-15,0.602350000,3,,
2026-02-19,6N,6NM7,2027-06-14,0.602300000,3,,
2026-02-20,6N,6NH6,2026-03-16,0.597800000,3,70241,35223
2026-02-20,6N,6NM6,2026-06-15,0.599750000,3,663,289
2026-02-20,6N,6NU6,2026-09-14,0.601450000,3,11,0
2026-02-20,6N,6NZ6,2026-12-14,0.602650000,3,,
2026-02-20,6N,6NH7,2027-03-15,0.603300000,3,,
2026-02-20,6N,6NM7,2027-06-14,0.603300000,3,,
2026-02-23,6N,6NH6,2026-03-16,0.596050000,3,69381,25838
2026-02-23,6N,6NM6,2026-06-15,0.598000000,3,2339,1862
2026-02-23,6N,6NU6,2026-09-14,0.599700000,3,31,20
2026-02-23,6N,6NZ6,2026-12-14,0.600850000,3,,
2026-02-23,6N,6NH7,2027-03-15,0.601450000,3,,
2026-02-23,6N,6NM7,2027-06-14,0.601300000,3,,
2026-02-24,6N,6NH6,2026-03-16,0.597300000,3,68752,24828
2026-02-24,6N,6NM6,2026-06-15,0.599300000,3,2720,1230
2026-02-24,6N,6NU6,2026-09-14,0.600950000,3,31,0
2026-02-24,6N,6NZ6,2026-12-14,0.602200000,3,,
2026-02-24,6N,6NH7,2027-03-15,0.602850000,3,,
2026-02-24,6N,6NM7,2027-06-14,0.602650000,3,,
2026-02-25,6N,6NH6,2026-03-16,0.600100000,3,68487,25473
2026-02-25,6N,6NM6,2026-06-15,0.602150000,3,2734,57
2026-02-25,6N,6NU6,2026-09-14,0.603850000,3,31,0
2026-02-25,6N,6NZ6,2026-12-14,0.605100000,3,,
2026-02-25,6N,6NH7,2027-03-15,0.605750000,3,,
2026-02-25,6N,6NM7,2027-06-14,0.605650000,3,,
2026-02-26,6N,6NH6,2026-03-16,0.598850000,3,68210,32537
2026-02-26,6N,6NM6,2026-06-15,0.600850000,3,2736,171
2026-02-26,6N,6NU6,2026-09-14,0.602550000,3,31,0
2026-02-26,6N,6NZ6,2026-12-14,0.603800000,3,,
2026-02-26,6N,6NH7,2027-03-15,0.604400000,3,,
2026-02-26,6N,6NM7,2027-06-14,0.604300000,3,,
2026-02-27,6N,6NH6,2026-03-16,0.599950000,3,68715,33148
2026-02-27,6N,6NM6,2026-06-15,0.601900000,3,6062,3580
2026-02-27,6N,6NU6,2026-09-14,0.603550000,3,31,0
2026-02-27,6N,6NZ6,2026-12-14,0.604700000,3,,
2026-02-27,6N,6NH7,2027-03-15,0.605250000,3,,
2026-02-27,6N,6NM7,2027-06-14,0.605050000,3,,
2026-03-02,6N,6NH6,2026-03-16,0.595750000,3,70106,53354
2026-03-02,6N,6NM6,2026-06-15,0.597700000,3,7052,1857
2026-03-02,6N,6NU6,2026-09-14,0.599450000,3,31,5
2026-03-02,6N,6NZ6,2026-12-14,0.600700000,3,,
2026-03-02,6N,6NH7,2027-03-15,0.601450000,3,,
2026-03-02,6N,6NM7,2027-06-14,0.601350000,3,,
2026-03-02,6N,6NU7,2027-09-13,0.000000000,1,,
2026-03-03,6N,6NH6,2026-03-16,0.589800000,3,67816,74682
2026-03-03,6N,6NM6,2026-06-15,0.591750000,3,11615,7607
2026-03-03,6N,6NU6,2026-09-14,0.593450000,3,31,0
2026-03-03,6N,6NZ6,2026-12-14,0.594700000,3,,
2026-03-03,6N,6NH7,2027-03-15,0.595450000,3,,
2026-03-03,6N,6NM7,2027-06-14,0.595250000,3,,
2026-03-04,6N,6NH6,2026-03-16,0.594250000,3,58922,55088
2026-03-04,6N,6NM6,2026-06-15,0.596250000,3,18605,19308
2026-03-04,6N,6NU6,2026-09-14,0.597950000,3,31,0
2026-03-04,6N,6NZ6,2026-12-14,0.599200000,3,,
2026-03-04,6N,6NH7,2027-03-15,0.599900000,3,,
2026-03-04,6N,6NM7,2027-06-14,0.599750000,3,,
2026-03-05,6N,6NH6,2026-03-16,0.587950000,3,56081,69259
2026-03-05,6N,6NM6,2026-06-15,0.589900000,3,27363,31653
2026-03-05,6N,6NU6,2026-09-14,0.591600000,3,31,0
2026-03-05,6N,6NZ6,2026-12-14,0.592900000,3,,
2026-03-05,6N,6NH7,2027-03-15,0.593650000,3,,
2026-03-05,6N,6NM7,2027-06-14,0.593450000,3,,
2026-03-06,6N,6NH6,2026-03-16,0.590250000,3,54915,54094
2026-03-06,6N,6NM6,2026-06-15,0.592150000,3,29308,9047
2026-03-06,6N,6NU6,2026-09-14,0.593750000,3,31,2
2026-03-06,6N,6NZ6,2026-12-14,0.594850000,3,,
2026-03-06,6N,6NH7,2027-03-15,0.595400000,3,,
2026-03-06,6N,6NM7,2027-06-14,0.595100000,3,,
2026-03-09,6N,6NH6,2026-03-16,0.591450000,3,39796,86827
2026-03-09,6N,6NM6,2026-06-15,0.593400000,3,40023,37552
2026-03-09,6N,6NU6,2026-09-14,0.594950000,3,32,2
2026-03-09,6N,6NZ6,2026-12-14,0.596050000,3,,
2026-03-09,6N,6NH7,2027-03-15,0.596550000,3,,
2026-03-09,6N,6NM7,2027-06-14,0.596050000,3,,
2026-03-10,6N,6NH6,2026-03-16,0.594000000,3,33368,59808
2026-03-10,6N,6NM6,2026-06-15,0.595950000,3,50815,29930
2026-03-10,6N,6NU6,2026-09-14,0.597550000,3,32,0
2026-03-10,6N,6NZ6,2026-12-14,0.598700000,3,,
2026-03-10,6N,6NH7,2027-03-15,0.599300000,3,,
2026-03-10,6N,6NM7,2027-06-14,0.598950000,3,,
2026-03-11,6N,6NH6,2026-03-16,0.591600000,3,28130,50028
2026-03-11,6N,6NM6,2026-06-15,0.593550000,3,52937,40834
2026-03-11,6N,6NU6,2026-09-14,0.595200000,3,32,0
2026-03-11,6N,6NZ6,2026-12-14,0.596450000,3,,
2026-03-11,6N,6NH7,2027-03-15,0.597300000,3,,
2026-03-11,6N,6NM7,2027-06-14,0.596950000,3,,
2026-03-12,6N,6NH6,2026-03-16,0.585450000,3,21445,55092
2026-03-12,6N,6NM6,2026-06-15,0.587350000,3,66748,54750
2026-03-12,6N,6NU6,2026-09-14,0.589000000,3,43,12
2026-03-12,6N,6NZ6,2026-12-14,0.590300000,3,,
2026-03-12,6N,6NH7,2027-03-15,0.591150000,3,,
2026-03-12,6N,6NM7,2027-06-14,0.590850000,3,,
2026-03-13,6N,6NH6,2026-03-16,0.579250000,3,18611,7780
2026-03-13,6N,6NM6,2026-06-15,0.581150000,3,61196,65313
2026-03-13,6N,6NU6,2026-09-14,0.582750000,3,52,10
2026-03-13,6N,6NZ6,2026-12-14,0.583950000,3,,
2026-03-13,6N,6NH7,2027-03-15,0.584700000,3,,
2026-03-13,6N,6NM7,2027-06-14,0.584300000,3,,
2026-03-16,6N,6NH6,2026-03-16,0.585450000,2,18546,138
2026-03-16,6N,6NM6,2026-06-15,0.588150000,3,64167,38075
2026-03-16,6N,6NU6,2026-09-14,0.589750000,3,51,1
2026-03-16,6N,6NZ6,2026-12-14,0.590900000,3,,
2026-03-16,6N,6NH7,2027-03-15,0.591550000,3,,
2026-03-16,6N,6NM7,2027-06-14,0.590900000,3,,
2026-03-16,6N,6NU7,2027-09-13,0.590250000,3,,
2026-03-17,6N,6NH6,2026-03-16,,,18546,0
2026-03-17,6N,6NM6,2026-06-15,0.588000000,3,64033,32631
2026-03-17,6N,6NU6,2026-09-14,0.589650000,3,51,0
2026-03-17,6N,6NZ6,2026-12-14,0.590850000,3,,
2026-03-17,6N,6NH7,2027-03-15,0.591550000,3,,
2026-03-17,6N,6NM7,2027-06-14,0.591150000,3,,
2026-03-17,6N,6NU7,2027-09-13,0.590750000,3,,
2026-03-18,6N,6NH6,2026-03-16,,,0,0
2026-03-18,6N,6NM6,2026-06-15,0.583350000,3,64509,39416
2026-03-18,6N,6NU6,2026-09-14,0.585050000,3,52,3
2026-03-18,6N,6NZ6,2026-12-14,0.586400000,3,,
2026-03-18,6N,6NH7,2027-03-15,0.587250000,3,,
2026-03-18,6N,6NM7,2027-06-14,0.586900000,3,,
2026-03-18,6N,6NU7,2027-09-13,0.586500000,3,,
2026-03-19,6N,6NH6,2026-03-16,,,0,0
2026-03-19,6N,6NM6,2026-06-15,0.587950000,3,65357,54894
2026-03-19,6N,6NU6,2026-09-14,0.589800000,3,51,1
2026-03-19,6N,6NZ6,2026-12-14,0.591250000,3,,
2026-03-19,6N,6NH7,2027-03-15,0.592450000,3,,
2026-03-19,6N,6NM7,2027-06-14,0.592100000,3,,
2026-03-19,6N,6NU7,2027-09-13,0.591650000,3,,
2026-03-20,6N,6NM6,2026-06-15,0.584000000,3,65460,39979
2026-03-20,6N,6NU6,2026-09-14,0.585600000,3,50,9
2026-03-20,6N,6NZ6,2026-12-14,0.587050000,3,,
2026-03-20,6N,6NH7,2027-03-15,0.587950000,3,,
2026-03-20,6N,6NM7,2027-06-14,0.587550000,3,,
2026-03-20,6N,6NU7,2027-09-13,0.587000000,3,,
2026-03-23,6N,6NM6,2026-06-15,0.589500000,3,63673,83613
2026-03-23,6N,6NU6,2026-09-14,0.591000000,3,50,6
2026-03-23,6N,6NZ6,2026-12-14,0.592200000,3,,
2026-03-23,6N,6NH7,2027-03-15,0.592750000,3,,
2026-03-23,6N,6NM7,2027-06-14,0.592250000,3,,
2026-03-23,6N,6NU7,2027-09-13,0.591600000,3,,
2026-03-24,6N,6NM6,2026-06-15,0.583250000,3,64959,48428
2026-03-24,6N,6NU6,2026-09-14,0.584850000,3,52,10
2026-03-24,6N,6NZ6,2026-12-14,0.586300000,3,,
2026-03-24,6N,6NH7,2027-03-15,0.587250000,3,,
2026-03-24,6N,6NM7,2027-06-14,0.586950000,3,,
2026-03-24,6N,6NU7,2027-09-13,0.586450000,3,,
2026-03-25,6N,6NM6,2026-06-15,0.582550000,3,64662,37098
2026-03-25,6N,6NU6,2026-09-14,0.584250000,3,64,55
2026-03-25,6N,6NZ6,2026-12-14,0.585700000,3,,
2026-03-25,6N,6NH7,2027-03-15,0.586650000,3,,
2026-03-25,6N,6NM7,2027-06-14,0.586450000,3,,
2026-03-25,6N,6NU7,2027-09-13,0.586000000,3,,
2026-03-26,6N,6NM6,2026-06-15,0.577800000,3,65735,34644
2026-03-26,6N,6NU6,2026-09-14,0.579500000,3,64,6
2026-03-26,6N,6NZ6,2026-12-14,0.581000000,3,,
2026-03-26,6N,6NH7,2027-03-15,0.582100000,3,,
2026-03-26,6N,6NM7,2027-06-14,0.582000000,3,,
2026-03-26,6N,6NU7,2027-09-13,0.581650000,3,,
2026-03-27,6N,6NM6,2026-06-15,0.575750000,3,68034,33670
2026-03-27,6N,6NU6,2026-09-14,0.577350000,3,57,14
2026-03-27,6N,6NZ6,2026-12-14,0.578750000,3,,
2026-03-27,6N,6NH7,2027-03-15,0.579550000,3,,
2026-03-27,6N,6NM7,2027-06-14,0.579250000,3,,
2026-03-27,6N,6NU7,2027-09-13,0.578750000,3,,
2026-03-30,6N,6NM6,2026-06-15,0.573250000,3,69107,33637
2026-03-30,6N,6NU6,2026-09-14,0.574850000,3,60,11
2026-03-30,6N,6NZ6,2026-12-14,0.576150000,3,,
2026-03-30,6N,6NH7,2027-03-15,0.576900000,3,,
2026-03-30,6N,6NM7,2027-06-14,0.576600000,3,,
2026-03-30,6N,6NU7,2027-09-13,0.576000000,3,,
2026-03-31,6N,6NM6,2026-06-15,0.575300000,3,70746,54254
2026-03-31,6N,6NU6,2026-09-14,0.576900000,3,59,15
2026-03-31,6N,6NZ6,2026-12-14,0.578200000,3,,
2026-03-31,6N,6NH7,2027-03-15,0.578950000,3,,
2026-03-31,6N,6NM7,2027-06-14,0.578650000,3,,
2026-03-31,6N,6NU7,2027-09-13,0.578150000,3,,
2026-04-01,6N,6NM6,2026-06-15,0.576000000,3,71256,37336
2026-04-01,6N,6NU6,2026-09-14,0.577700000,3,58,3
2026-04-01,6N,6NZ6,2026-12-14,0.579050000,3,,
2026-04-01,6N,6NH7,2027-03-15,0.579950000,3,,
2026-04-01,6N,6NM7,2027-06-14,0.579850000,3,,
2026-04-01,6N,6NU7,2027-09-13,0.579500000,3,,
2026-04-02,6N,6NM6,2026-06-15,0.573400000,3,73234,39345
2026-04-02,6N,6NU6,2026-09-14,0.575050000,3,59,8
2026-04-02,6N,6NZ6,2026-12-14,0.576350000,3,,
2026-04-02,6N,6NH7,2027-03-15,0.577150000,3,,
2026-04-02,6N,6NM7,2027-06-14,0.576950000,3,,
2026-04-02,6N,6NU7,2027-09-13,0.576450000,3,,
2026-04-03,6N,6NM6,2026-06-15,0.570800000,3,74046,7796
2026-04-03,6N,6NU6,2026-09-14,0.572400000,3,59,2
2026-04-03,6N,6NZ6,2026-12-14,0.573750000,3,,
2026-04-03,6N,6NH7,2027-03-15,0.574550000,3,,
2026-04-03,6N,6NM7,2027-06-14,0.574350000,3,,
2026-04-03,6N,6NU7,2027-09-13,0.573850000,3,,
2026-04-06,6N,6NM6,2026-06-15,0.572950000,3,74004,19619
2026-04-06,6N,6NU6,2026-09-14,0.574600000,3,59,3
2026-04-06,6N,6NZ6,2026-12-14,0.576000000,3,,
2026-04-06,6N,6NH7,2027-03-15,0.576900000,3,,
2026-04-06,6N,6NM7,2027-06-14,0.576800000,3,,
2026-04-06,6N,6NU7,2027-09-13,0.576400000,3,,
2026-04-07,6N,6NM6,2026-06-15,0.572000000,3,76892,37952
2026-04-07,6N,6NU6,2026-09-14,0.573650000,3,60,2
2026-04-07,6N,6NZ6,2026-12-14,0.575050000,3,,
2026-04-07,6N,6NH7,2027-03-15,0.576000000,3,,
2026-04-07,6N,6NM7,2027-06-14,0.575950000,3,,
2026-04-07,6N,6NU7,2027-09-13,0.575650000,3,,
2026-04-08,6N,6NM6,2026-06-15,0.582600000,3,80351,68614
2026-04-08,6N,6NU6,2026-09-14,0.584250000,3,56,7
2026-04-08,6N,6NZ6,2026-12-14,0.585600000,3,,
2026-04-08,6N,6NH7,2027-03-15,0.586450000,3,,
2026-04-08,6N,6NM7,2027-06-14,0.586350000,3,,
2026-04-08,6N,6NU7,2027-09-13,0.586000000,3,,
2026-04-09,6N,6NM6,2026-06-15,0.586900000,3,80461,32107
2026-04-09,6N,6NU6,2026-09-14,0.588450000,3,53,10
2026-04-09,6N,6NZ6,2026-12-14,0.589650000,3,,
2026-04-09,6N,6NH7,2027-03-15,0.590250000,3,,
2026-04-09,6N,6NM7,2027-06-14,0.590000000,3,,
2026-04-09,6N,6NU7,2027-09-13,0.589450000,3,,
2026-04-10,6N,6NM6,2026-06-15,0.585750000,3,79626,24511
2026-04-10,6N,6NU6,2026-09-14,0.587350000,3,53,1
2026-04-10,6N,6NZ6,2026-12-14,0.588550000,3,,
2026-04-10,6N,6NH7,2027-03-15,0.589250000,3,,
2026-04-10,6N,6NM7,2027-06-14,0.589050000,3,,
2026-04-10,6N,6NU7,2027-09-13,0.588550000,3,,
2026-04-13,6N,6NM6,2026-06-15,0.588500000,3,79380,27079
2026-04-13,6N,6NU6,2026-09-14,0.590000000,3,54,7
2026-04-13,6N,6NZ6,2026-12-14,0.591100000,3,,
2026-04-13,6N,6NH7,2027-03-15,0.591650000,3,,
2026-04-13,6N,6NM7,2027-06-14,0.591400000,3,,
2026-04-13,6N,6NU7,2027-09-13,0.590850000,3,,
2026-04-14,6N,6NM6,2026-06-15,0.591650000,3,80671,35632
2026-04-14,6N,6NU6,2026-09-14,0.593150000,3,56,2
2026-04-14,6N,6NZ6,2026-12-14,0.594200000,3,,
2026-04-14,6N,6NH7,2027-03-15,0.594750000,3,,
2026-04-14,6N,6NM7,2027-06-14,0.594600000,3,,
2026-04-14,6N,6NU7,2027-09-13,0.594100000,3,,
2026-04-15,6N,6NM6,2026-06-15,0.592850000,3,80549,22145
2026-04-15,6N,6NU6,2026-09-14,0.594400000,3,54,2
2026-04-15,6N,6NZ6,2026-12-14,0.595500000,3,,
2026-04-15,6N,6NH7,2027-03-15,0.596150000,3,,
2026-04-15,6N,6NM7,2027-06-14,0.596000000,3,,
2026-04-15,6N,6NU7,2027-09-13,0.595600000,3,,
2026-04-16,6N,6NM6,2026-06-15,0.589800000,3,80820,22901
2026-04-16,6N,6NU6,2026-09-14,0.591350000,3,54,0
2026-04-16,6N,6NZ6,2026-12-14,0.592500000,3,,
2026-04-16,6N,6NH7,2027-03-15,0.593100000,3,,
2026-04-16,6N,6NM7,2027-06-14,0.593100000,3,,
2026-04-16,6N,6NU7,2027-09-13,0.592800000,3,,
2026-04-17,6N,6NM6,2026-06-15,0.590250000,3,81587,33874
2026-04-17,6N,6NU6,2026-09-14,0.591800000,3,54,2
2026-04-17,6N,6NZ6,2026-12-14,0.592850000,3,,
2026-04-17,6N,6NH7,2027-03-15,0.593450000,3,,
2026-04-17,6N,6NM7,2027-06-14,0.593350000,3,,
2026-04-17,6N,6NU7,2027-09-13,0.593000000,3,,
2026-04-20,6N,6NM6,2026-06-15,0.589950000,3,82510,31471
2026-04-20,6N,6NU6,2026-09-14,0.591550000,3,54,3
2026-04-20,6N,6NZ6,2026-12-14,0.592700000,3,1,1
2026-04-20,6N,6NH7,2027-03-15,0.593300000,3,,
2026-04-20,6N,6NM7,2027-06-14,0.593300000,3,,
2026-04-20,6N,6NU7,2027-09-13,0.592950000,3,,
2026-04-21,6N,6NM6,2026-06-15,0.590500000,3,82452,46684
2026-04-21,6N,6NU6,2026-09-14,0.591950000,3,55,25
2026-04-21,6N,6NZ6,2026-12-14,0.593000000,3,1,0
2026-04-21,6N,6NH7,2027-03-15,0.593600000,3,,
2026-04-21,6N,6NM7,2027-06-14,0.593550000,3,,
2026-04-21,6N,6NU7,2027-09-13,0.593200000,3,,
2026-04-22,6N,6NM6,2026-06-15,0.591600000,3,82481,23406
2026-04-22,6N,6NU6,2026-09-14,0.593050000,3,54,1
2026-04-22,6N,6NZ6,2026-12-14,0.594050000,3,1,0
2026-04-22,6N,6NH7,2027-03-15,0.594600000,3,,
2026-04-22,6N,6NM7,2027-06-14,0.594550000,3,,
2026-04-22,6N,6NU7,2027-09-13,0.594200000,3,,
2026-04-23,6N,6NM6,2026-06-15,0.587050000,3,83359,41366
2026-04-23,6N,6NU6,2026-09-14,0.588450000,3,63,10
2026-04-23,6N,6NZ6,2026-12-14,0.589450000,3,1,0
2026-04-23,6N,6NH7,2027-03-15,0.589900000,3,,
2026-04-23,6N,6NM7,2027-06-14,0.589900000,3,,
2026-04-23,6N,6NU7,2027-09-13,0.589550000,3,,
2026-04-24,6N,6NM6,2026-06-15,0.589050000,3,83350,27113
2026-04-24,6N,6NU6,2026-09-14,0.590400000,3,64,2
2026-04-24,6N,6NZ6,2026-12-14,0.591350000,3,1,0
2026-04-24,6N,6NH7,2027-03-15,0.591750000,3,,
2026-04-24,6N,6NM7,2027-06-14,0.591650000,3,,
2026-04-24,6N,6NU7,2027-09-13,0.591300000,3,,
2026-04-27,6N,6NM6,2026-06-15,0.591950000,3,83276,20374
2026-04-27,6N,6NU6,2026-09-14,0.593350000,3,62,46
2026-04-27,6N,6NZ6,2026-12-14,0.594250000,3,1,0
2026-04-27,6N,6NH7,2027-03-15,0.594750000,3,,
2026-04-27,6N,6NM7,2027-06-14,0.594650000,3,,
2026-04-27,6N,6NU7,2027-09-13,0.594350000,3,,
2026-04-28,6N,6NM6,2026-06-15,0.589450000,3,83472,27320
2026-04-28,6N,6NU6,2026-09-14,0.590800000,3,56,21
2026-04-28,6N,6NZ6,2026-12-14,0.591650000,3,1,0
2026-04-28,6N,6NH7,2027-03-15,0.592100000,3,,
2026-04-28,6N,6NM7,2027-06-14,0.591950000,3,,
2026-04-28,6N,6NU7,2027-09-13,0.591500000,3,,
2026-04-29,6N,6NM6,2026-06-15,0.583450000,3,83401,39176
2026-04-29,6N,6NU6,2026-09-14,0.584850000,3,59,13
2026-04-29,6N,6NZ6,2026-12-14,0.585850000,3,1,0
2026-04-29,6N,6NH7,2027-03-15,0.586350000,3,,
2026-04-29,6N,6NM7,2027-06-14,0.586350000,3,,
2026-04-29,6N,6NU7,2027-09-13,0.586150000,3,,
2026-04-30,6N,6NM6,2026-06-15,0.591500000,3,84896,48909
2026-04-30,6N,6NU6,2026-09-14,0.592900000,3,58,19
2026-04-30,6N,6NZ6,2026-12-14,0.593850000,3,1,0
2026-04-30,6N,6NH7,2027-03-15,0.594350000,3,,
2026-04-30,6N,6NM7,2027-06-14,0.594350000,3,,
2026-04-30,6N,6NU7,2027-09-13,0.594100000,3,,
2026-05-01,6N,6NM6,2026-06-15,0.591350000,3,85288,29385
2026-05-01,6N,6NU6,2026-09-14,0.592800000,3,62,52
2026-05-01,6N,6NZ6,2026-12-14,0.593850000,3,22,22
2026-05-01,6N,6NH7,2027-03-15,0.594450000,3,,
2026-05-01,6N,6NM7,2027-06-14,0.594550000,3,,
2026-05-01,6N,6NU7,2027-09-13,0.594350000,3,,
2026-05-04,6N,6NM6,2026-06-15,0.588250000,3,84251,44895
2026-05-04,6N,6NU6,2026-09-14,0.589700000,3,73,135
2026-05-04,6N,6NZ6,2026-12-14,0.590850000,3,22,0
2026-05-04,6N,6NH7,2027-03-15,0.591600000,3,,
2026-05-04,6N,6NM7,2027-06-14,0.591900000,3,,
2026-05-04,6N,6NU7,2027-09-13,0.591900000,3,,
2026-05-05,6N,6NM6,2026-06-15,0.589800000,3,85245,33843
2026-05-05,6N,6NU6,2026-09-14,0.591200000,3,73,2
2026-05-05,6N,6NZ6,2026-12-14,0.592300000,3,22,0
2026-05-05,6N,6NH7,2027-03-15,0.593000000,3,,
2026-05-05,6N,6NM7,2027-06-14,0.593200000,3,,
2026-05-05,6N,6NU7,2027-09-13,0.593200000,3,,
2026-05-06,6N,6NM6,2026-06-15,0.596450000,3,85341,51844
2026-05-06,6N,6NU6,2026-09-14,0.597900000,3,76,159
2026-05-06,6N,6NZ6,2026-12-14,0.598800000,3,25,3
2026-05-06,6N,6NH7,2027-03-15,0.599350000,3,,
2026-05-06,6N,6NM7,2027-06-14,0.599500000,3,,
2026-05-06,6N,6NU7,2027-09-13,0.599400000,3,,
2026-05-07,6N,6NM6,2026-06-15,0.596050000,3,84759,37722
2026-05-07,6N,6NU6,2026-09-14,0.597500000,3,92,109
2026-05-07,6N,6NZ6,2026-12-14,0.598550000,3,25,0
2026-05-07,6N,6NH7,2027-03-15,0.599200000,3,,
2026-05-07,6N,6NM7,2027-06-14,0.599450000,3,,
2026-05-07,6N,6NU7,2027-09-13,0.599350000,3,,
2026-05-08,6N,6NM6,2026-06-15,0.596650000,3,85002,24916
2026-05-08,6N,6NU6,2026-09-14,0.598100000,3,92,11
2026-05-08,6N,6NZ6,2026-12-14,0.599100000,3,25,0
2026-05-08,6N,6NH7,2027-03-15,0.599750000,3,,
2026-05-08,6N,6NM7,2027-06-14,0.599900000,3,,
2026-05-08,6N,6NU7,2027-09-13,0.599650000,3,,
2026-05-11,6N,6NM6,2026-06-15,0.596850000,3,85960,19874
2026-05-11,6N,6NU6,2026-09-14,0.598300000,3,89,16
2026-05-11,6N,6NZ6,2026-12-14,0.599350000,3,25,0
2026-05-11,6N,6NH7,2027-03-15,0.600000000,3,,
2026-05-11,6N,6NM7,2027-06-14,0.600150000,3,,
2026-05-11,6N,6NU7,2027-09-13,0.599950000,3,,
2026-05-12,6N,6NM6,2026-06-15,0.595800000,3,86114,25859
2026-05-12,6N,6NU6,2026-09-14,0.597200000,3,88,18
2026-05-12,6N,6NZ6,2026-12-14,0.598250000,3,25,1
2026-05-12,6N,6NH7,2027-03-15,0.598900000,3,,
2026-05-12,6N,6NM7,2027-06-14,0.599050000,3,,
2026-05-12,6N,6NU7,2027-09-13,0.598800000,3,,
2026-05-13,6N,6NM6,2026-06-15,0.593900000,3,85019,26692
2026-05-13,6N,6NU6,2026-09-14,0.595350000,3,92,25
2026-05-13,6N,6NZ6,2026-12-14,0.596400000,3,25,0
2026-05-13,6N,6NH7,2027-03-15,0.597100000,3,,
2026-05-13,6N,6NM7,2027-06-14,0.597300000,3,,
2026-05-13,6N,6NU7,2027-09-13,0.597050000,3,,
2026-05-14,6N,6NM6,2026-06-15,0.592350000,3,87335,27015
2026-05-14,6N,6NU6,2026-09-14,0.593850000,3,92,14
2026-05-14,6N,6NZ6,2026-12-14,0.594950000,3,25,0
2026-05-14,6N,6NH7,2027-03-15,0.595650000,3,,
2026-05-14,6N,6NM7,2027-06-14,0.595900000,3,,
2026-05-14,6N,6NU7,2027-09-13,0.595750000,3,,
2026-05-15,6N,6NM6,2026-06-15,0.584650000,3,89612,35304
2026-05-15,6N,6NU6,2026-09-14,0.586100000,3,1173,1122
2026-05-15,6N,6NZ6,2026-12-14,0.587250000,3,20,6
2026-05-15,6N,6NH7,2027-03-15,0.588100000,3,,
2026-05-15,6N,6NM7,2027-06-14,0.588450000,3,,
2026-05-15,6N,6NU7,2027-09-13,0.588400000,3,,
2026-05-18,6N,6NM6,2026-06-15,0.586450000,3,82130,48254
2026-05-18,6N,6NU6,2026-09-14,0.587950000,3,9694,12587
2026-05-18,6N,6NZ6,2026-12-14,0.589050000,3,20,1
2026-05-18,6N,6NH7,2027-03-15,0.589850000,3,,
2026-05-18,6N,6NM7,2027-06-14,0.590200000,3,,
2026-05-18,6N,6NU7,2027-09-13,0.590150000,3,,
2026-05-19,6N,6NM6,2026-06-15,0.583950000,3,77125,40843
2026-05-19,6N,6NU6,2026-09-14,0.585450000,3,15400,13771
2026-05-19,6N,6NZ6,2026-12-14,0.586650000,3,20,1
2026-05-19,6N,6NH7,2027-03-15,0.587500000,3,,
2026-05-19,6N,6NM7,2027-06-14,0.588000000,3,,
2026-05-19,6N,6NU7,2027-09-13,0.588050000,3,,
2026-05-20,6N,6NM6,2026-06-15,0.587850000,3,71455,53930
2026-05-20,6N,6NU6,2026-09-14,0.589350000,3,26465,13934
2026-05-20,6N,6NZ6,2026-12-14,0.590550000,3,20,3
2026-05-20,6N,6NH7,2027-03-15,0.591400000,3,,
2026-05-20,6N,6NM7,2027-06-14,0.591850000,3,,
2026-05-20,6N,6NU7,2027-09-13,0.591900000,3,,
2026-05-21,6N,6NM6,2026-06-15,0.587400000,3,68591,41703
2026-05-21,6N,6NU6,2026-09-14,0.589000000,3,21761,6161
2026-05-21,6N,6NZ6,2026-12-14,0.590250000,3,20,0
2026-05-21,6N,6NH7,2027-03-15,0.591150000,3,,
2026-05-21,6N,6NM7,2027-06-14,0.591650000,3,,
2026-05-21,6N,6NU7,2027-09-13,0.591700000,3,,
2026-05-22,6N,6NM6,2026-06-15,0.586250000,3,68582,27312
2026-05-22,6N,6NU6,2026-09-14,0.587850000,3,21119,4932
2026-05-22,6N,6NZ6,2026-12-14,0.589150000,3,20,0
2026-05-22,6N,6NH7,2027-03-15,0.590200000,3,,
2026-05-22,6N,6NM7,2027-06-14,0.590800000,3,,
2026-05-22,6N,6NU7,2027-09-13,0.591000000,3,,
2026-05-26,6N,6NM6,2026-06-15,0.583950000,3,70896,35882
2026-05-26,6N,6NU6,2026-09-14,0.585550000,3,20498,11413
2026-05-26,6N,6NZ6,2026-12-14,0.586900000,3,20,5
2026-05-26,6N,6NH7,2027-03-15,0.587950000,3,,
2026-05-26,6N,6NM7,2027-06-14,0.588550000,3,,
2026-05-26,6N,6NU7,2027-09-13,0.588800000,3,,
2026-05-27,6N,6NM6,2026-06-15,0.590000000,3,88552,77477
2026-05-27,6N,6NU6,2026-09-14,0.591550000,3,26118,11804
2026-05-27,6N,6NZ6,2026-12-14,0.592800000,3,20,0
2026-05-27,6N,6NH7,2027-03-15,0.593700000,3,,
2026-05-27,6N,6NM7,2027-06-14,0.594150000,3,,
2026-05-27,6N,6NU7,2027-09-13,0.594350000,3,,
2026-05-28,6N,6NM6,2026-06-15,0.593300000,3,90438,45328
2026-05-28,6N,6NU6,2026-09-14,0.594900000,3,29720,13410
2026-05-28,6N,6NZ6,2026-12-14,0.596100000,3,20,0
2026-05-28,6N,6NH7,2027-03-15,0.596950000,3,,
2026-05-28,6N,6NM7,2027-06-14,0.597450000,3,,
2026-05-28,6N,6NU7,2027-09-13,0.597550000,3,,
2026-05-29,6N,6NM6,2026-06-15,0.598750000,3,93660,38230
2026-05-29,6N,6NU6,2026-09-14,0.600350000,3,31788,2459
2026-05-29,6N,6NZ6,2026-12-14,0.601550000,3,20,1
2026-05-29,6N,6NH7,2027-03-15,0.602400000,3,,
2026-05-29,6N,6NM7,2027-06-14,0.602900000,3,,
2026-05-29,6N,6NU7,2027-09-13,0.603000000,3,,
2026-06-01,6N,6NM6,2026-06-15,0.593950000,3,88975,51799
2026-06-01,6N,6NU6,2026-09-14,0.595550000,3,32334,7820
2026-06-01,6N,6NZ6,2026-12-14,0.596750000,3,23,4
2026-06-01,6N,6NH7,2027-03-15,0.597650000,3,,
2026-06-01,6N,6NM7,2027-06-14,0.598200000,3,,
2026-06-01,6N,6NU7,2027-09-13,0.598400000,3,,
2026-06-01,6N,6NZ7,2027-12-13,0.000000000,1,,
2026-06-02,6N,6NM6,2026-06-15,0.592750000,3,96291,33776
2026-06-02,6N,6NU6,2026-09-14,0.594300000,3,40334,10810
2026-06-02,6N,6NZ6,2026-12-14,0.595550000,3,23,0
2026-06-02,6N,6NH7,2027-03-15,0.596450000,3,,
2026-06-02,6N,6NM7,2027-06-14,0.597050000,3,,
2026-06-02,6N,6NU7,2027-09-13,0.597250000,3,,
2026-06-03,6N,6NM6,2026-06-15,0.586550000,3,94364,47023
2026-06-03,6N,6NU6,2026-09-14,0.588100000,3,47625,16025
2026-06-03,6N,6NZ6,2026-12-14,0.589350000,3,23,3
2026-06-03,6N,6NH7,2027-03-15,0.590300000,3,,
2026-06-03,6N,6NM7,2027-06-14,0.590950000,3,,
2026-06-03,6N,6NU7,2027-09-13,0.591300000,3,,
2026-06-04,6N,6NM6,2026-06-15,0.587200000,3,90413,27018
2026-06-04,6N,6NU6,2026-09-14,0.588750000,3,48530,4140
2026-06-04,6N,6NZ6,2026-12-14,0.590000000,3,23,0
2026-06-04,6N,6NH7,2027-03-15,0.590950000,3,,
2026-06-04,6N,6NM7,2027-06-14,0.591600000,3,,
2026-06-04,6N,6NU7,2027-09-13,0.591900000,3,,
2026-06-05,6N,6NM6,2026-06-15,0.579850000,3,92891,42775
2026-06-05,6N,6NU6,2026-09-14,0.581400000,3,50291,5418
2026-06-05,6N,6NZ6,2026-12-14,0.582700000,3,23,1
2026-06-05,6N,6NH7,2027-03-15,0.583900000,3,,
2026-06-05,6N,6NM7,2027-06-14,0.584750000,3,,
2026-06-05,6N,6NU7,2027-09-13,0.585250000,3,,
2026-06-08,6N,6NM6,2026-06-15,0.581100000,3,85873,51346
2026-06-08,6N,6NU6,2026-09-14,0.582650000,3,59253,15723
2026-06-08,6N,6NZ6,2026-12-14,0.584000000,3,66,86
2026-06-08,6N,6NH7,2027-03-15,0.585050000,3,,
2026-06-08,6N,6NM7,2027-06-14,0.585900000,3,,
2026-06-08,6N,6NU7,2027-09-13,0.586200000,3,,
2026-06-09,6N,6NM6,2026-06-15,0.582200000,3,84284,42119
2026-06-09,6N,6NU6,2026-09-14,0.583800000,3,64834,12174
2026-06-09,6N,6NZ6,2026-12-14,0.585100000,3,67,3
2026-06-09,6N,6NH7,2027-03-15,0.586150000,3,,
2026-06-09,6N,6NM7,2027-06-14,0.587000000,3,,
2026-06-09,6N,6NU7,2027-09-13,0.587450000,3,,
2026-06-10,6N,6NM6,2026-06-15,0.581050000,3,71594,61553
2026-06-10,6N,6NU6,2026-09-14,0.582600000,3,78145,32919
2026-06-10,6N,6NZ6,2026-12-14,0.583900000,3,68,1
2026-06-10,6N,6NH7,2027-03-15,0.585000000,3,,
2026-06-10,6N,6NM7,2027-06-14,0.585850000,3,,
2026-06-10,6N,6NU7,2027-09-13,0.586400000,3,,
2026-06-11,6N,6NM6,2026-06-15,0.581900000,3,49887,64259
2026-06-11,6N,6NU6,2026-09-14,0.583400000,3,92022,48630
2026-06-11,6N,6NZ6,2026-12-14,0.584650000,3,70,59
2026-06-11,6N,6NH7,2027-03-15,0.585700000,3,,
2026-06-11,6N,6NM7,2027-06-14,0.586500000,3,,
2026-06-11,6N,6NU7,2027-09-13,0.586800000,3,,
2026-06-12,6N,6NM6,2026-06-15,0.583350000,3,37458,24646
2026-06-12,6N,6NU6,2026-09-14,0.584850000,3,98279,58847
2026-06-12,6N,6NZ6,2026-12-14,0.586150000,3,74,7
2026-06-12,6N,6NH7,2027-03-15,0.587300000,3,,
2026-06-12,6N,6NM7,2027-06-14,0.588200000,3,,
2026-06-12,6N,6NU7,2027-09-13,0.588750000,3,,
2026-06-15,6N,6NM6,2026-06-15,0.584200000,2,37453,1089
2026-06-15,6N,6NU6,2026-09-14,0.584150000,3,97634,30844
2026-06-15,6N,6NZ6,2026-12-14,0.585500000,3,78,7
2026-06-15,6N,6NH7,2027-03-15,0.586700000,3,,
2026-06-15,6N,6NM7,2027-06-14,0.587750000,3,,
2026-06-15,6N,6NU7,2027-09-13,0.588350000,3,,
2026-06-15,6N,6NZ7,2027-12-13,0.588950000,3,,
2026-06-16,6N,6NM6,2026-06-15,,,37453,0
2026-06-16,6N,6NU6,2026-09-14,0.585200000,3,97639,26477
2026-06-16,6N,6NZ6,2026-12-14,0.586600000,3,79,4
2026-06-16,6N,6NH7,2027-03-15,0.587850000,3,,
2026-06-16,6N,6NM7,2027-06-14,0.588900000,3,,
2026-06-16,6N,6NU7,2027-09-13,0.589550000,3,,
2026-06-16,6N,6NZ7,2027-12-13,0.590150000,3,,
2026-06-17,6N,6NM6,2026-06-15,,,0,0
2026-06-17,6N,6NU6,2026-09-14,0.580150000,3,98467,44373
2026-06-17,6N,6NZ6,2026-12-14,0.581600000,3,80,2
2026-06-17,6N,6NH7,2027-03-15,0.582900000,3,1,1
2026-06-17,6N,6NM7,2027-06-14,0.583950000,3,,
2026-06-17,6N,6NU7,2027-09-13,0.584700000,3,,
2026-06-17,6N,6NZ7,2027-12-13,0.585400000,3,,
2026-06-18,6N,6NM6,2026-06-15,,,0,0
2026-06-18,6N,6NU6,2026-09-14,0.576950000,3,98500,37921
2026-06-18,6N,6NZ6,2026-12-14,0.578450000,3,79,4
2026-06-18,6N,6NH7,2027-03-15,0.579850000,3,1,0
2026-06-18,6N,6NM7,2027-06-14,0.581050000,3,,
2026-06-18,6N,6NU7,2027-09-13,0.581750000,3,,
2026-06-18,6N,6NZ7,2027-12-13,0.582400000,3,,
2026-06-19,6N,6NU6,2026-09-14,,,98518,0
2026-06-19,6N,6NZ6,2026-12-14,,,79,0
2026-06-19,6N,6NH7,2027-03-15,,,1,0
2026-06-22,6N,6NU6,2026-09-14,0.572700000,3,100863,44924
2026-06-22,6N,6NZ6,2026-12-14,0.574300000,3,85,10
2026-06-22,6N,6NH7,2027-03-15,0.575750000,3,1,0
2026-06-22,6N,6NM7,2027-06-14,0.577100000,3,,
2026-06-22,6N,6NU7,2027-09-13,0.577900000,3,,
2026-06-22,6N,6NZ7,2027-12-13,0.578600000,3,,
2026-06-23,6N,6NU6,2026-09-14,0.568050000,3,103195,31832
2026-06-23,6N,6NZ6,2026-12-14,0.569600000,3,101,17
2026-06-23,6N,6NH7,2027-03-15,0.571050000,3,1,0
2026-06-23,6N,6NM7,2027-06-14,0.572350000,3,,
2026-06-23,6N,6NU7,2027-09-13,0.573100000,3,,
2026-06-23,6N,6NZ7,2027-12-13,0.573800000,3,,
2026-06-24,6N,6NU6,2026-09-14,0.565400000,3,104750,33302
2026-06-24,6N,6NZ6,2026-12-14,0.567000000,3,103,9
2026-06-24,6N,6NH7,2027-03-15,0.568400000,3,1,0
2026-06-24,6N,6NM7,2027-06-14,0.569650000,3,,
2026-06-24,6N,6NU7,2027-09-13,0.570400000,3,,
2026-06-24,6N,6NZ7,2027-12-13,0.571100000,3,,
2026-06-25,6N,6NU6,2026-09-14,0.566400000,3,107395,35729
2026-06-25,6N,6NZ6,2026-12-14,0.568000000,3,122,22
2026-06-25,6N,6NH7,2027-03-15,0.569450000,3,1,0
2026-06-25,6N,6NM7,2027-06-14,0.570700000,3,,
2026-06-25,6N,6NU7,2027-09-13,0.571450000,3,,
2026-06-25,6N,6NZ7,2027-12-13,0.572050000,3,,
2026-06-26,6N,6NU6,2026-09-14,0.565250000,3,107347,28338
2026-06-26,6N,6NZ6,2026-12-14,0.566850000,3,126,20
2026-06-26,6N,6NH7,2027-03-15,0.568300000,3,1,0
2026-06-26,6N,6NM7,2027-06-14,0.569450000,3,,
2026-06-26,6N,6NU7,2027-09-13,0.570150000,3,,
2026-06-26,6N,6NZ7,2027-12-13,0.570700000,3,,
2026-06-29,6N,6NU6,2026-09-14,0.566750000,3,108624,17941
2026-06-29,6N,6NZ6,2026-12-14,0.568350000,3,124,9
2026-06-29,6N,6NH7,2027-03-15,0.569850000,3,1,0
2026-06-29,6N,6NM7,2027-06-14,0.571050000,3,,
2026-06-29,6N,6NU7,2027-09-13,0.571800000,3,,
2026-06-29,6N,6NZ7,2027-12-13,0.572400000,3,,
2026-06-30,6N,6NU6,2026-09-14,0.569400000,3,110205,34041
2026-06-30,6N,6NZ6,2026-12-14,0.571000000,3,125,12
2026-06-30,6N,6NH7,2027-03-15,0.572500000,3,1,0
2026-06-30,6N,6NM7,2027-06-14,0.573700000,3,,
2026-06-30,6N,6NU7,2027-09-13,0.574500000,3,,
2026-06-30,6N,6NZ7,2027-12-13,0.575150000,3,,
2026-07-01,6N,6NU6,2026-09-14,0.568600000,3,111023,27211
2026-07-01,6N,6NZ6,2026-12-14,0.570200000,3,123,2
2026-07-01,6N,6NH7,2027-03-15,0.571650000,3,2,1
2026-07-01,6N,6NM7,2027-06-14,0.572850000,3,,
2026-07-01,6N,6NU7,2027-09-13,0.573600000,3,,
2026-07-01,6N,6NZ7,2027-12-13,0.574300000,3,,
2026-07-02,6N,6NU6,2026-09-14,0.571000000,3,112786,29354
2026-07-02,6N,6NZ6,2026-12-14,0.572550000,3,104,33
2026-07-02,6N,6NH7,2027-03-15,0.573900000,3,2,0
2026-07-02,6N,6NM7,2027-06-14,0.575100000,3,,
2026-07-02,6N,6NU7,2027-09-13,0.575850000,3,,
2026-07-02,6N,6NZ7,2027-12-13,0.576450000,3,,
2026-07-03,6N,6NU6,2026-09-14,,,112786,0
2026-07-03,6N,6NZ6,2026-12-14,,,104,0
2026-07-03,6N,6NH7,2027-03-15,,,2,0
2026-07-06,6N,6NU6,2026-09-14,0.571700000,3,112004,27982
2026-07-06,6N,6NZ6,2026-12-14,0.573300000,3,107,6
2026-07-06,6N,6NH7,2027-03-15,0.574700000,3,2,0
2026-07-06,6N,6NM7,2027-06-14,0.575900000,3,,
2026-07-06,6N,6NU7,2027-09-13,0.576650000,3,,
2026-07-06,6N,6NZ7,2027-12-13,0.577250000,3,,
2026-07-07,6N,6NU6,2026-09-14,0.569550000,3,113424,21198
2026-07-07,6N,6NZ6,2026-12-14,0.571150000,3,109,4
2026-07-07,6N,6NH7,2027-03-15,0.572600000,3,2,0
2026-07-07,6N,6NM7,2027-06-14,0.573850000,3,,
2026-07-07,6N,6NU7,2027-09-13,0.574650000,3,,
2026-07-07,6N,6NZ7,2027-12-13,0.575350000,3,,
2026-07-08,6N,6NU6,2026-09-14,0.571850000,3,114646,40779
2026-07-08,6N,6NZ6,2026-12-14,0.573400000,3,108,5
2026-07-08,6N,6NH7,2027-03-15,0.574850000,3,2,0
2026-07-08,6N,6NM7,2027-06-14,0.576100000,3,,
2026-07-08,6N,6NU7,2027-09-13,0.577000000,3,,
2026-07-08,6N,6NZ7,2027-12-13,0.577800000,3,,
2026-07-09,6N,6NU6,2026-09-14,0.576950000,3,116899,30867
2026-07-09,6N,6NZ6,2026-12-14,0.578400000,3,104,22
2026-07-09,6N,6NH7,2027-03-15,0.579600000,3,2,0
2026-07-09,6N,6NM7,2027-06-14,0.580600000,3,,
2026-07-09,6N,6NU7,2027-09-13,0.581250000,3,,
2026-07-09,6N,6NZ7,2027-12-13,0.581700000,3,,
2026-07-10,6N,6NU6,2026-09-14,0.577550000,3,118694,35736
2026-07-10,6N,6NZ6,2026-12-14,0.579050000,3,102,9
2026-07-10,6N,6NH7,2027-03-15,0.580350000,3,2,0
2026-07-10,6N,6NM7,2027-06-14,0.581450000,3,,
2026-07-10,6N,6NU7,2027-09-13,0.582150000,3,,
2026-07-10,6N,6NZ7,2027-12-13,0.582700000,3,,
2026-07-13,6N,6NU6,2026-09-14,0.576500000,3,120175,33494
2026-07-13,6N,6NZ6,2026-12-14,0.578050000,3,102,2
2026-07-13,6N,6NH7,2027-03-15,0.579400000,3,2,0
2026-07-13,6N,6NM7,2027-06-14,0.580500000,3,,
2026-07-13,6N,6NU7,2027-09-13,0.581100000,3,,
2026-07-13,6N,6NZ7,2027-12-13,0.581500000,3,,
2026-07-14,6N,6NU6,2026-09-14,0.582100000,3,118084,49917
2026-07-14,6N,6NZ6,2026-12-14,0.583450000,3,104,59
2026-07-14,6N,6NH7,2027-03-15,0.584600000,3,2,0
2026-07-14,6N,6NM7,2027-06-14,0.585450000,3,,
2026-07-14,6N,6NU7,2027-09-13,0.585950000,3,,
2026-07-14,6N,6NZ7,2027-12-13,0.586250000,3,,
2026-07-15,6N,6NU6,2026-09-14,0.586300000,3,116468,32932
2026-07-15,6N,6NZ6,2026-12-14,0.587600000,3,104,18
2026-07-15,6N,6NH7,2027-03-15,0.588650000,3,2,0
2026-07-15,6N,6NM7,2027-06-14,0.589450000,3,,
2026-07-15,6N,6NU7,2027-09-13,0.589900000,3,,
2026-07-15,6N,6NZ7,2027-12-13,0.590150000,3,,
2026-07-16,6N,6NU6,2026-09-14,0.585250000,3,112719,30286
2026-07-16,6N,6NZ6,2026-12-14,0.586600000,3,105,4
2026-07-16,6N,6NH7,2027-03-15,0.587700000,3,2,0
2026-07-16,6N,6NM7,2027-06-14,0.588600000,3,,
2026-07-16,6N,6NU7,2027-09-13,0.589150000,3,,
2026-07-16,6N,6NZ7,2027-12-13,0.589550000,3,,
2026-07-17,6N,6NU6,2026-09-14,0.585250000,3,112588,25998
2026-07-17,6N,6NZ6,2026-12-14,0.586600000,3,105,0
2026-07-17,6N,6NH7,2027-03-15,0.587750000,3,2,0
2026-07-17,6N,6NM7,2027-06-14,0.588650000,3,,
2026-07-17,6N,6NU7,2027-09-13,0.589200000,3,,
2026-07-17,6N,6NZ7,2027-12-13,0.589500000,3,,
2026-07-20,6N,6NU6,2026-09-14,0.585200000,3,111502,27732
2026-07-20,6N,6NZ6,2026-12-14,0.586550000,3,175,74
2026-07-20,6N,6NH7,2027-03-15,0.587700000,3,2,0
2026-07-20,6N,6NM7,2027-06-14,0.588500000,3,,
2026-07-20,6N,6NU7,2027-09-13,0.588950000,3,,
2026-07-20,6N,6NZ7,2027-12-13,0.589350000,3,,
2026-07-21,6N,6NU6,2026-09-14,0.584000000,3,108650,30632
2026-07-21,6N,6NZ6,2026-12-14,0.585400000,3,148,124
2026-07-21,6N,6NH7,2027-03-15,0.586600000,3,2,0
2026-07-21,6N,6NM7,2027-06-14,0.587550000,3,,
2026-07-21,6N,6NU7,2027-09-13,0.588100000,3,,
2026-07-21,6N,6NZ7,2027-12-13,0.588500000,3,,
2026-07-22,6N,6NU6,2026-09-14,0.582400000,3,107479,19595
2026-07-22,6N,6NZ6,2026-12-14,0.583850000,3,117,65
2026-07-22,6N,6NH7,2027-03-15,0.585050000,3,2,0
2026-07-22,6N,6NM7,2027-06-14,0.586050000,3,,
2026-07-22,6N,6NU7,2027-09-13,0.586700000,3,,
2026-07-22,6N,6NZ7,2027-12-13,0.587100000,3,,
2026-07-23,6N,6NU6,2026-09-14,0.577850000,3,106935,34133
2026-07-23,6N,6NZ6,2026-12-14,0.579300000,3,119,4
2026-07-23,6N,6NH7,2027-03-15,0.580600000,3,2,0
2026-07-23,6N,6NM7,2027-06-14,0.581600000,3,,
2026-07-23,6N,6NU7,2027-09-13,0.582200000,3,,
2026-07-23,6N,6NZ7,2027-12-13,0.582650000,3,,
2026-07-24,6N,6NU6,2026-09-14,0.579850000,3,105756,23846
2026-07-24,6N,6NZ6,2026-12-14,0.581300000,3,120,16
2026-07-24,6N,6NH7,2027-03-15,0.582550000,3,2,0
2026-07-24,6N,6NM7,2027-06-14,0.583450000,3,,
2026-07-24,6N,6NU7,2027-09-13,0.583950000,3,,
2026-07-24,6N,6NZ7,2027-12-13,0.584150000,3,,
2026-07-27,6N,6NU6,2026-09-14,0.578350000,3,104834,24082
2026-07-27,6N,6NZ6,2026-12-14,0.579850000,3,124,13
2026-07-27,6N,6NH7,2027-03-15,0.581100000,3,7,5
2026-07-27,6N,6NM7,2027-06-14,0.582050000,3,,
2026-07-27,6N,6NU7,2027-09-13,0.582700000,3,,
2026-07-27,6N,6NZ7,2027-12-13,0.583000000,3,,
2026-07-28,6N,6NU6,2026-09-14,0.579750000,3,104992,21318
2026-07-28,6N,6NZ6,2026-12-14,0.581250000,3,129,15
2026-07-28,6N,6NH7,2027-03-15,0.582450000,3,7,0
2026-07-28,6N,6NM7,2027-06-14,0.583400000,3,,
2026-07-28,6N,6NU7,2027-09-13,0.584000000,3,,
2026-07-28,6N,6NZ7,2027-12-13,0.584500000,3,,
2026-07-29,6N,6NU6,2026-09-14,0.582800000,3,106239,46924
2026-07-29,6N,6NZ6,2026-12-14,0.584300000,3,128,29
2026-07-29,6N,6NH7,2027-03-15,0.585650000,3,7,0
2026-07-29,6N,6NM7,2027-06-14,0.586750000,3,,
2026-07-29,6N,6NU7,2027-09-13,0.587450000,3,,
2026-07-29,6N,6NZ7,2027-12-13,0.587950000,3,,
2026-07-30,6N,6NU6,2026-09-14,0.588950000,3,104647,52052
2026-07-30,6N,6NZ6,2026-12-14,0.590300000,3,128,20
2026-07-30,6N,6NH7,2027-03-15,0.591450000,3,7,0
2026-07-30,6N,6NM7,2027-06-14,0.592350000,3,,
2026-07-30,6N,6NU7,2027-09-13,0.592950000,3,,
2026-07-30,6N,6NZ7,2027-12-13,0.593350000,3,,
2026-07-31,6N,6NU6,2026-09-14,0.589750000,3,102255,47532
2026-07-31,6N,6NZ6,2026-12-14,0.591150000,3,123,40
2026-07-31,6N,6NH7,2027-03-15,0.592400000,3,7,0
2026-07-31,6N,6NM7,2027-06-14,0.593400000,3,,
2026-07-31,6N,6NU7,2027-09-13,0.594150000,3,,
2026-07-31,6N,6NZ7,2027-12-13,0.594600000,3,,
2026-08-03,6N,6NU6,2026-09-14,0.587750000,3,102818,26919
2026-08-03,6N,6NZ6,2026-12-14,0.589150000,3,122,29
2026-08-03,6N,6NH7,2027-03-15,0.590400000,3,7,0
2026-08-03,6N,6NM7,2027-06-14,0.591350000,3,,
2026-08-03,6N,6NU7,2027-09-13,0.592000000,3,,
2026-08-03,6N,6NZ7,2027-12-13,0.592400000,3,,
2026-08-04,6N,6NU6,2026-09-14,0.590000000,3,101781,19596
2026-08-04,6N,6NZ6,2026-12-14,0.591400000,3,120,7
2026-08-04,6N,6NH7,2027-03-15,0.592600000,3,7,0
2026-08-04,6N,6NM7,2027-06-14,0.593500000,3,,
2026-08-04,6N,6NU7,2027-09-13,0.594100000,3,,
2026-08-04,6N,6NZ7,2027-12-13,0.594550000,3,,
2026-08-05,6N,6NU6,2026-09-14,0.589700000,3,100427,24858
2026-08-05,6N,6NZ6,2026-12-14,0.591150000,3,125,18
2026-08-05,6N,6NH7,2027-03-15,0.592400000,3,7,0
2026-08-05,6N,6NM7,2027-06-14,0.593400000,3,,
2026-08-05,6N,6NU7,2027-09-13,0.594100000,3,,
2026-08-05,6N,6NZ7,2027-12-13,0.594550000,3,,
2026-08-06,6N,6NU6,2026-09-14,0.587850000,3,99514,18939
2026-08-06,6N,6NZ6,2026-12-14,0.589300000,3,126,18
2026-08-06,6N,6NH7,2027-03-15,0.590600000,3,7,0
2026-08-06,6N,6NM7,2027-06-14,0.591650000,3,,
2026-08-06,6N,6NU7,2027-09-13,0.592400000,3,,
2026-08-06,6N,6NZ7,2027-12-13,0.592950000,3,,
2026-08-07,6N,6NU6,2026-09-14,0.590200000,3,99393,22188
2026-08-07,6N,6NZ6,2026-12-14,0.591600000,3,128,8
2026-08-07,6N,6NH7,2027-03-15,0.592800000,3,7,0
2026-08-07,6N,6NM7,2027-06-14,0.593750000,3,,
2026-08-07,6N,6NU7,2027-09-13,0.594450000,3,,
2026-08-07,6N,6NZ7,2027-12-13,0.594850000,3,,
2026-08-10,6N,6NU6,2026-09-14,0.588850000,3,97930,15653
2026-08-10,6N,6NZ6,2026-12-14,0.590300000,3,132,38
2026-08-10,6N,6NH7,2027-03-15,0.591550000,3,7,0
2026-08-10,6N,6NM7,2027-06-14,0.592550000,3,,
2026-08-10,6N,6NU7,2027-09-13,0.593300000,3,,
2026-08-10,6N,6NZ7,2027-12-13,0.593700000,3,,
2026-08-11,6N,6NU6,2026-09-14,0.588550000,3,96702,22929
2026-08-11,6N,6NZ6,2026-12-14,0.590000000,3,131,30
2026-08-11,6N,6NH7,2027-03-15,0.591250000,3,7,0
2026-08-11,6N,6NM7,2027-06-14,0.592200000,3,,
2026-08-11,6N,6NU7,2027-09-13,0.592950000,3,,
2026-08-11,6N,6NZ7,2027-12-13,0.593400000,3,,
2026-08-12,6N,6NU6,2026-09-14,0.586200000,3,96120,29631
2026-08-12,6N,6NZ6,2026-12-14,0.587600000,3,130,52
2026-08-12,6N,6NH7,2027-03-15,0.588800000,3,7,0
2026-08-12,6N,6NM7,2027-06-14,0.589750000,3,,
2026-08-12,6N,6NU7,2027-09-13,0.590450000,3,,
2026-08-12,6N,6NZ7,2027-12-13,0.590950000,3,,
2026-08-13,6N,6NU6,2026-09-14,0.585400000,3,95229,23961
2026-08-13,6N,6NZ6,2026-12-14,0.586800000,3,130,19
2026-08-13,6N,6NH7,2027-03-15,0.588000000,3,7,0
2026-08-13,6N,6NM7,2027-06-14,0.588950000,3,,
2026-08-13,6N,6NU7,2027-09-13,0.589600000,3,,
2026-08-13,6N,6NZ7,2027-12-13,0.590050000,3,,
2026-08-14,6N,6NU6,2026-09-14,0.589350000,3,93380,24559
2026-08-14,6N,6NZ6,2026-12-14,0.590750000,3,130,41
2026-08-14,6N,6NH7,2027-03-15,0.591950000,3,7,0
2026-08-14,6N,6NM7,2027-06-14,0.592900000,3,,
2026-08-14,6N,6NU7,2027-09-13,0.593550000,3,,
2026-08-14,6N,6NZ7,2027-12-13,0.593950000,3,,
2026-08-17,6N,6NU6,2026-09-14,0.590500000,3,92504,26257
2026-08-17,6N,6NZ6,2026-12-14,0.591850000,3,137,42
2026-08-17,6N,6NH7,2027-03-15,0.593050000,3,7,0
2026-08-17,6N,6NM7,2027-06-14,0.594000000,3,,
2026-08-17,6N,6NU7,2027-09-13,0.594700000,3,,
2026-08-17,6N,6NZ7,2027-12-13,0.595100000,3,,
2026-08-18,6N,6NU6,2026-09-14,0.587700000,3,88991,28404
2026-08-18,6N,6NZ6,2026-12-14,0.589100000,3,155,43
2026-08-18,6N,6NH7,2027-03-15,0.590300000,3,7,0
2026-08-18,6N,6NM7,2027-06-14,0.591250000,3,,
2026-08-18,6N,6NU7,2027-09-13,0.591950000,3,,
2026-08-18,6N,6NZ7,2027-12-13,0.592350000,3,,
2026-08-19,6N,6NU6,2026-09-14,0.594000000,3,88711,43228
2026-08-19,6N,6NZ6,2026-12-14,0.595400000,3,163,53
2026-08-19,6N,6NH7,2027-03-15,0.596650000,3,7,0
2026-08-19,6N,6NM7,2027-06-14,0.597650000,3,,
2026-08-19,6N,6NU7,2027-09-13,0.598450000,3,,
2026-08-19,6N,6NZ7,2027-12-13,0.598950000,3,,
2026-08-20,6N,6NU6,2026-09-14,0.594500000,3,89365,40143
2026-08-20,6N,6NZ6,2026-12-14,0.595850000,3,178,61
2026-08-20,6N,6NH7,2027-03-15,0.597050000,3,7,0
2026-08-20,6N,6NM7,2027-06-14,0.598000000,3,,
2026-08-20,6N,6NU7,2027-09-13,0.598800000,3,,
2026-08-20,6N,6NZ7,2027-12-13,0.599200000,3,,
2026-08-21,6N,6NU6,2026-09-14,0.598700000,3,87518,33094
2026-08-21,6N,6NZ6,2026-12-14,0.600100000,3,203,55
2026-08-21,6N,6NH7,2027-03-15,0.601300000,3,7,0
2026-08-21,6N,6NM7,2027-06-14,0.602350000,3,,
2026-08-21,6N,6NU7,2027-09-13,0.603200000,3,,
2026-08-21,6N,6NZ7,2027-12-13,0.603650000,3,,
2026-08-24,6N,6NU6,2026-09-14,0.596050000,3,87648,32093
2026-08-24,6N,6NZ6,2026-12-14,0.597400000,3,220,90
2026-08-24,6N,6NH7,2027-03-15,0.598650000,3,7,0
2026-08-24,6N,6NM7,2027-06-14,0.599700000,3,,
2026-08-24,6N,6NU7,2027-09-13,0.600550000,3,,
2026-08-24,6N,6NZ7,2027-12-13,0.601100000,3,,
2026-08-25,6N,6NU6,2026-09-14,0.597650000,3,88621,27151
2026-08-25,6N,6NZ6,2026-12-14,0.599050000,3,336,293
2026-08-25,6N,6NH7,2027-03-15,0.600250000,3,7,0
2026-08-25,6N,6NM7,2027-06-14,0.601300000,3,,
2026-08-25,6N,6NU7,2027-09-13,0.602100000,3,,
2026-08-25,6N,6NZ7,2027-12-13,0.602550000,3,,
2026-08-26,6N,6NU6,2026-09-14,0.594450000,3,92659,42096
2026-08-26,6N,6NZ6,2026-12-14,0.595800000,3,5818,10880
2026-08-26,6N,6NH7,2027-03-15,0.597100000,3,7,0
2026-08-26,6N,6NM7,2027-06-14,0.598150000,3,,
2026-08-26,6N,6NU7,2027-09-13,0.599000000,3,,
2026-08-26,6N,6NZ7,2027-12-13,0.599500000,3,,
2026-08-27,6N,6NU6,2026-09-14,0.595150000,3,86943,35702
2026-08-27,6N,6NZ6,2026-12-14,0.596500000,3,6118,13994
2026-08-27,6N,6NH7,2027-03-15,0.597700000,3,7,0
2026-08-27,6N,6NM7,2027-06-14,0.598700000,3,,
2026-08-27,6N,6NU7,2027-09-13,0.599550000,3,,
2026-08-27,6N,6NZ7,2027-12-13,0.600050000,3,,
2026-08-28,6N,6NU6,2026-09-14,0.591100000,3,89527,44729
2026-08-28,6N,6NZ6,2026-12-14,0.592500000,3,9705,8847
2026-08-28,6N,6NH7,2027-03-15,0.593850000,3,7,0
2026-08-28,6N,6NM7,2027-06-14,0.595000000,3,,
2026-08-28,6N,6NU7,2027-09-13,0.596050000,3,,
2026-08-28,6N,6NZ7,2027-12-13,0.596600000,3,,
2026-08-31,6N,6NU6,2026-09-14,0.591750000,3,94789,41097
2026-08-31,6N,6NZ6,2026-12-14,0.593150000,3,17185,11249
2026-08-31,6N,6NH7,2027-03-15,0.594450000,3,7,0
2026-08-31,6N,6NM7,2027-06-14,0.595550000,3,,
2026-08-31,6N,6NU7,2027-09-13,0.596500000,3,,
2026-08-31,6N,6NZ7,2027-12-13,0.597100000,3,,
2026-08-31,6N,6NH8,2028-03-13,0.000000000,1,,
2026-09-01,6N,6NU6,2026-09-14,0.589400000,3,89588,40498
2026-09-01,6N,6NZ6,2026-12-14,0.590800000,3,17679,14644
2026-09-01,6N,6NH7,2027-03-15,0.592100000,3,7,0
2026-09-01,6N,6NM7,2027-06-14,0.593300000,3,,
2026-09-01,6N,6NU7,2027-09-13,0.594300000,3,,
2026-09-01,6N,6NZ7,2027-12-13,0.594800000,3,,
2026-09-02,6N,6NU6,2026-09-14,0.584700000,3,95382,86731
2026-09-02,6N,6NZ6,2026-12-14,0.586150000,3,23706,22544
2026-09-02,6N,6NH7,2027-03-15,0.587550000,3,7,0
2026-09-02,6N,6NM7,2027-06-14,0.588800000,3,,
2026-09-02,6N,6NU7,2027-09-13,0.589950000,3,,
2026-09-02,6N,6NZ7,2027-12-13,0.590550000,3,,
2026-09-03,6N,6NU6,2026-09-14,0.588500000,3,95389,50396
2026-09-03,6N,6NZ6,2026-12-14,0.589850000,3,26405,14937
2026-09-03,6N,6NH7,2027-03-15,0.591200000,3,7,0
2026-09-03,6N,6NM7,2027-06-14,0.592350000,3,,
2026-09-03,6N,6NU7,2027-09-13,0.593400000,3,,
2026-09-03,6N,6NZ7,2027-12-13,0.594000000,3,,
