DATE,Y10_FIT,RNY10,TP10,QUALITY
20211004,1.4324,1.2303,0.2021,ACM_K3_261m
20211005,1.4621,1.2361,0.2259,ACM_K3_261m
20211006,1.4342,1.2664,0.1678,ACM_K3_261m
20211007,1.4875,1.2707,0.2168,ACM_K3_261m
20211008,1.551,1.2879,0.2631,ACM_K3_261m
20211012,1.555,1.3254,0.2296,ACM_K3_261m
20211013,1.5522,1.3488,0.2034,ACM_K3_261m
20211014,1.4714,1.3291,0.1423,ACM_K3_261m
20211015,1.5144,1.3518,0.1626,ACM_K3_261m
20211018,1.5211,1.3911,0.13,ACM_K3_261m
20211019,1.5627,1.3955,0.1672,ACM_K3_261m
20211020,1.5603,1.3748,0.1855,ACM_K3_261m
20211021,1.6113,1.3996,0.2117,ACM_K3_261m
20211022,1.586,1.4079,0.178,ACM_K3_261m
20211025,1.5863,1.4048,0.1815,ACM_K3_261m
20211026,1.5655,1.4131,0.1524,ACM_K3_261m
20211027,1.5348,1.5543,-0.0195,ACM_K3_261m
20211028,1.5808,1.5191,0.0617,ACM_K3_261m
20211029,1.6502,1.5402,0.11,ACM_K3_261m
20211101,1.6634,1.5349,0.1284,ACM_K3_261m
20211102,1.6373,1.5293,0.108,ACM_K3_261m
20211103,1.625,1.5304,0.0946,ACM_K3_261m
20211104,1.562,1.5045,0.0575,ACM_K3_261m
20211105,1.5199,1.4897,0.0301,ACM_K3_261m
20211108,1.5632,1.493,0.0702,ACM_K3_261m
20211109,1.5312,1.4787,0.0524,ACM_K3_261m
20211110,1.6241,1.5025,0.1216,ACM_K3_261m
20211112,1.5937,1.5218,0.0719,ACM_K3_261m
20211115,1.6374,1.524,0.1134,ACM_K3_261m
20211116,1.7005,1.5386,0.1619,ACM_K3_261m
20211117,1.6219,1.5293,0.0925,ACM_K3_261m
20211118,1.6111,1.5266,0.0846,ACM_K3_261m
20211119,1.5824,1.5271,0.0553,ACM_K3_261m
20211122,1.6865,1.5454,0.1411,ACM_K3_261m
20211123,1.7248,1.544,0.1809,ACM_K3_261m
20211124,1.6927,1.5469,0.1458,ACM_K3_261m
20211125,1.6971,1.5397,0.1574,ACM_K3_261m
20211126,1.5215,1.5029,0.0186,ACM_K3_261m
20211129,1.5463,1.5007,0.0456,ACM_K3_261m
20211130,1.508,1.5325,-0.0245,ACM_K3_261m
20211201,1.4307,1.5375,-0.1069,ACM_K3_261m
20211202,1.422,1.5448,-0.1228,ACM_K3_261m
20211203,1.3767,1.585,-0.2083,ACM_K3_261m
20211206,1.4368,1.6064,-0.1697,ACM_K3_261m
20211207,1.4932,1.648,-0.1548,ACM_K3_261m
20211208,1.4658,1.6307,-0.1649,ACM_K3_261m
20211209,1.4144,1.574,-0.1595,ACM_K3_261m
20211210,1.384,1.556,-0.172,ACM_K3_261m
20211213,1.3126,1.5451,-0.2325,ACM_K3_261m
20211214,1.3548,1.5509,-0.1961,ACM_K3_261m
20211215,1.3251,1.56,-0.2349,ACM_K3_261m
20211216,1.2569,1.5518,-0.2949,ACM_K3_261m
20211217,1.2294,1.5654,-0.3359,ACM_K3_261m
20211220,1.2837,1.567,-0.2833,ACM_K3_261m
20211221,1.3413,1.597,-0.2557,ACM_K3_261m
20211222,1.3185,1.5869,-0.2685,ACM_K3_261m
20211223,1.3378,1.5878,-0.25,ACM_K3_261m
20211224,1.3687,1.5746,-0.2059,ACM_K3_261m
20211229,1.3842,1.5758,-0.1916,ACM_K3_261m
20211230,1.359,1.5811,-0.2221,ACM_K3_261m
20211231,1.3263,1.5772,-0.2509,ACM_K3_261m
20220104,1.4925,1.5828,-0.0903,ACM_K3_261m
20220105,1.5351,1.584,-0.0489,ACM_K3_261m
20220106,1.6048,1.6021,0.0027,ACM_K3_261m
20220107,1.607,1.6169,-0.0099,ACM_K3_261m
20220110,1.613,1.6196,-0.0066,ACM_K3_261m
20220111,1.6041,1.6163,-0.0122,ACM_K3_261m
20220112,1.62,1.6337,-0.0137,ACM_K3_261m
20220113,1.5886,1.6464,-0.0578,ACM_K3_261m
20220114,1.6503,1.6569,-0.0066,ACM_K3_261m
20220117,1.6882,1.6946,-0.0064,ACM_K3_261m
20220118,1.7807,1.6973,0.0834,ACM_K3_261m
20220119,1.7834,1.678,0.1054,ACM_K3_261m
20220120,1.7685,1.6836,0.0849,ACM_K3_261m
20220121,1.7036,1.6758,0.0278,ACM_K3_261m
20220124,1.722,1.6689,0.0531,ACM_K3_261m
20220125,1.7198,1.6796,0.0402,ACM_K3_261m
20220126,1.7603,1.6666,0.0937,ACM_K3_261m
20220127,1.7054,1.6869,0.0185,ACM_K3_261m
20220128,1.6809,1.6858,-0.0048,ACM_K3_261m
20220131,1.7021,1.6861,0.016,ACM_K3_261m
20220201,1.7242,1.6857,0.0386,ACM_K3_261m
20220202,1.6564,1.7083,-0.0518,ACM_K3_261m
20220203,1.6852,1.7228,-0.0376,ACM_K3_261m
20220204,1.7363,1.7638,-0.0275,ACM_K3_261m
20220207,1.7139,1.7536,-0.0396,ACM_K3_261m
20220208,1.7329,1.7616,-0.0287,ACM_K3_261m
20220209,1.7223,1.7675,-0.0452,ACM_K3_261m
20220210,1.8376,1.8041,0.0335,ACM_K3_261m
20220211,1.7262,1.8169,-0.0907,ACM_K3_261m
20220214,1.7864,1.835,-0.0487,ACM_K3_261m
20220215,1.8274,1.8634,-0.036,ACM_K3_261m
20220216,1.8055,1.8608,-0.0553,ACM_K3_261m
20220217,1.764,1.8499,-0.0859,ACM_K3_261m
20220218,1.7322,1.8467,-0.1145,ACM_K3_261m
20220222,1.7583,1.858,-0.0997,ACM_K3_261m
20220223,1.8159,1.8691,-0.0532,ACM_K3_261m
20220224,1.7715,1.8474,-0.0759,ACM_K3_261m
20220225,1.754,1.8599,-0.1059,ACM_K3_261m
20220228,1.6809,1.8328,-0.1519,ACM_K3_261m
20220301,1.5529,1.7697,-0.2168,ACM_K3_261m
20220302,1.6798,1.816,-0.1363,ACM_K3_261m
20220303,1.6453,1.8296,-0.1843,ACM_K3_261m
20220304,1.5191,1.8051,-0.286,ACM_K3_261m
20220307,1.5742,1.8124,-0.2382,ACM_K3_261m
20220308,1.6905,1.8105,-0.1201,ACM_K3_261m
20220309,1.7382,1.8264,-0.0883,ACM_K3_261m
20220310,1.7723,1.8542,-0.082,ACM_K3_261m
20220311,1.8439,1.9071,-0.0631,ACM_K3_261m
20220314,1.987,1.9524,0.0346,ACM_K3_261m
20220315,2.0034,1.9753,0.0281,ACM_K3_261m
20220316,2.0054,2.0322,-0.0268,ACM_K3_261m
20220317,2.0185,2.0176,0.0009,ACM_K3_261m
20220318,2.0161,2.0174,-0.0013,ACM_K3_261m
20220321,2.1622,2.0624,0.0998,ACM_K3_261m
20220322,2.2422,2.0891,0.1531,ACM_K3_261m
20220323,2.1466,2.0993,0.0473,ACM_K3_261m
20220324,2.2163,2.1193,0.0969,ACM_K3_261m
20220325,2.3851,2.1983,0.1868,ACM_K3_261m
20220328,2.3477,2.2117,0.136,ACM_K3_261m
20220329,2.3196,2.2161,0.1035,ACM_K3_261m
20220330,2.2391,2.2812,-0.0421,ACM_K3_261m
20220331,2.2153,2.263,-0.0477,ACM_K3_261m
20220401,2.3291,2.1964,0.1327,ACM_K3_261m
20220404,2.34,2.1642,0.1759,ACM_K3_261m
20220405,2.3865,2.243,0.1435,ACM_K3_261m
20220406,2.3933,2.244,0.1494,ACM_K3_261m
20220407,2.419,2.2382,0.1809,ACM_K3_261m
20220408,2.488,2.2607,0.2272,ACM_K3_261m
20220411,2.5507,2.2499,0.3008,ACM_K3_261m
20220412,2.4699,2.2329,0.237,ACM_K3_261m
20220413,2.4785,2.2131,0.2654,ACM_K3_261m
20220414,2.6111,2.202,0.409,ACM_K3_261m
20220418,2.6258,2.2282,0.3976,ACM_K3_261m
20220419,2.681,2.2559,0.4251,ACM_K3_261m
20220420,2.6587,2.3314,0.3273,ACM_K3_261m
20220421,2.7353,2.3323,0.403,ACM_K3_261m
20220422,2.721,2.3621,0.3589,ACM_K3_261m
20220425,2.6454,2.3293,0.3161,ACM_K3_261m
20220426,2.5632,2.2946,0.2686,ACM_K3_261m
20220427,2.6296,2.2988,0.3308,ACM_K3_261m
20220428,2.6386,2.3089,0.3297,ACM_K3_261m
20220429,2.7132,2.3592,0.354,ACM_K3_261m
20220502,2.7884,2.359,0.4294,ACM_K3_261m
20220503,2.796,2.3938,0.4022,ACM_K3_261m
20220504,2.7129,2.3698,0.3432,ACM_K3_261m
20220505,2.8467,2.3672,0.4795,ACM_K3_261m
20220506,2.9227,2.3455,0.5772,ACM_K3_261m
20220509,2.7959,2.3474,0.4485,ACM_K3_261m
20220510,2.7888,2.3707,0.4181,ACM_K3_261m
20220511,2.7734,2.4184,0.355,ACM_K3_261m
20220512,2.7047,2.3833,0.3213,ACM_K3_261m
20220513,2.7402,2.3772,0.363,ACM_K3_261m
20220516,2.708,2.3627,0.3453,ACM_K3_261m
20220517,2.8113,2.419,0.3923,ACM_K3_261m
20220518,2.753,2.4546,0.2985,ACM_K3_261m
20220519,2.6769,2.431,0.2458,ACM_K3_261m
20220520,2.6233,2.4218,0.2015,ACM_K3_261m
20220524,2.5967,2.3773,0.2194,ACM_K3_261m
20220525,2.5649,2.3527,0.2122,ACM_K3_261m
20220526,2.6025,2.3484,0.2541,ACM_K3_261m
20220527,2.591,2.3465,0.2445,ACM_K3_261m
20220530,2.6472,2.3578,0.2895,ACM_K3_261m
20220531,2.6936,2.4098,0.2838,ACM_K3_261m
20220601,2.7936,2.4574,0.3362,ACM_K3_261m
20220602,2.794,2.5086,0.2854,ACM_K3_261m
20220603,2.8631,2.5391,0.324,ACM_K3_261m
20220606,2.9706,2.5953,0.3753,ACM_K3_261m
20220607,2.9739,2.6156,0.3583,ACM_K3_261m
20220608,3.0565,2.6316,0.4249,ACM_K3_261m
20220609,3.0265,2.6154,0.4112,ACM_K3_261m
20220610,3.1678,2.6737,0.4941,ACM_K3_261m
20220613,3.3337,2.7259,0.6078,ACM_K3_261m
20220614,3.4372,2.7426,0.6947,ACM_K3_261m
20220615,3.2753,2.7024,0.573,ACM_K3_261m
20220616,3.2138,2.6778,0.5361,ACM_K3_261m
20220617,3.2261,2.6639,0.5622,ACM_K3_261m
20220620,3.2712,2.6897,0.5815,ACM_K3_261m
20220621,3.3006,2.7214,0.5792,ACM_K3_261m
20220622,3.1958,2.7082,0.4877,ACM_K3_261m
20220623,3.085,2.6304,0.4546,ACM_K3_261m
20220624,3.1305,2.6179,0.5127,ACM_K3_261m
20220627,3.1842,2.6468,0.5374,ACM_K3_261m
20220628,3.1437,2.6672,0.4765,ACM_K3_261m
20220629,3.086,2.6644,0.4216,ACM_K3_261m
20220630,3.025,2.6456,0.3793,ACM_K3_261m
20220704,2.9601,2.6416,0.3184,ACM_K3_261m
20220705,2.8479,2.6527,0.1953,ACM_K3_261m
20220706,2.9512,2.698,0.2532,ACM_K3_261m
20220707,2.9937,2.7246,0.2691,ACM_K3_261m
20220708,3.0716,2.758,0.3136,ACM_K3_261m
20220711,3.0354,2.7387,0.2967,ACM_K3_261m
20220712,2.9741,2.7237,0.2504,ACM_K3_261m
20220713,2.9891,2.7508,0.2382,ACM_K3_261m
20220714,2.9892,2.7553,0.234,ACM_K3_261m
20220715,2.9338,2.7194,0.2144,ACM_K3_261m
20220718,2.9326,2.7197,0.2129,ACM_K3_261m
20220719,2.9398,2.7772,0.1626,ACM_K3_261m
20220720,2.9568,2.7943,0.1625,ACM_K3_261m
20220721,2.7917,2.7855,0.0062,ACM_K3_261m
20220722,2.6882,2.7025,-0.0143,ACM_K3_261m
20220725,2.7496,2.6837,0.0659,ACM_K3_261m
20220726,2.685,2.7311,-0.0461,ACM_K3_261m
20220727,2.6369,2.7275,-0.0906,ACM_K3_261m
20220728,2.474,2.673,-0.199,ACM_K3_261m
20220729,2.4748,2.6891,-0.2143,ACM_K3_261m
20220802,2.5794,2.749,-0.1697,ACM_K3_261m
20220803,2.5565,2.8345,-0.278,ACM_K3_261m
20220804,2.5208,2.8019,-0.2811,ACM_K3_261m
20220805,2.6219,2.83,-0.2081,ACM_K3_261m
20220808,2.5773,2.8324,-0.2551,ACM_K3_261m
20220809,2.6254,2.8243,-0.1989,ACM_K3_261m
20220810,2.5781,2.7929,-0.2148,ACM_K3_261m
20220811,2.6856,2.8035,-0.1179,ACM_K3_261m
20220812,2.6268,2.8338,-0.2071,ACM_K3_261m
20220815,2.5966,2.8176,-0.221,ACM_K3_261m
20220816,2.6271,2.8949,-0.2678,ACM_K3_261m
20220817,2.7241,2.9223,-0.1982,ACM_K3_261m
20220818,2.7278,2.9146,-0.1868,ACM_K3_261m
20220819,2.8131,2.9407,-0.1277,ACM_K3_261m
20220822,2.9428,2.8635,0.0794,ACM_K3_261m
20220823,2.9392,2.9182,0.0209,ACM_K3_261m
20220824,3.0347,2.8768,0.1579,ACM_K3_261m
20220825,2.9337,2.9272,0.0065,ACM_K3_261m
20220826,2.9551,2.9291,0.026,ACM_K3_261m
20220829,3.0293,2.9243,0.105,ACM_K3_261m
20220830,2.991,2.9897,0.0013,ACM_K3_261m
20220831,3.0533,2.9555,0.0978,ACM_K3_261m
20220901,3.105,2.9623,0.1428,ACM_K3_261m
20220902,3.0324,2.9212,0.1112,ACM_K3_261m
20220906,3.1378,2.8738,0.264,ACM_K3_261m
20220907,3.0666,2.9229,0.1437,ACM_K3_261m
20220908,3.1347,2.9358,0.1989,ACM_K3_261m
20220909,3.0608,2.941,0.1197,ACM_K3_261m
20220912,3.074,2.9231,0.1509,ACM_K3_261m
20220913,3.1151,3.0036,0.1115,ACM_K3_261m
20220914,3.0851,3.0309,0.0542,ACM_K3_261m
20220915,3.1106,3.0404,0.0702,ACM_K3_261m
20220916,3.0942,3.0301,0.0641,ACM_K3_261m
20220919,3.0766,3.0709,0.0057,ACM_K3_261m
20220920,3.0574,3.0438,0.0135,ACM_K3_261m
20220921,2.9951,3.0549,-0.0598,ACM_K3_261m
20220922,3.0683,3.0504,0.0179,ACM_K3_261m
20220923,3.0358,3.0636,-0.0278,ACM_K3_261m
20220926,3.177,3.0483,0.1287,ACM_K3_261m
20220927,3.2045,3.093,0.1115,ACM_K3_261m
20220928,2.9724,3.0599,-0.0875,ACM_K3_261m
20220929,3.0712,3.0459,0.0252,ACM_K3_261m
20221003,3.0618,3.0088,0.053,ACM_K3_261m
20221004,3.0565,2.9835,0.0729,ACM_K3_261m
20221005,3.2006,3.0277,0.1728,ACM_K3_261m
20221006,3.2568,3.07,0.1869,ACM_K3_261m
20221007,3.2827,3.1445,0.1382,ACM_K3_261m
20221011,3.3723,3.1506,0.2217,ACM_K3_261m
20221012,3.3293,3.1376,0.1917,ACM_K3_261m
20221013,3.3148,3.1763,0.1385,ACM_K3_261m
20221014,3.3897,3.1599,0.2298,ACM_K3_261m
20221017,3.3193,3.2051,0.1142,ACM_K3_261m
20221018,3.2347,3.179,0.0556,ACM_K3_261m
20221019,3.4533,3.2097,0.2436,ACM_K3_261m
20221020,3.5718,3.2443,0.3275,ACM_K3_261m
20221021,3.471,3.2369,0.2341,ACM_K3_261m
20221024,3.4784,3.191,0.2874,ACM_K3_261m
20221025,3.3666,3.2598,0.1068,ACM_K3_261m
20221026,3.1747,3.1131,0.0616,ACM_K3_261m
20221027,3.0853,3.1003,-0.015,ACM_K3_261m
20221028,3.1298,3.1063,0.0235,ACM_K3_261m
20221031,3.1991,3.1009,0.0982,ACM_K3_261m
20221101,3.1776,3.1122,0.0653,ACM_K3_261m
20221102,3.2332,3.1314,0.1019,ACM_K3_261m
20221103,3.3411,3.1495,0.1916,ACM_K3_261m
20221104,3.4039,3.2198,0.1842,ACM_K3_261m
20221107,3.5168,3.2092,0.3075,ACM_K3_261m
20221108,3.3741,3.2423,0.1318,ACM_K3_261m
20221109,3.2794,3.2629,0.0165,ACM_K3_261m
20221110,3.0255,3.1457,-0.1202,ACM_K3_261m
20221114,3.0599,3.1461,-0.0863,ACM_K3_261m
20221115,3.0356,3.1476,-0.112,ACM_K3_261m
20221116,2.945,3.1671,-0.222,ACM_K3_261m
20221117,2.9956,3.2149,-0.2193,ACM_K3_261m
20221118,3.0187,3.218,-0.1993,ACM_K3_261m
20221121,2.9876,3.201,-0.2134,ACM_K3_261m
20221122,2.9116,3.2398,-0.3282,ACM_K3_261m
20221123,2.8583,3.2443,-0.386,ACM_K3_261m
20221124,2.7904,3.2413,-0.4509,ACM_K3_261m
20221125,2.7805,3.2407,-0.4602,ACM_K3_261m
20221128,2.8344,3.2239,-0.3895,ACM_K3_261m
20221129,2.8992,3.215,-0.3159,ACM_K3_261m
20221130,2.8415,3.2231,-0.3816,ACM_K3_261m
20221201,2.7125,3.1926,-0.4801,ACM_K3_261m
20221202,2.6494,3.1892,-0.5398,ACM_K3_261m
20221205,2.7275,3.1768,-0.4493,ACM_K3_261m
20221206,2.652,3.1944,-0.5423,ACM_K3_261m
20221207,2.6315,3.1918,-0.5602,ACM_K3_261m
20221208,2.6736,3.2083,-0.5347,ACM_K3_261m
20221209,2.7355,3.2262,-0.4907,ACM_K3_261m
20221212,2.792,3.2173,-0.4253,ACM_K3_261m
20221213,2.7303,3.1509,-0.4206,ACM_K3_261m
20221214,2.6669,3.1591,-0.4922,ACM_K3_261m
20221215,2.6313,3.1552,-0.5239,ACM_K3_261m
20221216,2.6557,3.1428,-0.4871,ACM_K3_261m
20221219,2.741,3.1369,-0.3959,ACM_K3_261m
20221220,2.8405,3.1613,-0.3209,ACM_K3_261m
20221221,2.852,3.1543,-0.3023,ACM_K3_261m
20221222,2.9161,3.1922,-0.276,ACM_K3_261m
20221223,3.017,3.2131,-0.196,ACM_K3_261m
20221228,3.1452,3.2326,-0.0874,ACM_K3_261m
20221229,3.1355,3.2279,-0.0924,ACM_K3_261m
20221230,3.1546,3.2635,-0.1089,ACM_K3_261m
20230103,3.0807,3.2394,-0.1587,ACM_K3_261m
20230104,3.0025,3.2499,-0.2474,ACM_K3_261m
20230105,3.0235,3.2855,-0.2619,ACM_K3_261m
20230106,2.9291,3.2849,-0.3559,ACM_K3_261m
20230109,2.9524,3.2293,-0.2769,ACM_K3_261m
20230110,2.9701,3.2345,-0.2644,ACM_K3_261m
20230111,2.8571,3.2375,-0.3804,ACM_K3_261m
20230112,2.7264,3.2412,-0.5147,ACM_K3_261m
20230113,2.7352,3.1838,-0.4486,ACM_K3_261m
20230116,2.6845,3.1671,-0.4826,ACM_K3_261m
20230117,2.6815,3.1596,-0.4781,ACM_K3_261m
20230118,2.5733,3.1006,-0.5273,ACM_K3_261m
20230119,2.5886,3.125,-0.5364,ACM_K3_261m
20230120,2.6851,3.1389,-0.4538,ACM_K3_261m
20230123,2.731,3.158,-0.4269,ACM_K3_261m
20230124,2.6904,3.1529,-0.4625,ACM_K3_261m
20230125,2.6524,3.1149,-0.4626,ACM_K3_261m
20230126,2.7214,3.1256,-0.4042,ACM_K3_261m
20230127,2.7578,3.1583,-0.4005,ACM_K3_261m
20230130,2.784,3.1817,-0.3977,ACM_K3_261m
20230131,2.7765,3.1989,-0.4224,ACM_K3_261m
20230201,2.6802,3.1857,-0.5055,ACM_K3_261m
20230202,2.6672,3.1808,-0.5136,ACM_K3_261m
20230203,2.7842,3.2152,-0.431,ACM_K3_261m
20230206,2.9399,3.191,-0.2511,ACM_K3_261m
20230207,2.9535,3.2373,-0.2839,ACM_K3_261m
20230208,2.87,3.2809,-0.4109,ACM_K3_261m
20230209,2.9217,3.2726,-0.3509,ACM_K3_261m
20230210,3.016,3.3146,-0.2986,ACM_K3_261m
20230213,2.9694,3.3123,-0.3428,ACM_K3_261m
20230214,3.0604,3.3694,-0.309,ACM_K3_261m
20230215,3.1337,3.3458,-0.212,ACM_K3_261m
20230216,3.1702,3.3176,-0.1474,ACM_K3_261m
20230217,3.1821,3.2982,-0.1161,ACM_K3_261m
20230221,3.3292,3.306,0.0231,ACM_K3_261m
20230222,3.2773,3.2955,-0.0182,ACM_K3_261m
20230223,3.2228,3.3098,-0.0869,ACM_K3_261m
20230224,3.3061,3.3221,-0.016,ACM_K3_261m
20230227,3.2755,3.3355,-0.0601,ACM_K3_261m
20230228,3.2378,3.3066,-0.0688,ACM_K3_261m
20230301,3.3212,3.3127,0.0085,ACM_K3_261m
20230302,3.4003,3.3053,0.095,ACM_K3_261m
20230303,3.2585,3.3016,-0.0431,ACM_K3_261m
20230306,3.2935,3.3014,-0.008,ACM_K3_261m
20230307,3.2538,3.3365,-0.0827,ACM_K3_261m
20230308,3.1819,3.3302,-0.1483,ACM_K3_261m
20230309,3.0632,3.3203,-0.257,ACM_K3_261m
20230310,2.8871,3.2591,-0.372,ACM_K3_261m
20230313,2.7182,2.9839,-0.2656,ACM_K3_261m
20230314,2.7823,3.1125,-0.3302,ACM_K3_261m
20230315,2.7199,2.9455,-0.2256,ACM_K3_261m
20230316,2.8694,3.0304,-0.161,ACM_K3_261m
20230317,2.7115,2.9913,-0.2799,ACM_K3_261m
20230320,2.752,3.0378,-0.2857,ACM_K3_261m
20230321,2.7826,3.0832,-0.3006,ACM_K3_261m
20230322,2.5855,3.0384,-0.453,ACM_K3_261m
20230323,2.6043,3.0123,-0.408,ACM_K3_261m
20230324,2.6539,2.94,-0.2861,ACM_K3_261m
20230327,2.8096,3.0255,-0.2159,ACM_K3_261m
20230328,2.8227,3.0812,-0.2585,ACM_K3_261m
20230329,2.8256,3.1249,-0.2992,ACM_K3_261m
20230330,2.8189,3.1497,-0.3308,ACM_K3_261m
20230331,2.7832,3.1471,-0.3639,ACM_K3_261m
20230403,2.7236,3.1111,-0.3875,ACM_K3_261m
20230404,2.6627,3.0553,-0.3926,ACM_K3_261m
20230405,2.6844,3.0401,-0.3557,ACM_K3_261m
20230406,2.688,3.0812,-0.3932,ACM_K3_261m
20230410,2.7896,3.1497,-0.3601,ACM_K3_261m
20230411,2.8024,3.1668,-0.3644,ACM_K3_261m
20230412,2.7662,3.1808,-0.4146,ACM_K3_261m
20230413,2.8546,3.1752,-0.3207,ACM_K3_261m
20230414,2.9326,3.1806,-0.248,ACM_K3_261m
20230417,2.976,3.2158,-0.2397,ACM_K3_261m
20230418,2.9515,3.2022,-0.2507,ACM_K3_261m
20230419,2.9445,3.2264,-0.2818,ACM_K3_261m
20230420,2.8616,3.2001,-0.3385,ACM_K3_261m
20230421,2.8257,3.1673,-0.3416,ACM_K3_261m
20230424,2.808,3.175,-0.3671,ACM_K3_261m
20230425,2.6679,3.1228,-0.4548,ACM_K3_261m
20230426,2.7293,3.1347,-0.4054,ACM_K3_261m
20230427,2.8255,3.1747,-0.3492,ACM_K3_261m
20230428,2.705,3.1636,-0.4586,ACM_K3_261m
20230501,2.8611,3.1708,-0.3097,ACM_K3_261m
20230502,2.7068,3.1279,-0.4212,ACM_K3_261m
20230503,2.6309,3.1213,-0.4904,ACM_K3_261m
20230504,2.6767,3.077,-0.4003,ACM_K3_261m
20230505,2.8039,3.1104,-0.3065,ACM_K3_261m
20230508,2.873,3.1139,-0.2409,ACM_K3_261m
20230509,2.8305,3.1771,-0.3466,ACM_K3_261m
20230510,2.7668,3.1373,-0.3705,ACM_K3_261m
20230511,2.7097,3.1227,-0.4131,ACM_K3_261m
20230512,2.7547,3.1498,-0.3951,ACM_K3_261m
20230515,2.8453,3.1595,-0.3141,ACM_K3_261m
20230516,2.9359,3.2411,-0.3052,ACM_K3_261m
20230517,2.9773,3.297,-0.3197,ACM_K3_261m
20230518,3.0608,3.3088,-0.248,ACM_K3_261m
20230519,3.0055,3.2575,-0.252,ACM_K3_261m
20230523,3.1338,3.2851,-0.1513,ACM_K3_261m
20230524,3.169,3.3014,-0.1324,ACM_K3_261m
20230525,3.2131,3.3294,-0.1163,ACM_K3_261m
20230526,3.2512,3.3547,-0.1035,ACM_K3_261m
20230529,3.2594,3.3656,-0.1062,ACM_K3_261m
20230530,3.1647,3.359,-0.1942,ACM_K3_261m
20230531,3.099,3.3537,-0.2547,ACM_K3_261m
20230601,3.0707,3.3587,-0.2879,ACM_K3_261m
20230602,3.1371,3.3936,-0.2565,ACM_K3_261m
20230605,3.1689,3.4111,-0.2422,ACM_K3_261m
20230606,3.1814,3.4506,-0.2692,ACM_K3_261m
20230607,3.3475,3.5264,-0.1789,ACM_K3_261m
20230608,3.302,3.5198,-0.2178,ACM_K3_261m
20230609,3.2914,3.4924,-0.201,ACM_K3_261m
20230612,3.2527,3.4858,-0.2332,ACM_K3_261m
20230613,3.3919,3.4993,-0.1075,ACM_K3_261m
20230614,3.3308,3.51,-0.1792,ACM_K3_261m
20230615,3.244,3.505,-0.261,ACM_K3_261m
20230616,3.2761,3.5133,-0.2372,ACM_K3_261m
20230619,3.3388,3.5364,-0.1976,ACM_K3_261m
20230620,3.2588,3.5468,-0.288,ACM_K3_261m
20230621,3.2897,3.5811,-0.2913,ACM_K3_261m
20230622,3.3716,3.617,-0.2454,ACM_K3_261m
20230623,3.2847,3.594,-0.3093,ACM_K3_261m
20230626,3.2426,3.5584,-0.3157,ACM_K3_261m
20230627,3.2307,3.5725,-0.3418,ACM_K3_261m
20230628,3.1659,3.5224,-0.3565,ACM_K3_261m
20230629,3.2976,3.5986,-0.3011,ACM_K3_261m
20230630,3.2128,3.5508,-0.3381,ACM_K3_261m
20230704,3.257,3.5867,-0.3297,ACM_K3_261m
20230705,3.3608,3.5695,-0.2087,ACM_K3_261m
20230706,3.4454,3.5921,-0.1467,ACM_K3_261m
20230707,3.5158,3.6006,-0.0848,ACM_K3_261m
20230710,3.4636,3.5839,-0.1203,ACM_K3_261m
20230711,3.4995,3.5857,-0.0862,ACM_K3_261m
20230712,3.3627,3.5717,-0.209,ACM_K3_261m
20230713,3.2785,3.5445,-0.266,ACM_K3_261m
20230714,3.3254,3.5483,-0.2229,ACM_K3_261m
20230717,3.3476,3.5773,-0.2297,ACM_K3_261m
20230718,3.3255,3.5645,-0.2391,ACM_K3_261m
20230719,3.2894,3.5771,-0.2877,ACM_K3_261m
20230720,3.4256,3.5595,-0.1339,ACM_K3_261m
20230721,3.3615,3.5484,-0.187,ACM_K3_261m
20230724,3.4588,3.5647,-0.1058,ACM_K3_261m
20230725,3.4886,3.5771,-0.0885,ACM_K3_261m
20230726,3.4013,3.5756,-0.1743,ACM_K3_261m
20230727,3.5707,3.5894,-0.0187,ACM_K3_261m
20230728,3.4697,3.5786,-0.1089,ACM_K3_261m
20230731,3.4532,3.5712,-0.118,ACM_K3_261m
20230801,3.5447,3.595,-0.0502,ACM_K3_261m
20230802,3.5471,3.5869,-0.0398,ACM_K3_261m
20230803,3.6537,3.5636,0.0901,ACM_K3_261m
20230804,3.4875,3.5242,-0.0366,ACM_K3_261m
20230808,3.4613,3.4917,-0.0304,ACM_K3_261m
20230809,3.468,3.5168,-0.0487,ACM_K3_261m
20230810,3.5605,3.5071,0.0534,ACM_K3_261m
20230811,3.6149,3.5263,0.0886,ACM_K3_261m
20230814,3.6446,3.5451,0.0995,ACM_K3_261m
20230815,3.6952,3.5896,0.1056,ACM_K3_261m
20230816,3.7247,3.5893,0.1353,ACM_K3_261m
20230817,3.7321,3.5885,0.1436,ACM_K3_261m
20230818,3.6649,3.5889,0.0759,ACM_K3_261m
20230821,3.7551,3.5598,0.1952,ACM_K3_261m
20230822,3.7899,3.5795,0.2104,ACM_K3_261m
20230823,3.6083,3.5559,0.0524,ACM_K3_261m
20230824,3.6786,3.5587,0.1199,ACM_K3_261m
20230825,3.6572,3.5762,0.081,ACM_K3_261m
20230828,3.6236,3.5854,0.0382,ACM_K3_261m
20230829,3.5193,3.5764,-0.0571,ACM_K3_261m
20230830,3.5251,3.533,-0.0079,ACM_K3_261m
20230831,3.5129,3.5325,-0.0196,ACM_K3_261m
20230901,3.4968,3.4826,0.0142,ACM_K3_261m
20230905,3.6297,3.5036,0.1261,ACM_K3_261m
20230906,3.6356,3.5057,0.1299,ACM_K3_261m
20230907,3.5934,3.4973,0.0961,ACM_K3_261m
20230908,3.6244,3.4976,0.1268,ACM_K3_261m
20230911,3.6295,3.5193,0.1102,ACM_K3_261m
20230912,3.6245,3.5435,0.081,ACM_K3_261m
20230913,3.6041,3.5469,0.0573,ACM_K3_261m
20230914,3.6274,3.5263,0.1011,ACM_K3_261m
20230915,3.6831,3.5318,0.1513,ACM_K3_261m
20230918,3.6974,3.5479,0.1496,ACM_K3_261m
20230919,3.8161,3.5963,0.2198,ACM_K3_261m
20230920,3.8328,3.6141,0.2187,ACM_K3_261m
20230921,3.8956,3.6103,0.2853,ACM_K3_261m
20230922,3.8564,3.596,0.2604,ACM_K3_261m
20230925,3.9701,3.5766,0.3935,ACM_K3_261m
20230926,3.9523,3.6078,0.3444,ACM_K3_261m
20230927,4.0267,3.5892,0.4375,ACM_K3_261m
20230928,3.9958,3.5761,0.4197,ACM_K3_261m
20230929,3.9657,3.5518,0.4139,ACM_K3_261m
20231003,4.1907,3.5514,0.6393,ACM_K3_261m
20231004,4.0818,3.5346,0.5473,ACM_K3_261m
20231005,4.0694,3.4912,0.5782,ACM_K3_261m
20231006,4.0685,3.5391,0.5294,ACM_K3_261m
20231010,3.9014,3.5235,0.3779,ACM_K3_261m
20231011,3.8471,3.5438,0.3033,ACM_K3_261m
20231012,3.9656,3.5456,0.42,ACM_K3_261m
20231013,3.9082,3.5528,0.3554,ACM_K3_261m
20231016,3.9743,3.5616,0.4127,ACM_K3_261m
20231017,4.0185,3.5462,0.4722,ACM_K3_261m
20231018,4.0639,3.5213,0.5426,ACM_K3_261m
20231019,4.1167,3.5177,0.5989,ACM_K3_261m
20231020,4.0155,3.4999,0.5156,ACM_K3_261m
20231023,3.953,3.4712,0.4818,ACM_K3_261m
20231024,3.941,3.4783,0.4627,ACM_K3_261m
20231025,4.0418,3.4542,0.5876,ACM_K3_261m
20231026,3.9205,3.4384,0.4821,ACM_K3_261m
20231027,3.8826,3.4009,0.4817,ACM_K3_261m
20231030,3.9399,3.422,0.5179,ACM_K3_261m
20231031,3.9673,3.4103,0.557,ACM_K3_261m
20231101,3.8303,3.3826,0.4477,ACM_K3_261m
20231102,3.774,3.3838,0.3902,ACM_K3_261m
20231103,3.6278,3.3554,0.2724,ACM_K3_261m
20231106,3.7269,3.3464,0.3805,ACM_K3_261m
20231107,3.6573,3.3774,0.2799,ACM_K3_261m
20231108,3.6132,3.3955,0.2177,ACM_K3_261m
20231109,3.7673,3.3959,0.3714,ACM_K3_261m
20231110,3.7557,3.3921,0.3636,ACM_K3_261m
20231114,3.6034,3.3176,0.2858,ACM_K3_261m
20231115,3.6841,3.3786,0.3055,ACM_K3_261m
20231116,3.6266,3.3558,0.2707,ACM_K3_261m
20231117,3.6242,3.3587,0.2655,ACM_K3_261m
20231120,3.566,3.3767,0.1893,ACM_K3_261m
20231121,3.5638,3.3577,0.2061,ACM_K3_261m
20231122,3.5749,3.3498,0.2251,ACM_K3_261m
20231123,3.6474,3.3386,0.3088,ACM_K3_261m
20231124,3.6443,3.361,0.2833,ACM_K3_261m
20231127,3.5693,3.3508,0.2185,ACM_K3_261m
20231128,3.4913,3.3256,0.1657,ACM_K3_261m
20231129,3.4442,3.2594,0.1847,ACM_K3_261m
20231130,3.4934,3.2623,0.2311,ACM_K3_261m
20231201,3.3701,3.2031,0.1671,ACM_K3_261m
20231204,3.3885,3.2503,0.1382,ACM_K3_261m
20231205,3.2754,3.2332,0.0422,ACM_K3_261m
20231206,3.2199,3.2497,-0.0298,ACM_K3_261m
20231207,3.233,3.2268,0.0062,ACM_K3_261m
20231208,3.2943,3.2748,0.0195,ACM_K3_261m
20231211,3.3787,3.228,0.1507,ACM_K3_261m
20231212,3.3375,3.2955,0.042,ACM_K3_261m
20231213,3.1805,3.1884,-0.0078,ACM_K3_261m
20231214,3.0914,3.1577,-0.0663,ACM_K3_261m
20231215,3.0636,3.1797,-0.1161,ACM_K3_261m
20231218,3.132,3.1775,-0.0455,ACM_K3_261m
20231219,3.0656,3.229,-0.1634,ACM_K3_261m
20231220,2.988,3.212,-0.2241,ACM_K3_261m
20231221,3.0538,3.1993,-0.1455,ACM_K3_261m
20231222,3.1412,3.2161,-0.0749,ACM_K3_261m
20231227,2.9826,3.2073,-0.2248,ACM_K3_261m
20231228,3.0326,3.1935,-0.1609,ACM_K3_261m
20231229,3.0171,3.1936,-0.1764,ACM_K3_261m
20240102,3.0995,3.2037,-0.1042,ACM_K3_261m
20240103,3.0482,3.2376,-0.1894,ACM_K3_261m
20240104,3.1615,3.2331,-0.0716,ACM_K3_261m
20240105,3.1902,3.2324,-0.0422,ACM_K3_261m
20240108,3.1439,3.2372,-0.0933,ACM_K3_261m
20240109,3.1321,3.2443,-0.1122,ACM_K3_261m
20240110,3.1881,3.2347,-0.0466,ACM_K3_261m
20240111,3.1669,3.2173,-0.0504,ACM_K3_261m
20240112,3.1372,3.1463,-0.0091,ACM_K3_261m
20240115,3.1648,3.1099,0.0549,ACM_K3_261m
20240116,3.2771,3.173,0.1041,ACM_K3_261m
20240117,3.3673,3.2171,0.1502,ACM_K3_261m
20240118,3.4329,3.1829,0.2501,ACM_K3_261m
20240119,3.4277,3.2281,0.1996,ACM_K3_261m
20240122,3.3553,3.2646,0.0906,ACM_K3_261m
20240123,3.3664,3.2645,0.1019,ACM_K3_261m
20240124,3.4041,3.2272,0.1769,ACM_K3_261m
20240125,3.4005,3.2051,0.1953,ACM_K3_261m
20240126,3.4413,3.2341,0.2073,ACM_K3_261m
20240129,3.3928,3.1895,0.2033,ACM_K3_261m
20240130,3.3176,3.2583,0.0593,ACM_K3_261m
20240131,3.2383,3.2712,-0.0329,ACM_K3_261m
20240201,3.1639,3.2173,-0.0534,ACM_K3_261m
20240202,3.2899,3.264,0.0259,ACM_K3_261m
20240205,3.4174,3.2831,0.1343,ACM_K3_261m
20240206,3.3524,3.2364,0.116,ACM_K3_261m
20240207,3.4159,3.2285,0.1873,ACM_K3_261m
20240208,3.4947,3.2557,0.239,ACM_K3_261m
20240209,3.4752,3.274,0.2012,ACM_K3_261m
20240212,3.5178,3.2713,0.2464,ACM_K3_261m
20240213,3.5822,3.3557,0.2264,ACM_K3_261m
20240214,3.496,3.2927,0.2033,ACM_K3_261m
20240215,3.4675,3.3121,0.1555,ACM_K3_261m
20240216,3.5044,3.2979,0.2064,ACM_K3_261m
20240220,3.4373,3.2301,0.2072,ACM_K3_261m
20240221,3.4637,3.2625,0.2012,ACM_K3_261m
20240222,3.4561,3.2755,0.1806,ACM_K3_261m
20240223,3.3829,3.2736,0.1093,ACM_K3_261m
20240226,3.403,3.291,0.112,ACM_K3_261m
20240227,3.4656,3.2933,0.1722,ACM_K3_261m
20240228,3.4517,3.2551,0.1966,ACM_K3_261m
20240229,3.4059,3.2664,0.1394,ACM_K3_261m
20240301,3.3457,3.2471,0.0986,ACM_K3_261m
20240304,3.3706,3.2469,0.1237,ACM_K3_261m
20240305,3.2834,3.2132,0.0702,ACM_K3_261m
20240306,3.2636,3.2344,0.0292,ACM_K3_261m
20240307,3.2699,3.2446,0.0253,ACM_K3_261m
20240308,3.242,3.2271,0.0148,ACM_K3_261m
20240311,3.2728,3.1988,0.0741,ACM_K3_261m
20240312,3.3184,3.2198,0.0986,ACM_K3_261m
20240313,3.338,3.2492,0.0888,ACM_K3_261m
20240314,3.4351,3.2782,0.1569,ACM_K3_261m
20240315,3.4684,3.2647,0.2037,ACM_K3_261m
20240318,3.52,3.2926,0.2274,ACM_K3_261m
20240319,3.4403,3.2477,0.1926,ACM_K3_261m
20240320,3.4016,3.2235,0.1781,ACM_K3_261m
20240321,3.4352,3.2246,0.2107,ACM_K3_261m
20240322,3.3668,3.2088,0.158,ACM_K3_261m
20240325,3.4017,3.22,0.1818,ACM_K3_261m
20240326,3.4138,3.2344,0.1794,ACM_K3_261m
20240327,3.3687,3.2331,0.1356,ACM_K3_261m
20240328,3.3733,3.2523,0.121,ACM_K3_261m
20240401,3.5207,3.2619,0.2589,ACM_K3_261m
20240402,3.5298,3.257,0.2728,ACM_K3_261m
20240403,3.5184,3.2375,0.2809,ACM_K3_261m
20240404,3.4685,3.2342,0.2343,ACM_K3_261m
20240405,3.5208,3.2178,0.3031,ACM_K3_261m
20240408,3.5642,3.2034,0.3608,ACM_K3_261m
20240409,3.4835,3.2262,0.2574,ACM_K3_261m
20240410,3.6158,3.2835,0.3323,ACM_K3_261m
20240411,3.6505,3.2462,0.4043,ACM_K3_261m
20240412,3.5689,3.2276,0.3413,ACM_K3_261m
20240415,3.6624,3.2417,0.4207,ACM_K3_261m
20240416,3.6645,3.2167,0.4477,ACM_K3_261m
20240417,3.6223,3.2212,0.4011,ACM_K3_261m
20240418,3.6858,3.2313,0.4545,ACM_K3_261m
20240419,3.6596,3.2393,0.4203,ACM_K3_261m
20240422,3.6845,3.2373,0.4472,ACM_K3_261m
20240423,3.6988,3.2272,0.4716,ACM_K3_261m
20240424,3.7228,3.2388,0.484,ACM_K3_261m
20240425,3.7923,3.2514,0.5409,ACM_K3_261m
20240426,3.7602,3.2513,0.5089,ACM_K3_261m
20240429,3.7166,3.2242,0.4923,ACM_K3_261m
20240430,3.765,3.2547,0.5102,ACM_K3_261m
20240501,3.6987,3.2531,0.4456,ACM_K3_261m
20240502,3.6573,3.2305,0.4269,ACM_K3_261m
20240503,3.5852,3.1946,0.3906,ACM_K3_261m
20240506,3.5527,3.1958,0.3569,ACM_K3_261m
20240507,3.5155,3.2035,0.312,ACM_K3_261m
20240508,3.5766,3.2048,0.3718,ACM_K3_261m
20240509,3.5661,3.2123,0.3538,ACM_K3_261m
20240510,3.6366,3.2521,0.3846,ACM_K3_261m
20240513,3.627,3.2498,0.3772,ACM_K3_261m
20240514,3.63,3.2399,0.3901,ACM_K3_261m
20240515,3.5063,3.2278,0.2785,ACM_K3_261m
20240516,3.5098,3.2141,0.2957,ACM_K3_261m
20240517,3.5596,3.2351,0.3245,ACM_K3_261m
20240521,3.514,3.2003,0.3138,ACM_K3_261m
20240522,3.5386,3.205,0.3336,ACM_K3_261m
20240523,3.5572,3.2211,0.3361,ACM_K3_261m
20240524,3.541,3.2363,0.3047,ACM_K3_261m
20240527,3.5674,3.2388,0.3286,ACM_K3_261m
20240528,3.6362,3.2321,0.4041,ACM_K3_261m
20240529,3.6924,3.2403,0.452,ACM_K3_261m
20240530,3.6409,3.2273,0.4137,ACM_K3_261m
20240531,3.5581,3.1956,0.3625,ACM_K3_261m
20240603,3.4541,3.1912,0.2629,ACM_K3_261m
20240604,3.364,3.1889,0.175,ACM_K3_261m
20240605,3.2926,3.14,0.1526,ACM_K3_261m
20240606,3.3138,3.1263,0.1875,ACM_K3_261m
20240607,3.3906,3.1323,0.2583,ACM_K3_261m
20240610,3.4317,3.1186,0.3131,ACM_K3_261m
20240611,3.4094,3.1014,0.3081,ACM_K3_261m
20240612,3.329,3.0834,0.2456,ACM_K3_261m
20240613,3.2519,3.0805,0.1715,ACM_K3_261m
20240614,3.227,3.0558,0.1711,ACM_K3_261m
20240617,3.2507,3.0757,0.1751,ACM_K3_261m
20240618,3.1918,3.0676,0.1242,ACM_K3_261m
20240619,3.2268,3.0679,0.1589,ACM_K3_261m
20240620,3.2648,3.0882,0.1767,ACM_K3_261m
20240621,3.2735,3.0844,0.1891,ACM_K3_261m
20240624,3.2776,3.089,0.1886,ACM_K3_261m
20240625,3.3092,3.1111,0.1982,ACM_K3_261m
20240626,3.4069,3.1353,0.2717,ACM_K3_261m
20240627,3.4077,3.129,0.2787,ACM_K3_261m
20240628,3.432,3.1098,0.3223,ACM_K3_261m
20240702,3.5325,3.1276,0.4049,ACM_K3_261m
20240703,3.4928,3.1268,0.366,ACM_K3_261m
20240704,3.53,3.1185,0.4115,ACM_K3_261m
20240705,3.4446,3.0564,0.3882,ACM_K3_261m
20240708,3.3979,3.0804,0.3175,ACM_K3_261m
20240709,3.4238,3.0637,0.3601,ACM_K3_261m
20240710,3.3995,3.0749,0.3246,ACM_K3_261m
20240711,3.3578,3.0432,0.3146,ACM_K3_261m
20240712,3.3289,3.0316,0.2973,ACM_K3_261m
20240715,3.3323,3.0204,0.3119,ACM_K3_261m
20240716,3.2769,3.0126,0.2643,ACM_K3_261m
20240717,3.2599,3.0258,0.2341,ACM_K3_261m
20240718,3.2986,2.9859,0.3127,ACM_K3_261m
20240719,3.3146,2.9877,0.3269,ACM_K3_261m
20240722,3.3336,2.9968,0.3368,ACM_K3_261m
20240723,3.3228,2.9568,0.3659,ACM_K3_261m
20240724,3.3069,2.9388,0.3681,ACM_K3_261m
20240725,3.3015,2.9218,0.3797,ACM_K3_261m
20240726,3.242,2.9183,0.3237,ACM_K3_261m
20240729,3.2064,2.9138,0.2925,ACM_K3_261m
20240730,3.1689,2.8761,0.2928,ACM_K3_261m
20240731,3.0991,2.8809,0.2182,ACM_K3_261m
20240801,3.0327,2.8424,0.1903,ACM_K3_261m
20240802,2.9338,2.7546,0.1792,ACM_K3_261m
20240806,3.0092,2.8422,0.167,ACM_K3_261m
20240807,3.0832,2.7812,0.302,ACM_K3_261m
20240808,3.1224,2.7845,0.3379,ACM_K3_261m
20240809,3.0553,2.7871,0.2681,ACM_K3_261m
20240812,3.003,2.8075,0.1956,ACM_K3_261m
20240813,2.9661,2.7613,0.2049,ACM_K3_261m
20240814,2.9487,2.76,0.1887,ACM_K3_261m
20240815,3.0174,2.7735,0.2439,ACM_K3_261m
20240816,3.0043,2.7827,0.2216,ACM_K3_261m
20240819,3.0273,2.7683,0.259,ACM_K3_261m
20240820,2.9702,2.7455,0.2246,ACM_K3_261m
20240821,2.9709,2.7322,0.2387,ACM_K3_261m
20240822,3.0323,2.7441,0.2881,ACM_K3_261m
20240823,3.0023,2.7019,0.3004,ACM_K3_261m
20240826,3.0109,2.7246,0.2863,ACM_K3_261m
20240827,3.0032,2.7351,0.2682,ACM_K3_261m
20240828,3.0302,2.7378,0.2924,ACM_K3_261m
20240829,3.0773,2.7441,0.3332,ACM_K3_261m
20240830,3.1047,2.7441,0.3606,ACM_K3_261m
20240903,2.9985,2.7329,0.2656,ACM_K3_261m
20240904,2.9248,2.6976,0.2272,ACM_K3_261m
20240905,2.9086,2.68,0.2286,ACM_K3_261m
20240906,2.9111,2.6245,0.2867,ACM_K3_261m
20240909,2.874,2.6277,0.2463,ACM_K3_261m
20240910,2.838,2.6179,0.2201,ACM_K3_261m
20240911,2.8631,2.6105,0.2526,ACM_K3_261m
20240912,2.8517,2.6159,0.2358,ACM_K3_261m
20240913,2.8643,2.5568,0.3075,ACM_K3_261m
20240916,2.8378,2.5155,0.3223,ACM_K3_261m
20240917,2.8937,2.5036,0.3901,ACM_K3_261m
20240918,2.917,2.5077,0.4093,ACM_K3_261m
20240919,2.9106,2.4962,0.4144,ACM_K3_261m
20240920,2.9189,2.5043,0.4146,ACM_K3_261m
20240923,2.9281,2.4954,0.4327,ACM_K3_261m
20240924,2.9332,2.4925,0.4407,ACM_K3_261m
20240925,2.9955,2.4945,0.5009,ACM_K3_261m
20240926,2.993,2.5082,0.4848,ACM_K3_261m
20240927,2.9229,2.495,0.4279,ACM_K3_261m
20241001,2.9076,2.5161,0.3914,ACM_K3_261m
20241002,2.9825,2.5247,0.4577,ACM_K3_261m
20241003,3.0637,2.5327,0.531,ACM_K3_261m
20241004,3.1497,2.633,0.5167,ACM_K3_261m
20241007,3.1918,2.6551,0.5367,ACM_K3_261m
20241008,3.191,2.6527,0.5383,ACM_K3_261m
20241009,3.1956,2.6528,0.5428,ACM_K3_261m
20241010,3.1654,2.6178,0.5476,ACM_K3_261m
20241011,3.1471,2.5729,0.5742,ACM_K3_261m
20241015,3.0852,2.521,0.5642,ACM_K3_261m
20241016,3.0481,2.5174,0.5308,ACM_K3_261m
20241017,3.0988,2.5263,0.5725,ACM_K3_261m
20241018,3.0766,2.5094,0.5671,ACM_K3_261m
20241021,3.1703,2.511,0.6593,ACM_K3_261m
20241022,3.1665,2.5118,0.6547,ACM_K3_261m
20241023,3.1953,2.5125,0.6828,ACM_K3_261m
20241024,3.1685,2.5372,0.6313,ACM_K3_261m
20241025,3.1995,2.5328,0.6667,ACM_K3_261m
20241028,3.2052,2.532,0.6733,ACM_K3_261m
20241029,3.2093,2.5228,0.6865,ACM_K3_261m
20241030,3.2067,2.5275,0.6792,ACM_K3_261m
20241031,3.1743,2.5255,0.6488,ACM_K3_261m
20241101,3.2306,2.5252,0.7054,ACM_K3_261m
20241104,3.1974,2.5274,0.6701,ACM_K3_261m
20241105,3.2152,2.5492,0.6659,ACM_K3_261m
20241106,3.2681,2.5516,0.7165,ACM_K3_261m
20241107,3.1753,2.5297,0.6456,ACM_K3_261m
20241108,3.1434,2.5397,0.6037,ACM_K3_261m
20241112,3.2305,2.5588,0.6717,ACM_K3_261m
20241113,3.2866,2.5371,0.7495,ACM_K3_261m
20241114,3.2517,2.554,0.6977,ACM_K3_261m
20241115,3.2368,2.5483,0.6885,ACM_K3_261m
20241118,3.233,2.5541,0.6789,ACM_K3_261m
20241119,3.2808,2.5732,0.7076,ACM_K3_261m
20241120,3.3428,2.5854,0.7574,ACM_K3_261m
20241121,3.4233,2.6289,0.7944,ACM_K3_261m
20241122,3.3909,2.6394,0.7515,ACM_K3_261m
20241125,3.2604,2.6218,0.6386,ACM_K3_261m
20241126,3.2179,2.6085,0.6094,ACM_K3_261m
20241127,3.1813,2.5944,0.5869,ACM_K3_261m
20241128,3.171,2.5883,0.5827,ACM_K3_261m
20241129,3.0219,2.5392,0.4826,ACM_K3_261m
20241202,3.0199,2.5442,0.4757,ACM_K3_261m
20241203,3.0754,2.5449,0.5305,ACM_K3_261m
20241204,3.0109,2.5345,0.4764,ACM_K3_261m
20241205,3.0233,2.5273,0.496,ACM_K3_261m
20241206,2.9205,2.4773,0.4432,ACM_K3_261m
20241209,2.9704,2.4699,0.5005,ACM_K3_261m
20241210,2.9538,2.4625,0.4912,ACM_K3_261m
20241211,3.0165,2.4738,0.5427,ACM_K3_261m
20241212,3.076,2.4791,0.5968,ACM_K3_261m
20241213,3.1047,2.4908,0.6139,ACM_K3_261m
20241216,3.1046,2.4945,0.61,ACM_K3_261m
20241217,3.0714,2.5002,0.5712,ACM_K3_261m
20241218,3.1631,2.5019,0.6613,ACM_K3_261m
20241219,3.2649,2.5107,0.7542,ACM_K3_261m
20241220,3.1955,2.503,0.6925,ACM_K3_261m
20241223,3.2047,2.4844,0.7203,ACM_K3_261m
20241224,3.2125,2.4902,0.7223,ACM_K3_261m
20241227,3.2299,2.4547,0.7752,ACM_K3_261m
20241230,3.168,2.4475,0.7205,ACM_K3_261m
20241231,3.1599,2.4309,0.729,ACM_K3_261m
20250102,3.155,2.4268,0.7281,ACM_K3_261m
20250103,3.1656,2.4175,0.7481,ACM_K3_261m
20250106,3.1839,2.3791,0.8048,ACM_K3_261m
20250107,3.2259,2.4204,0.8055,ACM_K3_261m
20250108,3.2439,2.4169,0.827,ACM_K3_261m
20250109,3.2695,2.4085,0.861,ACM_K3_261m
20250110,3.3747,2.4587,0.916,ACM_K3_261m
20250113,3.4322,2.4922,0.94,ACM_K3_261m
20250114,3.4662,2.5028,0.9634,ACM_K3_261m
20250115,3.3345,2.4616,0.8729,ACM_K3_261m
20250116,3.2573,2.4325,0.8247,ACM_K3_261m
20250117,3.2133,2.4286,0.7848,ACM_K3_261m
20250120,3.2187,2.3845,0.8342,ACM_K3_261m
20250121,3.1679,2.4231,0.7448,ACM_K3_261m
20250122,3.2191,2.4326,0.7865,ACM_K3_261m
20250123,3.2363,2.4266,0.8097,ACM_K3_261m
20250124,3.1906,2.4146,0.776,ACM_K3_261m
20250127,3.1027,2.4064,0.6963,ACM_K3_261m
20250128,3.1047,2.3875,0.7172,ACM_K3_261m
20250129,3.0804,2.3758,0.7047,ACM_K3_261m
20250130,3.0066,2.3562,0.6504,ACM_K3_261m
20250131,2.9792,2.3053,0.6739,ACM_K3_261m
20250203,2.8753,2.2462,0.6291,ACM_K3_261m
20250204,2.9092,2.2795,0.6297,ACM_K3_261m
20250205,2.8638,2.2813,0.5824,ACM_K3_261m
20250206,2.8714,2.2784,0.5929,ACM_K3_261m
20250207,2.9848,2.3126,0.6722,ACM_K3_261m
20250210,2.9765,2.2993,0.6772,ACM_K3_261m
20250211,3.01,2.3197,0.6903,ACM_K3_261m
20250212,3.0976,2.3359,0.7617,ACM_K3_261m
20250213,3.0164,2.3313,0.6852,ACM_K3_261m
20250214,3.0026,2.3348,0.6678,ACM_K3_261m
20250218,3.1075,2.3539,0.7537,ACM_K3_261m
20250219,3.0903,2.3653,0.725,ACM_K3_261m
20250220,3.1293,2.3673,0.762,ACM_K3_261m
20250221,3.0083,2.35,0.6582,ACM_K3_261m
20250224,2.9706,2.3443,0.6263,ACM_K3_261m
20250225,2.9021,2.314,0.5881,ACM_K3_261m
20250226,2.9018,2.315,0.5868,ACM_K3_261m
20250227,2.8867,2.302,0.5847,ACM_K3_261m
20250228,2.8063,2.3003,0.506,ACM_K3_261m
20250303,2.717,2.2618,0.4552,ACM_K3_261m
20250304,2.7725,2.218,0.5545,ACM_K3_261m
20250305,2.8648,2.245,0.6198,ACM_K3_261m
20250306,2.9695,2.2801,0.6895,ACM_K3_261m
20250307,2.9419,2.2587,0.6832,ACM_K3_261m
20250310,2.8821,2.2466,0.6355,ACM_K3_261m
20250311,2.9137,2.2251,0.6886,ACM_K3_261m
20250312,2.9718,2.2468,0.7249,ACM_K3_261m
20250313,2.9413,2.2358,0.7055,ACM_K3_261m
20250314,2.9724,2.2399,0.7325,ACM_K3_261m
20250317,2.9362,2.2348,0.7014,ACM_K3_261m
20250318,2.9305,2.243,0.6875,ACM_K3_261m
20250319,2.9022,2.2318,0.6704,ACM_K3_261m
20250320,2.9089,2.2352,0.6737,ACM_K3_261m
20250321,2.9148,2.2205,0.6944,ACM_K3_261m
20250324,2.9687,2.2253,0.7435,ACM_K3_261m
20250325,2.9841,2.2187,0.7654,ACM_K3_261m
20250326,3.0264,2.2483,0.7781,ACM_K3_261m
20250327,2.9934,2.2286,0.7648,ACM_K3_261m
20250328,2.9278,2.2116,0.7161,ACM_K3_261m
20250331,2.8801,2.1976,0.6825,ACM_K3_261m
20250401,2.8376,2.1822,0.6554,ACM_K3_261m
20250402,2.8533,2.1838,0.6695,ACM_K3_261m
20250403,2.851,2.1543,0.6967,ACM_K3_261m
20250404,2.8205,2.1213,0.6991,ACM_K3_261m
20250407,2.948,2.1657,0.7823,ACM_K3_261m
20250408,2.9839,2.1822,0.8017,ACM_K3_261m
20250409,3.0774,2.2457,0.8317,ACM_K3_261m
20250410,3.1132,2.2333,0.8799,ACM_K3_261m
20250411,3.1625,2.2532,0.9093,ACM_K3_261m
20250414,3.0178,2.2388,0.7791,ACM_K3_261m
20250415,3.0136,2.2077,0.8059,ACM_K3_261m
20250416,2.991,2.2024,0.7886,ACM_K3_261m
20250417,3.0412,2.1904,0.8508,ACM_K3_261m
20250421,3.1342,2.1833,0.9508,ACM_K3_261m
20250422,3.0924,2.1898,0.9026,ACM_K3_261m
20250423,3.1396,2.227,0.9126,ACM_K3_261m
20250424,3.0967,2.2079,0.8888,ACM_K3_261m
20250425,3.0811,2.2153,0.8658,ACM_K3_261m
20250428,3.0699,2.2019,0.868,ACM_K3_261m
20250429,3.0308,2.2032,0.8276,ACM_K3_261m
20250430,2.9763,2.1828,0.7935,ACM_K3_261m
20250501,3.0172,2.1735,0.8437,ACM_K3_261m
20250502,3.0911,2.1884,0.9027,ACM_K3_261m
20250505,3.0817,2.1969,0.8848,ACM_K3_261m
20250506,3.0621,2.1906,0.8715,ACM_K3_261m
20250507,3.003,2.1962,0.8068,ACM_K3_261m
20250508,3.1127,2.2082,0.9046,ACM_K3_261m
20250509,3.058,2.1893,0.8688,ACM_K3_261m
20250512,3.1101,2.2062,0.9039,ACM_K3_261m
20250513,3.1261,2.2046,0.9215,ACM_K3_261m
20250514,3.163,2.1943,0.9686,ACM_K3_261m
20250515,3.0715,2.1836,0.8879,ACM_K3_261m
20250516,3.0828,2.1818,0.901,ACM_K3_261m
20250520,3.2004,2.2109,0.9895,ACM_K3_261m
20250521,3.3272,2.1826,1.1446,ACM_K3_261m
20250522,3.2752,2.2329,1.0423,ACM_K3_261m
20250523,3.252,2.2292,1.0228,ACM_K3_261m
20250526,3.2366,2.226,1.0106,ACM_K3_261m
20250527,3.1681,2.2259,0.9422,ACM_K3_261m
20250528,3.1566,2.2172,0.9394,ACM_K3_261m
20250529,3.1242,2.2136,0.9107,ACM_K3_261m
20250530,3.1067,2.216,0.8907,ACM_K3_261m
20250602,3.1386,2.2039,0.9347,ACM_K3_261m
20250603,3.1775,2.2145,0.963,ACM_K3_261m
20250604,3.1422,2.2152,0.927,ACM_K3_261m
20250605,3.1598,2.2286,0.9311,ACM_K3_261m
20250606,3.2602,2.2405,1.0197,ACM_K3_261m
20250609,3.2679,2.2504,1.0175,ACM_K3_261m
20250610,3.2457,2.2509,0.9947,ACM_K3_261m
20250611,3.2464,2.2376,1.0088,ACM_K3_261m
20250612,3.239,2.2353,1.0037,ACM_K3_261m
20250613,3.2772,2.2471,1.0301,ACM_K3_261m
20250616,3.3091,2.2488,1.0603,ACM_K3_261m
20250617,3.271,2.2548,1.0162,ACM_K3_261m
20250618,3.235,2.2479,0.987,ACM_K3_261m
20250619,3.2274,2.2529,0.9745,ACM_K3_261m
20250620,3.1981,2.2394,0.9587,ACM_K3_261m
20250623,3.1702,2.2232,0.9469,ACM_K3_261m
20250624,3.1614,2.2269,0.9345,ACM_K3_261m
20250625,3.2229,2.2303,0.9926,ACM_K3_261m
20250626,3.2196,2.2143,1.0052,ACM_K3_261m
20250627,3.2031,2.2087,0.9943,ACM_K3_261m
20250630,3.1697,2.211,0.9587,ACM_K3_261m
20250702,3.2545,2.2232,1.0313,ACM_K3_261m
20250703,3.276,2.236,1.04,ACM_K3_261m
20250704,3.2438,2.2324,1.0114,ACM_K3_261m
20250707,3.2875,2.2346,1.0528,ACM_K3_261m
20250708,3.3164,2.2324,1.084,ACM_K3_261m
20250709,3.26,2.2294,1.0306,ACM_K3_261m
20250710,3.29,2.2364,1.0536,ACM_K3_261m
20250711,3.3866,2.2443,1.1423,ACM_K3_261m
20250714,3.4007,2.2443,1.1563,ACM_K3_261m
20250715,3.4868,2.2737,1.2131,ACM_K3_261m
20250716,3.4501,2.2773,1.1728,ACM_K3_261m
20250717,3.453,2.2724,1.1806,ACM_K3_261m
20250718,3.4561,2.2713,1.1848,ACM_K3_261m
20250721,3.3971,2.2749,1.1222,ACM_K3_261m
20250722,3.3861,2.2665,1.1196,ACM_K3_261m
20250723,3.447,2.2782,1.1688,ACM_K3_261m
20250724,3.4349,2.2898,1.1451,ACM_K3_261m
20250725,3.4056,2.2813,1.1243,ACM_K3_261m
20250728,3.407,2.2805,1.1264,ACM_K3_261m
20250729,3.3563,2.2786,1.0777,ACM_K3_261m
20250730,3.3692,2.2866,1.0826,ACM_K3_261m
20250731,3.3348,2.278,1.0568,ACM_K3_261m
20250801,3.2669,2.2522,1.0148,ACM_K3_261m
20250805,3.2669,2.2522,1.0148,ACM_K3_261m
20250806,3.2737,2.2505,1.0232,ACM_K3_261m
20250807,3.2714,2.2541,1.0173,ACM_K3_261m
20250808,3.2608,2.2373,1.0235,ACM_K3_261m
20250811,3.2704,2.2446,1.0258,ACM_K3_261m
20250812,3.311,2.2426,1.0684,ACM_K3_261m
20250813,3.2734,2.2398,1.0335,ACM_K3_261m
20250814,3.291,2.2395,1.0516,ACM_K3_261m
20250815,3.3398,2.2418,1.098,ACM_K3_261m
20250818,3.3727,2.2443,1.1284,ACM_K3_261m
20250819,3.32,2.2373,1.0827,ACM_K3_261m
20250820,3.3211,2.2329,1.0881,ACM_K3_261m
20250821,3.3572,2.2431,1.1141,ACM_K3_261m
20250822,3.3054,2.2332,1.0722,ACM_K3_261m
20250825,3.3506,2.2363,1.1143,ACM_K3_261m
20250826,3.3246,2.2306,1.0939,ACM_K3_261m
20250827,3.3223,2.2343,1.0881,ACM_K3_261m
20250828,3.3005,2.2346,1.0659,ACM_K3_261m
20250829,3.2571,2.2104,1.0467,ACM_K3_261m
20250902,3.3101,2.2128,1.0973,ACM_K3_261m
20250903,3.2612,2.1981,1.0632,ACM_K3_261m
20250904,3.2479,2.2043,1.0436,ACM_K3_261m
20250905,3.1756,2.1626,1.013,ACM_K3_261m
20250908,3.1128,2.1599,0.9528,ACM_K3_261m
20250909,3.1232,2.1677,0.9555,ACM_K3_261m
20250910,3.0718,2.1666,0.9052,ACM_K3_261m
20250911,3.0551,2.173,0.8821,ACM_K3_261m
20250912,3.0698,2.1722,0.8976,ACM_K3_261m
20250915,3.0593,2.1643,0.895,ACM_K3_261m
20250916,3.0494,2.1463,0.903,ACM_K3_261m
20250917,3.0759,2.1557,0.9202,ACM_K3_261m
20250918,3.0769,2.1534,0.9235,ACM_K3_261m
20250919,3.0934,2.131,0.9624,ACM_K3_261m
20250922,3.078,2.1369,0.9411,ACM_K3_261m
20250923,3.0802,2.1333,0.9469,ACM_K3_261m
20250924,3.0877,2.1304,0.9572,ACM_K3_261m
20250925,3.1183,2.1395,0.9788,ACM_K3_261m
20250926,3.1279,2.1416,0.9864,ACM_K3_261m
20250929,3.0712,2.1416,0.9297,ACM_K3_261m
20251001,3.0864,2.1256,0.9608,ACM_K3_261m
20251002,3.0762,2.1231,0.9531,ACM_K3_261m
20251003,3.0877,2.1196,0.9681,ACM_K3_261m
20251006,3.1069,2.1254,0.9815,ACM_K3_261m
20251007,3.0873,2.1175,0.9699,ACM_K3_261m
20251008,3.0784,2.135,0.9434,ACM_K3_261m
20251009,3.1022,2.1267,0.9755,ACM_K3_261m
20251010,3.0735,2.1417,0.9318,ACM_K3_261m
20251014,3.0403,2.1266,0.9136,ACM_K3_261m
20251015,3.0183,2.1255,0.8928,ACM_K3_261m
20251016,2.9792,2.1114,0.8678,ACM_K3_261m
20251017,2.9843,2.1085,0.8758,ACM_K3_261m
20251020,2.9524,2.0976,0.8548,ACM_K3_261m
20251021,2.977,2.1148,0.8622,ACM_K3_261m
20251022,2.965,2.1109,0.8542,ACM_K3_261m
20251023,2.9902,2.1055,0.8847,ACM_K3_261m
20251024,2.9786,2.0947,0.8839,ACM_K3_261m
20251027,2.9437,2.0978,0.846,ACM_K3_261m
20251028,2.9399,2.0946,0.8453,ACM_K3_261m
20251029,3.0492,2.1153,0.9338,ACM_K3_261m
20251030,3.0301,2.1094,0.9208,ACM_K3_261m
20251031,3.0219,2.0996,0.9223,ACM_K3_261m
20251103,3.0475,2.1054,0.9421,ACM_K3_261m
20251104,3.051,2.1096,0.9414,ACM_K3_261m
20251105,3.0564,2.1034,0.953,ACM_K3_261m
20251106,2.9956,2.097,0.8986,ACM_K3_261m
20251107,3.0678,2.1066,0.9612,ACM_K3_261m
20251110,3.0665,2.1197,0.9468,ACM_K3_261m
20251112,3.0438,2.123,0.9208,ACM_K3_261m
20251113,3.0807,2.1269,0.9538,ACM_K3_261m
20251114,3.119,2.1248,0.9941,ACM_K3_261m
20251117,3.1297,2.1278,1.0018,ACM_K3_261m
20251118,3.1425,2.1327,1.0098,ACM_K3_261m
20251119,3.1484,2.1231,1.0253,ACM_K3_261m
20251120,3.1165,2.1249,0.9916,ACM_K3_261m
20251121,3.0979,2.1072,0.9907,ACM_K3_261m
20251124,3.0818,2.1051,0.9766,ACM_K3_261m
20251125,3.0499,2.0983,0.9516,ACM_K3_261m
20251126,3.029,2.105,0.924,ACM_K3_261m
20251127,3.0176,2.1085,0.9092,ACM_K3_261m
20251128,3.0345,2.1093,0.9251,ACM_K3_261m
20251201,3.1366,2.1192,1.0174,ACM_K3_261m
20251202,3.136,2.1137,1.0224,ACM_K3_261m
20251203,3.1084,2.1034,1.005,ACM_K3_261m
20251204,3.1504,2.1074,1.043,ACM_K3_261m
20251205,3.325,2.1668,1.1581,ACM_K3_261m
20251208,3.3211,2.1745,1.1466,ACM_K3_261m
20251209,3.3749,2.1802,1.1947,ACM_K3_261m
20251210,3.3237,2.1678,1.156,ACM_K3_261m
20251211,3.3225,2.16,1.1625,ACM_K3_261m
20251212,3.3415,2.1536,1.1879,ACM_K3_261m
20251215,3.3141,2.1398,1.1743,ACM_K3_261m
20251216,3.2946,2.1461,1.1485,ACM_K3_261m
20251217,3.3158,2.1483,1.1676,ACM_K3_261m
20251218,3.2938,2.1471,1.1467,ACM_K3_261m
20251219,3.3587,2.1323,1.2264,ACM_K3_261m
20251222,3.3473,2.1343,1.213,ACM_K3_261m
20251223,3.2983,2.139,1.1593,ACM_K3_261m
20251224,3.2804,2.1408,1.1396,ACM_K3_261m
20251229,3.2714,2.1376,1.1338,ACM_K3_261m
20251230,3.2977,2.1417,1.156,ACM_K3_261m
20251231,3.302,2.1486,1.1534,ACM_K3_261m
20260102,3.3705,2.1256,1.2449,ACM_K3_261m
20260105,3.2991,2.1432,1.1558,ACM_K3_261m
20260106,3.3097,2.1548,1.1549,ACM_K3_261m
20260107,3.2744,2.1469,1.1275,ACM_K3_261m
20260108,3.2876,2.1446,1.143,ACM_K3_261m
20260109,3.2644,2.1428,1.1217,ACM_K3_261m
20260112,3.2979,2.117,1.1808,ACM_K3_261m
20260113,3.287,2.1412,1.1458,ACM_K3_261m
20260114,3.2413,2.1409,1.1004,ACM_K3_261m
20260115,3.2329,2.1379,1.095,ACM_K3_261m
20260116,3.2613,2.1332,1.1282,ACM_K3_261m
20260119,3.2702,2.1316,1.1386,ACM_K3_261m
20260120,3.3181,2.1047,1.2135,ACM_K3_261m
20260121,3.3088,2.1294,1.1794,ACM_K3_261m
20260122,3.2905,2.1346,1.156,ACM_K3_261m
20260123,3.2983,2.1472,1.1511,ACM_K3_261m
20260126,3.2587,2.1379,1.1209,ACM_K3_261m
20260127,3.3102,2.1157,1.1945,ACM_K3_261m
20260128,3.3057,2.1322,1.1736,ACM_K3_261m
20260129,3.302,2.1205,1.1816,ACM_K3_261m
20260130,3.3085,2.1169,1.1916,ACM_K3_261m
20260202,3.3149,2.1254,1.1895,ACM_K3_261m
20260203,3.3258,2.1267,1.1991,ACM_K3_261m
20260204,3.3138,2.1297,1.1841,ACM_K3_261m
20260205,3.2817,2.1246,1.1571,ACM_K3_261m
20260206,3.2847,2.1198,1.1649,ACM_K3_261m
20260209,3.271,2.1216,1.1494,ACM_K3_261m
20260210,3.2466,2.1237,1.123,ACM_K3_261m
20260211,3.2253,2.1213,1.104,ACM_K3_261m
20260212,3.1655,2.1191,1.0464,ACM_K3_261m
20260213,3.1368,2.1111,1.0258,ACM_K3_261m
20260217,3.1127,2.105,1.0077,ACM_K3_261m
20260218,3.1145,2.0994,1.015,ACM_K3_261m
20260219,3.1038,2.1017,1.0021,ACM_K3_261m
20260220,3.0993,2.1002,0.9991,ACM_K3_261m
20260223,3.0665,2.1009,0.9656,ACM_K3_261m
20260224,3.0616,2.1113,0.9503,ACM_K3_261m
20260225,3.085,2.1115,0.9735,ACM_K3_261m
20260226,3.0522,2.1075,0.9447,ACM_K3_261m
20260227,3.0127,2.0968,0.9159,ACM_K3_261m
20260302,3.101,2.1274,0.9737,ACM_K3_261m
20260303,3.1146,2.152,0.9626,ACM_K3_261m
20260304,3.1435,2.1406,1.0029,ACM_K3_261m
20260305,3.2227,2.1593,1.0633,ACM_K3_261m
20260306,3.2856,2.1689,1.1167,ACM_K3_261m
20260309,3.2291,2.1959,1.0332,ACM_K3_261m
20260310,3.275,2.1833,1.0916,ACM_K3_261m
20260311,3.3642,2.1974,1.1668,ACM_K3_261m
20260312,3.41,2.2301,1.1799,ACM_K3_261m
20260313,3.3974,2.2207,1.1766,ACM_K3_261m
20260316,3.3152,2.2018,1.1134,ACM_K3_261m
20260317,3.2769,2.1865,1.0905,ACM_K3_261m
20260318,3.341,2.2018,1.1392,ACM_K3_261m
20260319,3.3285,2.267,1.0615,ACM_K3_261m
20260320,3.4558,2.3631,1.0927,ACM_K3_261m
20260323,3.4118,2.3342,1.0776,ACM_K3_261m
20260324,3.4935,2.327,1.1665,ACM_K3_261m
20260325,3.3563,2.3199,1.0364,ACM_K3_261m
20260326,3.4634,2.3352,1.1282,ACM_K3_261m
20260327,3.4667,2.3259,1.1408,ACM_K3_261m
20260330,3.3894,2.318,1.0714,ACM_K3_261m
20260331,3.3501,2.2842,1.0659,ACM_K3_261m
20260401,3.388,2.2714,1.1166,ACM_K3_261m
20260402,3.3747,2.2752,1.0995,ACM_K3_261m
20260406,3.3553,2.2847,1.0706,ACM_K3_261m
20260407,3.3732,2.3036,1.0696,ACM_K3_261m
20260408,3.3315,2.261,1.0705,ACM_K3_261m
20260409,3.3455,2.2614,1.0841,ACM_K3_261m
20260410,3.3601,2.2516,1.1085,ACM_K3_261m
20260413,3.3437,2.2655,1.0783,ACM_K3_261m
20260414,3.315,2.2538,1.0612,ACM_K3_261m
20260415,3.3604,2.2552,1.1052,ACM_K3_261m
20260416,3.3878,2.2554,1.1324,ACM_K3_261m
20260417,3.3259,2.2481,1.0778,ACM_K3_261m
20260420,3.3335,2.2345,1.0989,ACM_K3_261m
20260421,3.393,2.2571,1.1359,ACM_K3_261m
20260422,3.3851,2.2489,1.1362,ACM_K3_261m
20260423,3.379,2.2724,1.1066,ACM_K3_261m
20260424,3.3668,2.2385,1.1283,ACM_K3_261m
20260427,3.3887,2.2716,1.1171,ACM_K3_261m
20260428,3.4047,2.2905,1.1142,ACM_K3_261m
20260429,3.4916,2.3564,1.1352,ACM_K3_261m
20260430,3.4397,2.3437,1.096,ACM_K3_261m
20260501,3.4179,2.3319,1.086,ACM_K3_261m
20260504,3.5005,2.3741,1.1264,ACM_K3_261m
20260505,3.4765,2.3771,1.0994,ACM_K3_261m
20260506,3.3903,2.3287,1.0616,ACM_K3_261m
20260507,3.4215,2.3259,1.0957,ACM_K3_261m
20260508,3.3622,2.3016,1.0606,ACM_K3_261m
20260511,3.4325,2.3221,1.1104,ACM_K3_261m
20260512,3.4871,2.3272,1.1599,ACM_K3_261m
20260513,3.4799,2.3199,1.16,ACM_K3_261m
20260514,3.4592,2.3265,1.1327,ACM_K3_261m
20260515,3.5984,2.3596,1.2388,ACM_K3_261m
20260519,3.6037,2.3375,1.2662,ACM_K3_261m
20260520,3.4873,2.2992,1.1881,ACM_K3_261m
20260521,3.4437,2.299,1.1447,ACM_K3_261m
20260522,3.4396,2.306,1.1335,ACM_K3_261m
20260525,3.3559,2.2916,1.0643,ACM_K3_261m
20260526,3.365,2.2934,1.0716,ACM_K3_261m
20260527,3.3733,2.2994,1.074,ACM_K3_261m
20260528,3.3341,2.3011,1.0329,ACM_K3_261m
20260529,3.3034,2.2693,1.0341,ACM_K3_261m
20260601,3.3288,2.2797,1.0491,ACM_K3_261m
20260602,3.3069,2.2856,1.0213,ACM_K3_261m
20260603,3.3275,2.2805,1.0471,ACM_K3_261m
20260604,3.3333,2.2672,1.0661,ACM_K3_261m
20260605,3.3768,2.304,1.0728,ACM_K3_261m
20260608,3.4333,2.2878,1.1455,ACM_K3_261m
20260609,3.4061,2.2665,1.1396,ACM_K3_261m
20260610,3.3909,2.2731,1.1179,ACM_K3_261m
20260611,3.303,2.2672,1.0359,ACM_K3_261m
20260612,3.3043,2.2449,1.0594,ACM_K3_261m
20260615,3.3133,2.2396,1.0737,ACM_K3_261m
20260616,3.288,2.2428,1.0452,ACM_K3_261m
20260617,3.3299,2.2658,1.0641,ACM_K3_261m
20260618,3.302,2.2352,1.0668,ACM_K3_261m
20260619,3.2983,2.2504,1.0479,ACM_K3_261m
20260622,3.3334,2.2741,1.0594,ACM_K3_261m
20260623,3.3306,2.2586,1.072,ACM_K3_261m
20260624,3.2541,2.2453,1.0088,ACM_K3_261m
20260625,3.2917,2.2389,1.0528,ACM_K3_261m
20260626,3.2969,2.2304,1.0665,ACM_K3_261m
20260629,3.264,2.2459,1.0181,ACM_K3_261m
20260630,3.2711,2.2533,1.0179,ACM_K3_261m
20260702,3.3358,2.2543,1.0815,ACM_K3_261m
20260703,3.3407,2.2439,1.0968,ACM_K3_261m
20260706,3.3192,2.2219,1.0973,ACM_K3_261m
20260707,3.3888,2.2505,1.1383,ACM_K3_261m
20260708,3.4541,2.2727,1.1814,ACM_K3_261m
20260709,3.4084,2.2537,1.1547,ACM_K3_261m
20260710,3.4005,2.2683,1.1322,ACM_K3_261m
20260713,3.4507,2.2928,1.1579,ACM_K3_261m
20260714,3.4685,2.2625,1.206,ACM_K3_261m
20260715,3.416,2.2701,1.1459,ACM_K3_261m
20260716,3.4239,2.2671,1.1568,ACM_K3_261m
20260717,3.4493,2.283,1.1663,ACM_K3_261m
20260720,3.4514,2.2852,1.1662,ACM_K3_261m
20260721,3.4445,2.2676,1.1768,ACM_K3_261m
20260722,3.4901,2.2917,1.1984,ACM_K3_261m
20260723,3.5306,2.3349,1.1956,ACM_K3_261m
20260724,3.4851,2.3037,1.1814,ACM_K3_261m
20260727,3.4506,2.2947,1.1559,ACM_K3_261m
20260728,3.4151,2.2939,1.1212,ACM_K3_261m
20260729,3.4642,2.2846,1.1796,ACM_K3_261m
20260730,3.479,2.2713,1.2077,ACM_K3_261m
20260731,3.5419,2.2965,1.2455,ACM_K3_261m
20260804,3.441,2.2752,1.1658,ACM_K3_261m
20260805,3.4434,2.2701,1.1733,ACM_K3_261m
20260806,3.4956,2.301,1.1946,ACM_K3_261m
20260807,3.528,2.3152,1.2128,ACM_K3_261m
20260810,3.6114,2.3283,1.2831,ACM_K3_261m
20260811,3.5885,2.33,1.2585,ACM_K3_261m
20260812,3.5797,2.313,1.2667,ACM_K3_261m
20260813,3.5124,2.2913,1.2211,ACM_K3_261m
20260814,3.5727,2.2971,1.2756,ACM_K3_261m
20260817,3.6003,2.3135,1.2868,ACM_K3_261m
20260818,3.5738,2.3196,1.2542,ACM_K3_261m
20260819,3.5729,2.3255,1.2474,ACM_K3_261m
20260820,3.6256,2.3417,1.2839,ACM_K3_261m
20260821,3.6583,2.308,1.3503,ACM_K3_261m
20260824,3.5572,2.3207,1.2364,ACM_K3_261m
20260825,3.497,2.3027,1.1943,ACM_K3_261m
20260826,3.5441,2.3,1.244,ACM_K3_261m
20260827,3.5845,2.3065,1.278,ACM_K3_261m
20260828,3.6202,2.3194,1.3007,ACM_K3_261m
20260831,3.6113,2.3268,1.2845,ACM_K3_261m
20260901,3.6318,2.3251,1.3068,ACM_K3_261m
20260902,3.6801,2.3704,1.3097,ACM_K3_261m
20260903,3.6615,2.3828,1.2787,ACM_K3_261m
20260904,3.6458,2.3776,1.2681,ACM_K3_261m
20260908,3.6866,2.3913,1.2953,ACM_K3_261m
20260909,3.7172,2.406,1.3112,ACM_K3_261m
20260910,3.829,2.4663,1.3627,ACM_K3_261m
20260911,3.8295,2.4998,1.3297,ACM_K3_261m
20260914,3.7984,2.5501,1.2483,ACM_K3_261m
20260915,3.814,2.5289,1.2852,ACM_K3_261m
20260916,3.7981,2.5196,1.2785,ACM_K3_261m
20260917,3.6967,2.507,1.1897,ACM_K3_261m
20260918,3.7478,2.5109,1.2369,ACM_K3_261m
20260921,3.7184,2.5092,1.2092,ACM_K3_261m
20260922,3.703,2.4944,1.2086,ACM_K3_261m
20260923,3.8459,2.5295,1.3164,ACM_K3_261m
20260924,3.8548,2.5244,1.3304,ACM_K3_261m
20260925,3.8258,2.5075,1.3182,ACM_K3_261m
20260928,3.8456,2.5208,1.3247,ACM_K3_261m
20260929,3.8778,2.5036,1.3742,ACM_K3_261m
