DATE,OPEN,HIGH,LOW,CLOSE,VOLUME
20211004,-0.3246,-0.3246,-0.3246,-0.3246,0
20211005,-0.2852,-0.2852,-0.2852,-0.2852,0
20211006,-0.3152,-0.3152,-0.3152,-0.3152,0
20211007,-0.2671,-0.2671,-0.2671,-0.2671,0
20211008,-0.2348,-0.2348,-0.2348,-0.2348,0
20211012,-0.3245,-0.3245,-0.3245,-0.3245,0
20211013,-0.4002,-0.4002,-0.4002,-0.4002,0
20211014,-0.4132,-0.4132,-0.4132,-0.4132,0
20211015,-0.4014,-0.4014,-0.4014,-0.4014,0
20211018,-0.4386,-0.4386,-0.4386,-0.4386,0
20211019,-0.3282,-0.3282,-0.3282,-0.3282,0
20211020,-0.3225,-0.3225,-0.3225,-0.3225,0
20211021,-0.3333,-0.3333,-0.3333,-0.3333,0
20211022,-0.3929,-0.3929,-0.3929,-0.3929,0
20211025,-0.3765,-0.3765,-0.3765,-0.3765,0
20211026,-0.4170,-0.4170,-0.4170,-0.4170,0
20211027,-0.5454,-0.5454,-0.5454,-0.5454,0
20211028,-0.4951,-0.4951,-0.4951,-0.4951,0
20211029,-0.4828,-0.4828,-0.4828,-0.4828,0
20211101,-0.4710,-0.4710,-0.4710,-0.4710,0
20211102,-0.4789,-0.4789,-0.4789,-0.4789,0
20211103,-0.4618,-0.4618,-0.4618,-0.4618,0
20211104,-0.4868,-0.4868,-0.4868,-0.4868,0
20211105,-0.5793,-0.5793,-0.5793,-0.5793,0
20211108,-0.5649,-0.5649,-0.5649,-0.5649,0
20211109,-0.6184,-0.6184,-0.6184,-0.6184,0
20211110,-0.5889,-0.5889,-0.5889,-0.5889,0
20211112,-0.5743,-0.5743,-0.5743,-0.5743,0
20211115,-0.5117,-0.5117,-0.5117,-0.5117,0
20211116,-0.4997,-0.4997,-0.4997,-0.4997,0
20211117,-0.5224,-0.5224,-0.5224,-0.5224,0
20211118,-0.5396,-0.5396,-0.5396,-0.5396,0
20211119,-0.6216,-0.6216,-0.6216,-0.6216,0
20211122,-0.5598,-0.5598,-0.5598,-0.5598,0
20211123,-0.5031,-0.5031,-0.5031,-0.5031,0
20211124,-0.5658,-0.5658,-0.5658,-0.5658,0
20211126,-0.6779,-0.6779,-0.6779,-0.6779,0
20211129,-0.6256,-0.6256,-0.6256,-0.6256,0
20211130,-0.7247,-0.7247,-0.7247,-0.7247,0
20211201,-0.6627,-0.6627,-0.6627,-0.6627,0
20211202,-0.7714,-0.7714,-0.7714,-0.7714,0
20211203,-0.8549,-0.8549,-0.8549,-0.8549,0
20211206,-0.7934,-0.7934,-0.7934,-0.7934,0
20211207,-0.7767,-0.7767,-0.7767,-0.7767,0
20211208,-0.7494,-0.7494,-0.7494,-0.7494,0
20211209,-0.7942,-0.7942,-0.7942,-0.7942,0
20211210,-0.8004,-0.8004,-0.8004,-0.8004,0
20211213,-0.8630,-0.8630,-0.8630,-0.8630,0
20211214,-0.8489,-0.8489,-0.8489,-0.8489,0
20211215,-0.8220,-0.8220,-0.8220,-0.8220,0
20211216,-0.7401,-0.7401,-0.7401,-0.7401,0
20211217,-0.7896,-0.7896,-0.7896,-0.7896,0
20211220,-0.7486,-0.7486,-0.7486,-0.7486,0
20211221,-0.7297,-0.7297,-0.7297,-0.7297,0
20211222,-0.7569,-0.7569,-0.7569,-0.7569,0
20211223,-0.7221,-0.7221,-0.7221,-0.7221,0
20211227,-0.7613,-0.7613,-0.7613,-0.7613,0
20211228,-0.7453,-0.7453,-0.7453,-0.7453,0
20211229,-0.6494,-0.6494,-0.6494,-0.6494,0
20211230,-0.6800,-0.6800,-0.6800,-0.6800,0
20211231,-0.6824,-0.6824,-0.6824,-0.6824,0
20220103,-0.5749,-0.5749,-0.5749,-0.5749,0
20220104,-0.5009,-0.5009,-0.5009,-0.5009,0
20220105,-0.5212,-0.5212,-0.5212,-0.5212,0
20220106,-0.5469,-0.5469,-0.5469,-0.5469,0
20220107,-0.4806,-0.4806,-0.4806,-0.4806,0
20220110,-0.5194,-0.5194,-0.5194,-0.5194,0
20220111,-0.5377,-0.5377,-0.5377,-0.5377,0
20220112,-0.5559,-0.5559,-0.5559,-0.5559,0
20220113,-0.5763,-0.5763,-0.5763,-0.5763,0
20220114,-0.5432,-0.5432,-0.5432,-0.5432,0
20220118,-0.4984,-0.4984,-0.4984,-0.4984,0
20220119,-0.5335,-0.5335,-0.5335,-0.5335,0
20220120,-0.5525,-0.5525,-0.5525,-0.5525,0
20220121,-0.6038,-0.6038,-0.6038,-0.6038,0
20220124,-0.5530,-0.5530,-0.5530,-0.5530,0
20220125,-0.5561,-0.5561,-0.5561,-0.5561,0
20220126,-0.5735,-0.5735,-0.5735,-0.5735,0
20220127,-0.6751,-0.6751,-0.6751,-0.6751,0
20220128,-0.6892,-0.6892,-0.6892,-0.6892,0
20220131,-0.6609,-0.6609,-0.6609,-0.6609,0
20220201,-0.6554,-0.6554,-0.6554,-0.6554,0
20220202,-0.6792,-0.6792,-0.6792,-0.6792,0
20220203,-0.6574,-0.6574,-0.6574,-0.6574,0
20220204,-0.6388,-0.6388,-0.6388,-0.6388,0
20220207,-0.6361,-0.6361,-0.6361,-0.6361,0
20220208,-0.6228,-0.6228,-0.6228,-0.6228,0
20220209,-0.6533,-0.6533,-0.6533,-0.6533,0
20220210,-0.7200,-0.7200,-0.7200,-0.7200,0
20220211,-0.7556,-0.7556,-0.7556,-0.7556,0
20220214,-0.7283,-0.7283,-0.7283,-0.7283,0
20220215,-0.6386,-0.6386,-0.6386,-0.6386,0
20220216,-0.6254,-0.6254,-0.6254,-0.6254,0
20220217,-0.6654,-0.6654,-0.6654,-0.6654,0
20220218,-0.7089,-0.7089,-0.7089,-0.7089,0
20220222,-0.7523,-0.7523,-0.7523,-0.7523,0
20220223,-0.7098,-0.7098,-0.7098,-0.7098,0
20220224,-0.6755,-0.6755,-0.6755,-0.6755,0
20220225,-0.6995,-0.6995,-0.6995,-0.6995,0
20220228,-0.7965,-0.7965,-0.7965,-0.7965,0
20220301,-0.8279,-0.8279,-0.8279,-0.8279,0
20220302,-0.7645,-0.7645,-0.7645,-0.7645,0
20220303,-0.7882,-0.7882,-0.7882,-0.7882,0
20220304,-0.9236,-0.9236,-0.9236,-0.9236,0
20220307,-0.9161,-0.9161,-0.9161,-0.9161,0
20220308,-0.8823,-0.8823,-0.8823,-0.8823,0
20220309,-0.8472,-0.8472,-0.8472,-0.8472,0
20220310,-0.8264,-0.8264,-0.8264,-0.8264,0
20220311,-0.8549,-0.8549,-0.8549,-0.8549,0
20220314,-0.7362,-0.7362,-0.7362,-0.7362,0
20220315,-0.7468,-0.7468,-0.7468,-0.7468,0
20220316,-0.7570,-0.7570,-0.7570,-0.7570,0
20220317,-0.7066,-0.7066,-0.7066,-0.7066,0
20220318,-0.8034,-0.8034,-0.8034,-0.8034,0
20220321,-0.7119,-0.7119,-0.7119,-0.7119,0
20220322,-0.6701,-0.6701,-0.6701,-0.6701,0
20220323,-0.6834,-0.6834,-0.6834,-0.6834,0
20220324,-0.6834,-0.6834,-0.6834,-0.6834,0
20220325,-0.6078,-0.6078,-0.6078,-0.6078,0
20220328,-0.7235,-0.7235,-0.7235,-0.7235,0
20220329,-0.7925,-0.7925,-0.7925,-0.7925,0
20220330,-0.8333,-0.8333,-0.8333,-0.8333,0
20220331,-0.8628,-0.8628,-0.8628,-0.8628,0
20220401,-0.9364,-0.9364,-0.9364,-0.9364,0
20220404,-0.8705,-0.8705,-0.8705,-0.8705,0
20220405,-0.7816,-0.7816,-0.7816,-0.7816,0
20220406,-0.6548,-0.6548,-0.6548,-0.6548,0
20220407,-0.5341,-0.5341,-0.5341,-0.5341,0
20220408,-0.4981,-0.4981,-0.4981,-0.4981,0
20220411,-0.4364,-0.4364,-0.4364,-0.4364,0
20220412,-0.3844,-0.3844,-0.3844,-0.3844,0
20220413,-0.4167,-0.4167,-0.4167,-0.4167,0
20220414,-0.3219,-0.3219,-0.3219,-0.3219,0
20220418,-0.2661,-0.2661,-0.2661,-0.2661,0
20220419,-0.2690,-0.2690,-0.2690,-0.2690,0
20220420,-0.3744,-0.3744,-0.3744,-0.3744,0
20220421,-0.3693,-0.3693,-0.3693,-0.3693,0
20220422,-0.3745,-0.3745,-0.3745,-0.3745,0
20220425,-0.4573,-0.4573,-0.4573,-0.4573,0
20220426,-0.4726,-0.4726,-0.4726,-0.4726,0
20220427,-0.4150,-0.4150,-0.4150,-0.4150,0
20220428,-0.4156,-0.4156,-0.4156,-0.4156,0
20220429,-0.3950,-0.3950,-0.3950,-0.3950,0
20220502,-0.3153,-0.3153,-0.3153,-0.3153,0
20220503,-0.3643,-0.3643,-0.3643,-0.3643,0
20220504,-0.3011,-0.3011,-0.3011,-0.3011,0
20220505,-0.1506,-0.1506,-0.1506,-0.1506,0
20220506,-0.0557,-0.0557,-0.0557,-0.0557,0
20220509,-0.0819,-0.0819,-0.0819,-0.0819,0
20220510,-0.1752,-0.1752,-0.1752,-0.1752,0
20220511,-0.2438,-0.2438,-0.2438,-0.2438,0
20220512,-0.3009,-0.3009,-0.3009,-0.3009,0
20220513,-0.2200,-0.2200,-0.2200,-0.2200,0
20220516,-0.2628,-0.2628,-0.2628,-0.2628,0
20220517,-0.2584,-0.2584,-0.2584,-0.2584,0
20220518,-0.3655,-0.3655,-0.3655,-0.3655,0
20220519,-0.3680,-0.3680,-0.3680,-0.3680,0
20220520,-0.4030,-0.4030,-0.4030,-0.4030,0
20220523,-0.3732,-0.3732,-0.3732,-0.3732,0
20220524,-0.4618,-0.4618,-0.4618,-0.4618,0
20220525,-0.4189,-0.4189,-0.4189,-0.4189,0
20220526,-0.4214,-0.4214,-0.4214,-0.4214,0
20220527,-0.4711,-0.4711,-0.4711,-0.4711,0
20220531,-0.3861,-0.3861,-0.3861,-0.3861,0
20220601,-0.3937,-0.3937,-0.3937,-0.3937,0
20220602,-0.4181,-0.4181,-0.4181,-0.4181,0
20220603,-0.3963,-0.3963,-0.3963,-0.3963,0
20220606,-0.3261,-0.3261,-0.3261,-0.3261,0
20220607,-0.3675,-0.3675,-0.3675,-0.3675,0
20220608,-0.3425,-0.3425,-0.3425,-0.3425,0
20220609,-0.3828,-0.3828,-0.3828,-0.3828,0
20220610,-0.3639,-0.3639,-0.3639,-0.3639,0
20220613,-0.2517,-0.2517,-0.2517,-0.2517,0
20220614,-0.1921,-0.1921,-0.1921,-0.1921,0
20220615,-0.1647,-0.1647,-0.1647,-0.1647,0
20220616,-0.4314,-0.4314,-0.4314,-0.4314,0
20220617,-0.3436,-0.3436,-0.3436,-0.3436,0
20220621,-0.2455,-0.2455,-0.2455,-0.2455,0
20220622,-0.3522,-0.3522,-0.3522,-0.3522,0
20220623,-0.3777,-0.3777,-0.3777,-0.3777,0
20220624,-0.3486,-0.3486,-0.3486,-0.3486,0
20220627,-0.3295,-0.3295,-0.3295,-0.3295,0
20220628,-0.3054,-0.3054,-0.3054,-0.3054,0
20220629,-0.3579,-0.3579,-0.3579,-0.3579,0
20220630,-0.3478,-0.3478,-0.3478,-0.3478,0
20220701,-0.5495,-0.5495,-0.5495,-0.5495,0
20220705,-0.4300,-0.4300,-0.4300,-0.4300,0
20220706,-0.4278,-0.4278,-0.4278,-0.4278,0
20220707,-0.3930,-0.3930,-0.3930,-0.3930,0
20220708,-0.3522,-0.3522,-0.3522,-0.3522,0
20220711,-0.4633,-0.4633,-0.4633,-0.4633,0
20220712,-0.5141,-0.5141,-0.5141,-0.5141,0
20220713,-0.6556,-0.6556,-0.6556,-0.6556,0
20220714,-0.6095,-0.6095,-0.6095,-0.6095,0
20220715,-0.6383,-0.6383,-0.6383,-0.6383,0
20220718,-0.6114,-0.6114,-0.6114,-0.6114,0
20220719,-0.6220,-0.6220,-0.6220,-0.6220,0
20220720,-0.6326,-0.6326,-0.6326,-0.6326,0
20220721,-0.7676,-0.7676,-0.7676,-0.7676,0
20220722,-0.8220,-0.8220,-0.8220,-0.8220,0
20220725,-0.7969,-0.7969,-0.7969,-0.7969,0
20220726,-0.8391,-0.8391,-0.8391,-0.8391,0
20220727,-0.8171,-0.8171,-0.8171,-0.8171,0
20220728,-0.8382,-0.8382,-0.8382,-0.8382,0
20220729,-0.8781,-0.8781,-0.8781,-0.8781,0
20220801,-0.9592,-0.9592,-0.9592,-0.9592,0
20220802,-0.9416,-0.9416,-0.9416,-0.9416,0
20220803,-0.9917,-0.9917,-0.9917,-0.9917,0
20220804,-0.9895,-0.9895,-0.9895,-0.9895,0
20220805,-0.9736,-0.9736,-0.9736,-0.9736,0
20220808,-1.0204,-1.0204,-1.0204,-1.0204,0
20220809,-1.0521,-1.0521,-1.0521,-1.0521,0
20220810,-0.9880,-0.9880,-0.9880,-0.9880,0
20220811,-0.8723,-0.8723,-0.8723,-0.8723,0
20220812,-0.9322,-0.9322,-0.9322,-0.9322,0
20220815,-0.9623,-0.9623,-0.9623,-0.9623,0
20220816,-0.9744,-0.9744,-0.9744,-0.9744,0
20220817,-0.9613,-0.9613,-0.9613,-0.9613,0
20220818,-0.9546,-0.9546,-0.9546,-0.9546,0
20220819,-0.8332,-0.8332,-0.8332,-0.8332,0
20220822,-0.8303,-0.8303,-0.8303,-0.8303,0
20220823,-0.7819,-0.7819,-0.7819,-0.7819,0
20220824,-0.7393,-0.7393,-0.7393,-0.7393,0
20220825,-0.8350,-0.8350,-0.8350,-0.8350,0
20220826,-0.8478,-0.8478,-0.8478,-0.8478,0
20220829,-0.7858,-0.7858,-0.7858,-0.7858,0
20220830,-0.8111,-0.8111,-0.8111,-0.8111,0
20220831,-0.7580,-0.7580,-0.7580,-0.7580,0
20220901,-0.6529,-0.6529,-0.6529,-0.6529,0
20220902,-0.6370,-0.6370,-0.6370,-0.6370,0
20220906,-0.5609,-0.5609,-0.5609,-0.5609,0
20220907,-0.6029,-0.6029,-0.6029,-0.6029,0
20220908,-0.6209,-0.6209,-0.6209,-0.6209,0
20220909,-0.6400,-0.6400,-0.6400,-0.6400,0
20220912,-0.5905,-0.5905,-0.5905,-0.5905,0
20220913,-0.6883,-0.6883,-0.6883,-0.6883,0
20220914,-0.7364,-0.7364,-0.7364,-0.7364,0
20220915,-0.7194,-0.7194,-0.7194,-0.7194,0
20220916,-0.6703,-0.6703,-0.6703,-0.6703,0
20220919,-0.7079,-0.7079,-0.7079,-0.7079,0
20220920,-0.5988,-0.5988,-0.5988,-0.5988,0
20220921,-0.6815,-0.6815,-0.6815,-0.6815,0
20220922,-0.5295,-0.5295,-0.5295,-0.5295,0
20220923,-0.7432,-0.7432,-0.7432,-0.7432,0
20220926,-0.6089,-0.6089,-0.6089,-0.6089,0
20220927,-0.4836,-0.4836,-0.4836,-0.4836,0
20220928,-0.5612,-0.5612,-0.5612,-0.5612,0
20220929,-0.5492,-0.5492,-0.5492,-0.5492,0
20220930,-0.5138,-0.5138,-0.5138,-0.5138,0
20221003,-0.6378,-0.6378,-0.6378,-0.6378,0
20221004,-0.6637,-0.6637,-0.6637,-0.6637,0
20221005,-0.4515,-0.4515,-0.4515,-0.4515,0
20221006,-0.4141,-0.4141,-0.4141,-0.4141,0
20221007,-0.5410,-0.5410,-0.5410,-0.5410,0
20221011,-0.3502,-0.3502,-0.3502,-0.3502,0
20221012,-0.3650,-0.3650,-0.3650,-0.3650,0
20221013,-0.3971,-0.3971,-0.3971,-0.3971,0
20221014,-0.3846,-0.3846,-0.3846,-0.3846,0
20221017,-0.3489,-0.3489,-0.3489,-0.3489,0
20221018,-0.3697,-0.3697,-0.3697,-0.3697,0
20221019,-0.3578,-0.3578,-0.3578,-0.3578,0
20221020,-0.3442,-0.3442,-0.3442,-0.3442,0
20221021,-0.1815,-0.1815,-0.1815,-0.1815,0
20221024,-0.1087,-0.1087,-0.1087,-0.1087,0
20221025,-0.3502,-0.3502,-0.3502,-0.3502,0
20221026,-0.3154,-0.3154,-0.3154,-0.3154,0
20221027,-0.3230,-0.3230,-0.3230,-0.3230,0
20221028,-0.2137,-0.2137,-0.2137,-0.2137,0
20221031,-0.2036,-0.2036,-0.2036,-0.2036,0
20221101,-0.3528,-0.3528,-0.3528,-0.3528,0
20221102,-0.3028,-0.3028,-0.3028,-0.3028,0
20221103,-0.2575,-0.2575,-0.2575,-0.2575,0
20221104,-0.1315,-0.1315,-0.1315,-0.1315,0
20221107,-0.0743,-0.0743,-0.0743,-0.0743,0
20221108,-0.1281,-0.1281,-0.1281,-0.1281,0
20221109,-0.0791,-0.0791,-0.0791,-0.0791,0
20221110,-0.4760,-0.4760,-0.4760,-0.4760,0
20221114,-0.4816,-0.4816,-0.4816,-0.4816,0
20221115,-0.5291,-0.5291,-0.5291,-0.5291,0
20221116,-0.6863,-0.6863,-0.6863,-0.6863,0
20221117,-0.6629,-0.6629,-0.6629,-0.6629,0
20221118,-0.6678,-0.6678,-0.6678,-0.6678,0
20221121,-0.3855,-0.3855,-0.3855,-0.3855,0
20221122,-0.7653,-0.7653,-0.7653,-0.7653,0
20221123,-0.8270,-0.8270,-0.8270,-0.8270,0
20221125,-0.8315,-0.8315,-0.8315,-0.8315,0
20221128,-0.8254,-0.8254,-0.8254,-0.8254,0
20221129,-0.7655,-0.7655,-0.7655,-0.7655,0
20221130,-0.7514,-0.7514,-0.7514,-0.7514,0
20221201,-0.8199,-0.8199,-0.8199,-0.8199,0
20221202,-0.8591,-0.8591,-0.8591,-0.8591,0
20221205,-0.8793,-0.8793,-0.8793,-0.8793,0
20221206,-0.9490,-0.9490,-0.9490,-0.9490,0
20221207,-0.9910,-0.9910,-0.9910,-0.9910,0
20221208,-0.9523,-0.9523,-0.9523,-0.9523,0
20221209,-0.8633,-0.8633,-0.8633,-0.8633,0
20221212,-0.8811,-0.8811,-0.8811,-0.8811,0
20221213,-0.9076,-0.9076,-0.9076,-0.9076,0
20221214,-0.9148,-0.9148,-0.9148,-0.9148,0
20221215,-0.9896,-0.9896,-0.9896,-0.9896,0
20221216,-0.8763,-0.8763,-0.8763,-0.8763,0
20221219,-0.8223,-0.8223,-0.8223,-0.8223,0
20221220,-0.6833,-0.6833,-0.6833,-0.6833,0
20221221,-0.6427,-0.6427,-0.6427,-0.6427,0
20221222,-0.7100,-0.7100,-0.7100,-0.7100,0
20221223,-0.6568,-0.6568,-0.6568,-0.6568,0
20221227,-0.5830,-0.5830,-0.5830,-0.5830,0
20221228,-0.5314,-0.5314,-0.5314,-0.5314,0
20221229,-0.5920,-0.5920,-0.5920,-0.5920,0
20221230,-0.5808,-0.5808,-0.5808,-0.5808,0
20230103,-0.6738,-0.6738,-0.6738,-0.6738,0
20230104,-0.7619,-0.7619,-0.7619,-0.7619,0
20230105,-0.8118,-0.8118,-0.8118,-0.8118,0
20230106,-0.7845,-0.7845,-0.7845,-0.7845,0
20230109,-0.7730,-0.7730,-0.7730,-0.7730,0
20230110,-0.6909,-0.6909,-0.6909,-0.6909,0
20230111,-0.7380,-0.7380,-0.7380,-0.7380,0
20230112,-0.8048,-0.8048,-0.8048,-0.8048,0
20230113,-0.8428,-0.8428,-0.8428,-0.8428,0
20230117,-0.7393,-0.7393,-0.7393,-0.7393,0
20230118,-0.8478,-0.8478,-0.8478,-0.8478,0
20230119,-0.8427,-0.8427,-0.8427,-0.8427,0
20230120,-0.7937,-0.7937,-0.7937,-0.7937,0
20230123,-0.7992,-0.7992,-0.7992,-0.7992,0
20230124,-0.8608,-0.8608,-0.8608,-0.8608,0
20230125,-0.8414,-0.8414,-0.8414,-0.8414,0
20230126,-0.8435,-0.8435,-0.8435,-0.8435,0
20230127,-0.8229,-0.8229,-0.8229,-0.8229,0
20230130,-0.8399,-0.8399,-0.8399,-0.8399,0
20230131,-0.8027,-0.8027,-0.8027,-0.8027,0
20230201,-0.8403,-0.8403,-0.8403,-0.8403,0
20230202,-0.8507,-0.8507,-0.8507,-0.8507,0
20230203,-0.8832,-0.8832,-0.8832,-0.8832,0
20230206,-0.9199,-0.9199,-0.9199,-0.9199,0
20230207,-0.8903,-0.8903,-0.8903,-0.8903,0
20230208,-0.8673,-0.8673,-0.8673,-0.8673,0
20230209,-0.8889,-0.8889,-0.8889,-0.8889,0
20230210,-0.7858,-0.7858,-0.7858,-0.7858,0
20230213,-0.8673,-0.8673,-0.8673,-0.8673,0
20230214,-0.9124,-0.9124,-0.9124,-0.9124,0
20230215,-0.5531,-0.5531,-0.5531,-0.5531,0
20230216,-0.7914,-0.7914,-0.7914,-0.7914,0
20230217,-0.7943,-0.7943,-0.7943,-0.7943,0
20230221,-0.7284,-0.7284,-0.7284,-0.7284,0
20230222,-0.4628,-0.4628,-0.4628,-0.4628,0
20230223,-0.4989,-0.4989,-0.4989,-0.4989,0
20230224,-0.4863,-0.4863,-0.4863,-0.4863,0
20230227,-0.4858,-0.4858,-0.4858,-0.4858,0
20230228,-0.4972,-0.4972,-0.4972,-0.4972,0
20230301,-0.4424,-0.4424,-0.4424,-0.4424,0
20230302,-0.3795,-0.3795,-0.3795,-0.3795,0
20230303,-0.5092,-0.5092,-0.5092,-0.5092,0
20230306,-0.8211,-0.8211,-0.8211,-0.8211,0
20230307,-0.6425,-0.6425,-0.6425,-0.6425,0
20230308,-0.6786,-0.6786,-0.6786,-0.6786,0
20230309,-0.6501,-0.6501,-0.6501,-0.6501,0
20230310,-0.8113,-0.8113,-0.8113,-0.8113,0
20230313,-0.6978,-0.6978,-0.6978,-0.6978,0
20230314,-0.7313,-0.7313,-0.7313,-0.7313,0
20230315,-0.7108,-0.7108,-0.7108,-0.7108,0
20230316,-0.7550,-0.7550,-0.7550,-0.7550,0
20230317,-0.7068,-0.7068,-0.7068,-0.7068,0
20230320,-0.6866,-0.6866,-0.6866,-0.6866,0
20230321,-0.7047,-0.7047,-0.7047,-0.7047,0
20230322,-0.6669,-0.6669,-0.6669,-0.6669,0
20230323,-0.6601,-0.6601,-0.6601,-0.6601,0
20230324,-0.6721,-0.6721,-0.6721,-0.6721,0
20230327,-0.6298,-0.6298,-0.6298,-0.6298,0
20230328,-0.6516,-0.6516,-0.6516,-0.6516,0
20230329,-0.6495,-0.6495,-0.6495,-0.6495,0
20230330,-0.6843,-0.6843,-0.6843,-0.6843,0
20230331,-0.7324,-0.7324,-0.7324,-0.7324,0
20230403,-0.7357,-0.7357,-0.7357,-0.7357,0
20230404,-0.7240,-0.7240,-0.7240,-0.7240,0
20230405,-0.7698,-0.7698,-0.7698,-0.7698,0
20230406,-0.8008,-0.8008,-0.8008,-0.8008,0
20230407,-0.7903,-0.7903,-0.7903,-0.7903,0
20230410,-0.7997,-0.7997,-0.7997,-0.7997,0
20230411,-0.7887,-0.7887,-0.7887,-0.7887,0
20230412,-0.7403,-0.7403,-0.7403,-0.7403,0
20230413,-0.7013,-0.7013,-0.7013,-0.7013,0
20230414,-0.7037,-0.7037,-0.7037,-0.7037,0
20230417,-0.6715,-0.6715,-0.6715,-0.6715,0
20230418,-0.7000,-0.7000,-0.7000,-0.7000,0
20230419,-0.7119,-0.7119,-0.7119,-0.7119,0
20230420,-0.6974,-0.6974,-0.6974,-0.6974,0
20230421,-0.6755,-0.6755,-0.6755,-0.6755,0
20230424,-0.7044,-0.7044,-0.7044,-0.7044,0
20230425,-0.7059,-0.7059,-0.7059,-0.7059,0
20230426,-0.6838,-0.6838,-0.6838,-0.6838,0
20230427,-0.6761,-0.6761,-0.6761,-0.6761,0
20230428,-0.7440,-0.7440,-0.7440,-0.7440,0
20230501,-0.6251,-0.6251,-0.6251,-0.6251,0
20230502,-0.6828,-0.6828,-0.6828,-0.6828,0
20230503,-0.6669,-0.6669,-0.6669,-0.6669,0
20230504,-0.5970,-0.5970,-0.5970,-0.5970,0
20230505,-0.6141,-0.6141,-0.6141,-0.6141,0
20230508,-0.5795,-0.5795,-0.5795,-0.5795,0
20230509,-0.5641,-0.5641,-0.5641,-0.5641,0
20230510,-0.5651,-0.5651,-0.5651,-0.5651,0
20230511,-0.6537,-0.6537,-0.6537,-0.6537,0
20230512,-0.6388,-0.6388,-0.6388,-0.6388,0
20230515,-0.5640,-0.5640,-0.5640,-0.5640,0
20230516,-0.5520,-0.5520,-0.5520,-0.5520,0
20230517,-0.5813,-0.5813,-0.5813,-0.5813,0
20230518,-0.5770,-0.5770,-0.5770,-0.5770,0
20230519,-0.5433,-0.5433,-0.5433,-0.5433,0
20230522,-0.5243,-0.5243,-0.5243,-0.5243,0
20230523,-0.5495,-0.5495,-0.5495,-0.5495,0
20230524,-0.5589,-0.5589,-0.5589,-0.5589,0
20230525,-0.5835,-0.5835,-0.5835,-0.5835,0
20230526,-0.6482,-0.6482,-0.6482,-0.6482,0
20230530,-0.6783,-0.6783,-0.6783,-0.6783,0
20230531,-0.6916,-0.6916,-0.6916,-0.6916,0
20230601,-0.6883,-0.6883,-0.6883,-0.6883,0
20230602,-0.7168,-0.7168,-0.7168,-0.7168,0
20230605,-0.6993,-0.6993,-0.6993,-0.6993,0
20230606,-0.7294,-0.7294,-0.7294,-0.7294,0
20230607,-0.6378,-0.6378,-0.6378,-0.6378,0
20230608,-0.7086,-0.7086,-0.7086,-0.7086,0
20230609,-0.7476,-0.7476,-0.7476,-0.7476,0
20230612,-0.7328,-0.7328,-0.7328,-0.7328,0
20230613,-0.7266,-0.7266,-0.7266,-0.7266,0
20230614,-0.8390,-0.8390,-0.8390,-0.8390,0
20230615,-0.8269,-0.8269,-0.8269,-0.8269,0
20230616,-0.8785,-0.8785,-0.8785,-0.8785,0
20230620,-0.8959,-0.8959,-0.8959,-0.8959,0
20230621,-0.9157,-0.9157,-0.9157,-0.9157,0
20230622,-0.8995,-0.8995,-0.8995,-0.8995,0
20230623,-0.8994,-0.8994,-0.8994,-0.8994,0
20230626,-0.8891,-0.8891,-0.8891,-0.8891,0
20230627,-0.9374,-0.9374,-0.9374,-0.9374,0
20230628,-0.9667,-0.9667,-0.9667,-0.9667,0
20230629,-0.7035,-0.7035,-0.7035,-0.7035,0
20230630,-0.7713,-0.7713,-0.7713,-0.7713,0
20230703,-0.7724,-0.7724,-0.7724,-0.7724,0
20230705,-0.6652,-0.6652,-0.6652,-0.6652,0
20230706,-0.6065,-0.6065,-0.6065,-0.6065,0
20230707,-0.5742,-0.5742,-0.5742,-0.5742,0
20230710,-0.6750,-0.6750,-0.6750,-0.6750,0
20230711,-0.7509,-0.7509,-0.7509,-0.7509,0
20230712,-0.7510,-0.7510,-0.7510,-0.7510,0
20230713,-0.7380,-0.7380,-0.7380,-0.7380,0
20230714,-0.8347,-0.8347,-0.8347,-0.8347,0
20230717,-0.8310,-0.8310,-0.8310,-0.8310,0
20230718,-0.8736,-0.8736,-0.8736,-0.8736,0
20230719,-0.9494,-0.9494,-0.9494,-0.9494,0
20230720,-0.8888,-0.8888,-0.8888,-0.8888,0
20230721,-0.9093,-0.9093,-0.9093,-0.9093,0
20230724,-0.8804,-0.8804,-0.8804,-0.8804,0
20230725,-0.8610,-0.8610,-0.8610,-0.8610,0
20230726,-0.6937,-0.6937,-0.6937,-0.6937,0
20230727,-0.7680,-0.7680,-0.7680,-0.7680,0
20230728,-0.7912,-0.7912,-0.7912,-0.7912,0
20230731,-0.6355,-0.6355,-0.6355,-0.6355,0
20230801,-0.4831,-0.4831,-0.4831,-0.4831,0
20230802,-0.6019,-0.6019,-0.6019,-0.6019,0
20230803,-0.4805,-0.4805,-0.4805,-0.4805,0
20230804,-0.5396,-0.5396,-0.5396,-0.5396,0
20230807,-0.4651,-0.4651,-0.4651,-0.4651,0
20230808,-0.5375,-0.5375,-0.5375,-0.5375,0
20230809,-0.5971,-0.5971,-0.5971,-0.5971,0
20230810,-0.5018,-0.5018,-0.5018,-0.5018,0
20230811,-0.4892,-0.4892,-0.4892,-0.4892,0
20230814,-0.5648,-0.5648,-0.5648,-0.5648,0
20230815,-0.4826,-0.4826,-0.4826,-0.4826,0
20230816,-0.4523,-0.4523,-0.4523,-0.4523,0
20230817,-0.3703,-0.3703,-0.3703,-0.3703,0
20230818,-0.4079,-0.4079,-0.4079,-0.4079,0
20230821,-0.3485,-0.3485,-0.3485,-0.3485,0
20230822,-0.2022,-0.2022,-0.2022,-0.2022,0
20230823,-0.5187,-0.5187,-0.5187,-0.5187,0
20230824,-0.5090,-0.5090,-0.5090,-0.5090,0
20230825,-0.5343,-0.5343,-0.5343,-0.5343,0
20230828,-0.5489,-0.5489,-0.5489,-0.5489,0
20230829,-0.5328,-0.5328,-0.5328,-0.5328,0
20230830,-0.5126,-0.5126,-0.5126,-0.5126,0
20230831,-0.5197,-0.5197,-0.5197,-0.5197,0
20230901,-0.4047,-0.4047,-0.4047,-0.4047,0
20230905,-0.3952,-0.3952,-0.3952,-0.3952,0
20230906,-0.2409,-0.2409,-0.2409,-0.2409,0
20230907,-0.4106,-0.4106,-0.4106,-0.4106,0
20230908,-0.4559,-0.4559,-0.4559,-0.4559,0
20230911,-0.4134,-0.4134,-0.4134,-0.4134,0
20230912,-0.4720,-0.4720,-0.4720,-0.4720,0
20230913,-0.4655,-0.4655,-0.4655,-0.4655,0
20230914,-0.4559,-0.4559,-0.4559,-0.4559,0
20230915,-0.2120,-0.2120,-0.2120,-0.2120,0
20230918,-0.2420,-0.2420,-0.2420,-0.2420,0
20230919,-0.2815,-0.2815,-0.2815,-0.2815,0
20230920,-0.3351,-0.3351,-0.3351,-0.3351,0
20230921,-0.0935,-0.0935,-0.0935,-0.0935,0
20230922,-0.1300,-0.1300,-0.1300,-0.1300,0
20230925,0.0242,0.0242,0.0242,0.0242,0
20230926,0.0499,0.0499,0.0499,0.0499,0
20230927,0.0914,0.0914,0.0914,0.0914,0
20230928,0.1074,0.1074,0.1074,0.1074,0
20230929,0.1435,0.1435,0.1435,0.1435,0
20231002,0.2057,0.2057,0.2057,0.2057,0
20231003,0.3182,0.3182,0.3182,0.3182,0
20231004,0.2779,0.2779,0.2779,0.2779,0
20231005,0.3006,0.3006,0.3006,0.3006,0
20231006,0.2501,0.2501,0.2501,0.2501,0
20231010,0.2122,0.2122,0.2122,0.2122,0
20231011,0.0568,0.0568,0.0568,0.0568,0
20231012,0.2567,0.2567,0.2567,0.2567,0
20231013,0.1772,0.1772,0.1772,0.1772,0
20231016,0.2572,0.2572,0.2572,0.2572,0
20231017,0.2823,0.2823,0.2823,0.2823,0
20231018,0.2678,0.2678,0.2678,0.2678,0
20231019,0.4493,0.4493,0.4493,0.4493,0
20231020,0.4604,0.4604,0.4604,0.4604,0
20231023,0.3697,0.3697,0.3697,0.3697,0
20231024,0.3203,0.3203,0.3203,0.3203,0
20231025,0.4314,0.4314,0.4314,0.4314,0
20231026,0.3820,0.3820,0.3820,0.3820,0
20231027,0.4071,0.4071,0.4071,0.4071,0
20231030,0.4241,0.4241,0.4241,0.4241,0
20231031,0.4000,0.4000,0.4000,0.4000,0
20231101,0.3540,0.3540,0.3540,0.3540,0
20231102,0.1761,0.1761,0.1761,0.1761,0
20231103,0.1896,0.1896,0.1896,0.1896,0
20231106,0.2153,0.2153,0.2153,0.2153,0
20231107,0.1147,0.1147,0.1147,0.1147,0
20231108,0.0783,0.0783,0.0783,0.0783,0
20231109,0.2044,0.2044,0.2044,0.2044,0
20231110,0.1562,0.1562,0.1562,0.1562,0
20231113,0.1751,0.1751,0.1751,0.1751,0
20231114,0.0497,0.0497,0.0497,0.0497,0
20231115,0.0706,0.0706,0.0706,0.0706,0
20231116,0.0556,0.0556,0.0556,0.0556,0
20231117,-0.0271,-0.0271,-0.0271,-0.0271,0
20231120,-0.0595,-0.0595,-0.0595,-0.0595,0
20231121,-0.0297,-0.0297,-0.0297,-0.0297,0
20231122,-0.0435,-0.0435,-0.0435,-0.0435,0
20231124,0.0987,0.0987,0.0987,0.0987,0
20231127,-0.0500,-0.0500,-0.0500,-0.0500,0
20231128,0.0133,0.0133,0.0133,0.0133,0
20231129,-0.0188,-0.0188,-0.0188,-0.0188,0
20231130,0.0486,0.0486,0.0486,0.0486,0
20231201,-0.0224,-0.0224,-0.0224,-0.0224,0
20231204,-0.0192,-0.0192,-0.0192,-0.0192,0
20231205,-0.1156,-0.1156,-0.1156,-0.1156,0
20231206,-0.2191,-0.2191,-0.2191,-0.2191,0
20231207,-0.1783,-0.1783,-0.1783,-0.1783,0
20231208,-0.1811,-0.1811,-0.1811,-0.1811,0
20231211,-0.1704,-0.1704,-0.1704,-0.1704,0
20231212,-0.2232,-0.2232,-0.2232,-0.2232,0
20231213,-0.2092,-0.2092,-0.2092,-0.2092,0
20231214,-0.3263,-0.3263,-0.3263,-0.3263,0
20231215,-0.3791,-0.3791,-0.3791,-0.3791,0
20231218,-0.3406,-0.3406,-0.3406,-0.3406,0
20231219,-0.3461,-0.3461,-0.3461,-0.3461,0
20231220,-0.3878,-0.3878,-0.3878,-0.3878,0
20231221,-0.3460,-0.3460,-0.3460,-0.3460,0
20231222,-0.3283,-0.3283,-0.3283,-0.3283,0
20231226,-0.3495,-0.3495,-0.3495,-0.3495,0
20231227,-0.4830,-0.4830,-0.4830,-0.4830,0
20231228,-0.4599,-0.4599,-0.4599,-0.4599,0
20231229,-0.3442,-0.3442,-0.3442,-0.3442,0
20240102,-0.3289,-0.3289,-0.3289,-0.3289,0
20240103,-0.3529,-0.3529,-0.3529,-0.3529,0
20240104,-0.2799,-0.2799,-0.2799,-0.2799,0
20240105,-0.2161,-0.2161,-0.2161,-0.2161,0
20240108,-0.2358,-0.2358,-0.2358,-0.2358,0
20240109,-0.2456,-0.2456,-0.2456,-0.2456,0
20240110,-0.2182,-0.2182,-0.2182,-0.2182,0
20240111,-0.2278,-0.2278,-0.2278,-0.2278,0
20240112,-0.1964,-0.1964,-0.1964,-0.1964,0
20240116,-0.0960,-0.0960,-0.0960,-0.0960,0
20240117,-0.1299,-0.1299,-0.1299,-0.1299,0
20240118,-0.0737,-0.0737,-0.0737,-0.0737,0
20240119,-0.0870,-0.0870,-0.0870,-0.0870,0
20240122,-0.1254,-0.1254,-0.1254,-0.1254,0
20240123,-0.0753,-0.0753,-0.0753,-0.0753,0
20240124,-0.0372,-0.0372,-0.0372,-0.0372,0
20240125,-0.0511,-0.0511,-0.0511,-0.0511,0
20240126,-0.0568,-0.0568,-0.0568,-0.0568,0
20240129,-0.1242,-0.1242,-0.1242,-0.1242,0
20240130,-0.1732,-0.1732,-0.1732,-0.1732,0
20240131,-0.2129,-0.2129,-0.2129,-0.2129,0
20240201,-0.3622,-0.3622,-0.3622,-0.3622,0
20240202,-0.2520,-0.2520,-0.2520,-0.2520,0
20240205,-0.1545,-0.1545,-0.1545,-0.1545,0
20240206,-0.1992,-0.1992,-0.1992,-0.1992,0
20240207,-0.1852,-0.1852,-0.1852,-0.1852,0
20240208,-0.1286,-0.1286,-0.1286,-0.1286,0
20240209,-0.1322,-0.1322,-0.1322,-0.1322,0
20240212,-0.1281,-0.1281,-0.1281,-0.1281,0
20240213,-0.0898,-0.0898,-0.0898,-0.0898,0
20240214,-0.0880,-0.0880,-0.0880,-0.0880,0
20240215,-0.1015,-0.1015,-0.1015,-0.1015,0
20240216,-0.0896,-0.0896,-0.0896,-0.0896,0
20240220,-0.0744,-0.0744,-0.0744,-0.0744,0
20240221,-0.0508,-0.0508,-0.0508,-0.0508,0
20240222,-0.0959,-0.0959,-0.0959,-0.0959,0
20240223,-0.1703,-0.1703,-0.1703,-0.1703,0
20240226,-0.1741,-0.1741,-0.1741,-0.1741,0
20240227,-0.1382,-0.1382,-0.1382,-0.1382,0
20240228,-0.1405,-0.1405,-0.1405,-0.1405,0
20240229,-0.1660,-0.1660,-0.1660,-0.1660,0
20240301,-0.1635,-0.1635,-0.1635,-0.1635,0
20240304,-0.1699,-0.1699,-0.1699,-0.1699,0
20240305,-0.2460,-0.2460,-0.2460,-0.2460,0
20240306,-0.3081,-0.3081,-0.3081,-0.3081,0
20240307,-0.2908,-0.2908,-0.2908,-0.2908,0
20240308,-0.2646,-0.2646,-0.2646,-0.2646,0
20240311,-0.2942,-0.2942,-0.2942,-0.2942,0
20240312,-0.2686,-0.2686,-0.2686,-0.2686,0
20240313,-0.2503,-0.2503,-0.2503,-0.2503,0
20240314,-0.1713,-0.1713,-0.1713,-0.1713,0
20240315,-0.1884,-0.1884,-0.1884,-0.1884,0
20240318,-0.1651,-0.1651,-0.1651,-0.1651,0
20240319,-0.1734,-0.1734,-0.1734,-0.1734,0
20240320,-0.1485,-0.1485,-0.1485,-0.1485,0
20240321,-0.1574,-0.1574,-0.1574,-0.1574,0
20240322,-0.2053,-0.2053,-0.2053,-0.2053,0
20240325,-0.1782,-0.1782,-0.1782,-0.1782,0
20240326,-0.2004,-0.2004,-0.2004,-0.2004,0
20240327,-0.2305,-0.2305,-0.2305,-0.2305,0
20240328,-0.2725,-0.2725,-0.2725,-0.2725,0
20240401,-0.1826,-0.1826,-0.1826,-0.1826,0
20240402,-0.1130,-0.1130,-0.1130,-0.1130,0
20240403,-0.0993,-0.0993,-0.0993,-0.0993,0
20240404,-0.1326,-0.1326,-0.1326,-0.1326,0
20240405,-0.1104,-0.1104,-0.1104,-0.1104,0
20240408,-0.1259,-0.1259,-0.1259,-0.1259,0
20240409,-0.1650,-0.1650,-0.1650,-0.1650,0
20240410,-0.1525,-0.1525,-0.1525,-0.1525,0
20240411,-0.1277,-0.1277,-0.1277,-0.1277,0
20240412,-0.1348,-0.1348,-0.1348,-0.1348,0
20240415,-0.0210,-0.0210,-0.0210,-0.0210,0
20240416,-0.0016,-0.0016,-0.0016,-0.0016,0
20240417,-0.0764,-0.0764,-0.0764,-0.0764,0
20240418,-0.0410,-0.0410,-0.0410,-0.0410,0
20240419,-0.0598,-0.0598,-0.0598,-0.0598,0
20240422,-0.0490,-0.0490,-0.0490,-0.0490,0
20240423,-0.0211,-0.0211,-0.0211,-0.0211,0
20240424,0.0268,0.0268,0.0268,0.0268,0
20240425,0.0333,0.0333,0.0333,0.0333,0
20240426,-0.0122,-0.0122,-0.0122,-0.0122,0
20240429,-0.0494,-0.0494,-0.0494,-0.0494,0
20240430,-0.0422,-0.0422,-0.0422,-0.0422,0
20240501,-0.0447,-0.0447,-0.0447,-0.0447,0
20240502,-0.0158,-0.0158,-0.0158,-0.0158,0
20240503,-0.0330,-0.0330,-0.0330,-0.0330,0
20240506,-0.0812,-0.0812,-0.0812,-0.0812,0
20240507,-0.1210,-0.1210,-0.1210,-0.1210,0
20240508,-0.0867,-0.0867,-0.0867,-0.0867,0
20240509,-0.0965,-0.0965,-0.0965,-0.0965,0
20240510,-0.0853,-0.0853,-0.0853,-0.0853,0
20240513,-0.0990,-0.0990,-0.0990,-0.0990,0
20240514,-0.0972,-0.0972,-0.0972,-0.0972,0
20240515,-0.1390,-0.1390,-0.1390,-0.1390,0
20240516,-0.1235,-0.1235,-0.1235,-0.1235,0
20240517,-0.1459,-0.1459,-0.1459,-0.1459,0
20240520,-0.1366,-0.1366,-0.1366,-0.1366,0
20240521,-0.1601,-0.1601,-0.1601,-0.1601,0
20240522,-0.2007,-0.2007,-0.2007,-0.2007,0
20240523,-0.1003,-0.1003,-0.1003,-0.1003,0
20240524,-0.0889,-0.0889,-0.0889,-0.0889,0
20240528,-0.1397,-0.1397,-0.1397,-0.1397,0
20240529,0.0653,0.0653,0.0653,0.0653,0
20240530,0.0191,0.0191,0.0191,0.0191,0
20240531,-0.0022,-0.0022,-0.0022,-0.0022,0
20240603,-0.1721,-0.1721,-0.1721,-0.1721,0
20240604,-0.2190,-0.2190,-0.2190,-0.2190,0
20240605,-0.2274,-0.2274,-0.2274,-0.2274,0
20240606,-0.2357,-0.2357,-0.2357,-0.2357,0
20240607,-0.1919,-0.1919,-0.1919,-0.1919,0
20240610,-0.0353,-0.0353,-0.0353,-0.0353,0
20240611,-0.1675,-0.1675,-0.1675,-0.1675,0
20240612,-0.2023,-0.2023,-0.2023,-0.2023,0
20240613,-0.2306,-0.2306,-0.2306,-0.2306,0
20240614,-0.2714,-0.2714,-0.2714,-0.2714,0
20240617,-0.2644,-0.2644,-0.2644,-0.2644,0
20240618,-0.2721,-0.2721,-0.2721,-0.2721,0
20240620,-0.2412,-0.2412,-0.2412,-0.2412,0
20240621,-0.2438,-0.2438,-0.2438,-0.2438,0
20240624,-0.2588,-0.2588,-0.2588,-0.2588,0
20240625,-0.2732,-0.2732,-0.2732,-0.2732,0
20240626,-0.2055,-0.2055,-0.2055,-0.2055,0
20240627,-0.2164,-0.2164,-0.2164,-0.2164,0
20240628,-0.1317,-0.1317,-0.1317,-0.1317,0
20240701,0.0148,0.0148,0.0148,0.0148,0
20240702,-0.0272,-0.0272,-0.0272,-0.0272,0
20240703,-0.0918,-0.0918,-0.0918,-0.0918,0
20240705,-0.0982,-0.0982,-0.0982,-0.0982,0
20240708,-0.1218,-0.1218,-0.1218,-0.1218,0
20240709,-0.0825,-0.0825,-0.0825,-0.0825,0
20240710,-0.1053,-0.1053,-0.1053,-0.1053,0
20240711,-0.1199,-0.1199,-0.1199,-0.1199,0
20240712,-0.1006,-0.1006,-0.1006,-0.1006,0
20240715,-0.0319,-0.0319,-0.0319,-0.0319,0
20240716,-0.1056,-0.1056,-0.1056,-0.1056,0
20240717,-0.1187,-0.1187,-0.1187,-0.1187,0
20240718,-0.0767,-0.0767,-0.0767,-0.0767,0
20240719,-0.0523,-0.0523,-0.0523,-0.0523,0
20240722,-0.0381,-0.0381,-0.0381,-0.0381,0
20240723,-0.0346,-0.0346,-0.0346,-0.0346,0
20240724,0.0434,0.0434,0.0434,0.0434,0
20240725,-0.0053,-0.0053,-0.0053,-0.0053,0
20240726,-0.0393,-0.0393,-0.0393,-0.0393,0
20240729,-0.0642,-0.0642,-0.0642,-0.0642,0
20240730,-0.0755,-0.0755,-0.0755,-0.0755,0
20240731,-0.1221,-0.1221,-0.1221,-0.1221,0
20240801,-0.1617,-0.1617,-0.1617,-0.1617,0
20240802,-0.2400,-0.2400,-0.2400,-0.2400,0
20240805,-0.2903,-0.2903,-0.2903,-0.2903,0
20240806,-0.1953,-0.1953,-0.1953,-0.1953,0
20240807,-0.1230,-0.1230,-0.1230,-0.1230,0
20240808,-0.1106,-0.1106,-0.1106,-0.1106,0
20240809,-0.1367,-0.1367,-0.1367,-0.1367,0
20240812,-0.1466,-0.1466,-0.1466,-0.1466,0
20240813,-0.2044,-0.2044,-0.2044,-0.2044,0
20240814,-0.2475,-0.2475,-0.2475,-0.2475,0
20240815,-0.1817,-0.1817,-0.1817,-0.1817,0
20240816,-0.2272,-0.2272,-0.2272,-0.2272,0
20240819,-0.2615,-0.2615,-0.2615,-0.2615,0
20240820,-0.2841,-0.2841,-0.2841,-0.2841,0
20240821,-0.2755,-0.2755,-0.2755,-0.2755,0
20240822,-0.2327,-0.2327,-0.2327,-0.2327,0
20240823,-0.2388,-0.2388,-0.2388,-0.2388,0
20240826,-0.2423,-0.2423,-0.2423,-0.2423,0
20240827,-0.1915,-0.1915,-0.1915,-0.1915,0
20240828,-0.1837,-0.1837,-0.1837,-0.1837,0
20240829,-0.1652,-0.1652,-0.1652,-0.1652,0
20240830,-0.1346,-0.1346,-0.1346,-0.1346,0
20240903,-0.2000,-0.2000,-0.2000,-0.2000,0
20240904,-0.2267,-0.2267,-0.2267,-0.2267,0
20240905,-0.2540,-0.2540,-0.2540,-0.2540,0
20240906,-0.2326,-0.2326,-0.2326,-0.2326,0
20240909,-0.2622,-0.2622,-0.2622,-0.2622,0
20240910,-0.2748,-0.2748,-0.2748,-0.2748,0
20240911,-0.2974,-0.2974,-0.2974,-0.2974,0
20240912,-0.2598,-0.2598,-0.2598,-0.2598,0
20240913,-0.2561,-0.2561,-0.2561,-0.2561,0
20240916,-0.2840,-0.2840,-0.2840,-0.2840,0
20240917,-0.2782,-0.2782,-0.2782,-0.2782,0
20240918,-0.2006,-0.2006,-0.2006,-0.2006,0
20240919,-0.1664,-0.1664,-0.1664,-0.1664,0
20240920,-0.1624,-0.1624,-0.1624,-0.1624,0
20240923,-0.1468,-0.1468,-0.1468,-0.1468,0
20240924,-0.1214,-0.1214,-0.1214,-0.1214,0
20240925,-0.0771,-0.0771,-0.0771,-0.0771,0
20240926,-0.1151,-0.1151,-0.1151,-0.1151,0
20240927,-0.1261,-0.1261,-0.1261,-0.1261,0
20240930,-0.1191,-0.1191,-0.1191,-0.1191,0
20241001,-0.1619,-0.1619,-0.1619,-0.1619,0
20241002,-0.1145,-0.1145,-0.1145,-0.1145,0
20241003,-0.0786,-0.0786,-0.0786,-0.0786,0
20241004,-0.0762,-0.0762,-0.0762,-0.0762,0
20241007,0.0054,0.0054,0.0054,0.0054,0
20241008,-0.0274,-0.0274,-0.0274,-0.0274,0
20241009,0.0365,0.0365,0.0365,0.0365,0
20241010,0.0438,0.0438,0.0438,0.0438,0
20241011,0.1062,0.1062,0.1062,0.1062,0
20241015,-0.0166,-0.0166,-0.0166,-0.0166,0
20241016,-0.0073,-0.0073,-0.0073,-0.0073,0
20241017,0.1004,0.1004,0.1004,0.1004,0
20241018,0.1025,0.1025,0.1025,0.1025,0
20241021,0.1875,0.1875,0.1875,0.1875,0
20241022,0.1938,0.1938,0.1938,0.1938,0
20241023,0.2055,0.2055,0.2055,0.2055,0
20241024,0.1650,0.1650,0.1650,0.1650,0
20241025,0.1961,0.1961,0.1961,0.1961,0
20241028,0.2084,0.2084,0.2084,0.2084,0
20241029,0.2224,0.2224,0.2224,0.2224,0
20241030,0.1939,0.1939,0.1939,0.1939,0
20241031,0.1566,0.1566,0.1566,0.1566,0
20241101,0.2743,0.2743,0.2743,0.2743,0
20241104,0.2146,0.2146,0.2146,0.2146,0
20241105,0.1568,0.1568,0.1568,0.1568,0
20241106,0.3001,0.3001,0.3001,0.3001,0
20241107,0.2271,0.2271,0.2271,0.2271,0
20241108,0.1351,0.1351,0.1351,0.1351,0
20241112,0.2157,0.2157,0.2157,0.2157,0
20241113,0.3149,0.3149,0.3149,0.3149,0
20241114,0.2057,0.2057,0.2057,0.2057,0
20241115,0.2709,0.2709,0.2709,0.2709,0
20241118,0.2787,0.2787,0.2787,0.2787,0
20241119,0.2400,0.2400,0.2400,0.2400,0
20241120,0.2091,0.2091,0.2091,0.2091,0
20241121,0.2010,0.2010,0.2010,0.2010,0
20241122,0.1749,0.1749,0.1749,0.1749,0
20241125,0.0650,0.0650,0.0650,0.0650,0
20241126,0.1207,0.1207,0.1207,0.1207,0
20241127,0.0846,0.0846,0.0846,0.0846,0
20241129,0.0754,0.0754,0.0754,0.0754,0
20241202,0.0443,0.0443,0.0443,0.0443,0
20241203,0.0934,0.0934,0.0934,0.0934,0
20241204,0.0988,0.0988,0.0988,0.0988,0
20241205,0.0348,0.0348,0.0348,0.0348,0
20241206,0.0557,0.0557,0.0557,0.0557,0
20241209,0.0797,0.0797,0.0797,0.0797,0
20241210,0.0929,0.0929,0.0929,0.0929,0
20241211,0.1528,0.1528,0.1528,0.1528,0
20241212,0.2131,0.2131,0.2131,0.2131,0
20241213,0.2709,0.2709,0.2709,0.2709,0
20241216,0.2565,0.2565,0.2565,0.2565,0
20241217,0.2681,0.2681,0.2681,0.2681,0
20241218,0.3104,0.3104,0.3104,0.3104,0
20241219,0.4264,0.4264,0.4264,0.4264,0
20241220,0.3748,0.3748,0.3748,0.3748,0
20241223,0.4338,0.4338,0.4338,0.4338,0
20241224,0.4210,0.4210,0.4210,0.4210,0
20241226,0.4222,0.4222,0.4222,0.4222,0
20241227,0.4863,0.4863,0.4863,0.4863,0
20241230,0.4524,0.4524,0.4524,0.4524,0
20241231,0.4747,0.4747,0.4747,0.4747,0
20250102,0.4735,0.4735,0.4735,0.4735,0
20250103,0.4898,0.4898,0.4898,0.4898,0
20250106,0.5235,0.5235,0.5235,0.5235,0
20250107,0.5889,0.5889,0.5889,0.5889,0
20250108,0.5985,0.5985,0.5985,0.5985,0
20250109,0.6170,0.6170,0.6170,0.6170,0
20250110,0.6355,0.6355,0.6355,0.6355,0
20250113,0.6458,0.6458,0.6458,0.6458,0
20250114,0.6663,0.6663,0.6663,0.6663,0
20250115,0.5739,0.5739,0.5739,0.5739,0
20250116,0.5679,0.5679,0.5679,0.5679,0
20250117,0.5149,0.5149,0.5149,0.5149,0
20250121,0.4545,0.4545,0.4545,0.4545,0
20250122,0.4738,0.4738,0.4738,0.4738,0
20250123,0.5322,0.5322,0.5322,0.5322,0
20250124,0.5227,0.5227,0.5227,0.5227,0
20250127,0.4233,0.4233,0.4233,0.4233,0
20250128,0.4748,0.4748,0.4748,0.4748,0
20250129,0.4559,0.4559,0.4559,0.4559,0
20250130,0.4433,0.4433,0.4433,0.4433,0
20250131,0.4846,0.4846,0.4846,0.4846,0
20250203,0.4065,0.4065,0.4065,0.4065,0
20250204,0.4180,0.4180,0.4180,0.4180,0
20250205,0.3247,0.3247,0.3247,0.3247,0
20250206,0.3104,0.3104,0.3104,0.3104,0
20250207,0.3021,0.3021,0.3021,0.3021,0
20250210,0.3182,0.3182,0.3182,0.3182,0
20250211,0.3605,0.3605,0.3605,0.3605,0
20250212,0.4377,0.4377,0.4377,0.4377,0
20250213,0.3373,0.3373,0.3373,0.3373,0
20250214,0.3169,0.3169,0.3169,0.3169,0
20250218,0.3816,0.3816,0.3816,0.3816,0
20250219,0.3864,0.3864,0.3864,0.3864,0
20250220,0.3619,0.3619,0.3619,0.3619,0
20250221,0.3276,0.3276,0.3276,0.3276,0
20250224,0.3284,0.3284,0.3284,0.3284,0
20250225,0.2660,0.2660,0.2660,0.2660,0
20250226,0.2284,0.2284,0.2284,0.2284,0
20250227,0.2696,0.2696,0.2696,0.2696,0
20250228,0.2543,0.2543,0.2543,0.2543,0
20250303,0.1976,0.1976,0.1976,0.1976,0
20250304,0.2706,0.2706,0.2706,0.2706,0
20250305,0.3042,0.3042,0.3042,0.3042,0
20250306,0.3509,0.3509,0.3509,0.3509,0
20250307,0.3647,0.3647,0.3647,0.3647,0
20250310,0.3104,0.3104,0.3104,0.3104,0
20250311,0.3682,0.3682,0.3682,0.3682,0
20250312,0.3848,0.3848,0.3848,0.3848,0
20250313,0.3591,0.3591,0.3591,0.3591,0
20250314,0.3648,0.3648,0.3648,0.3648,0
20250317,0.3370,0.3370,0.3370,0.3370,0
20250318,0.3237,0.3237,0.3237,0.3237,0
20250319,0.3010,0.3010,0.3010,0.3010,0
20250320,0.3029,0.3029,0.3029,0.3029,0
20250321,0.3452,0.3452,0.3452,0.3452,0
20250324,0.3941,0.3941,0.3941,0.3941,0
20250325,0.3868,0.3868,0.3868,0.3868,0
20250326,0.4215,0.4215,0.4215,0.4215,0
20250327,0.4663,0.4663,0.4663,0.4663,0
20250328,0.3949,0.3949,0.3949,0.3949,0
20250331,0.3639,0.3639,0.3639,0.3639,0
20250401,0.3111,0.3111,0.3111,0.3111,0
20250402,0.3163,0.3163,0.3163,0.3163,0
20250403,0.2980,0.2980,0.2980,0.2980,0
20250404,0.2314,0.2314,0.2314,0.2314,0
20250407,0.4106,0.4106,0.4106,0.4106,0
20250408,0.5813,0.5813,0.5813,0.5813,0
20250409,0.5204,0.5204,0.5204,0.5204,0
20250410,0.6873,0.6873,0.6873,0.6873,0
20250411,0.6718,0.6718,0.6718,0.6718,0
20250414,0.6316,0.6316,0.6316,0.6316,0
20250415,0.6241,0.6241,0.6241,0.6241,0
20250416,0.6010,0.6010,0.6010,0.6010,0
20250417,0.6489,0.6489,0.6489,0.6489,0
20250421,0.8193,0.8193,0.8193,0.8193,0
20250422,0.7544,0.7544,0.7544,0.7544,0
20250423,0.6700,0.6700,0.6700,0.6700,0
20250424,0.6290,0.6290,0.6290,0.6290,0
20250425,0.5948,0.5948,0.5948,0.5948,0
20250428,0.5809,0.5809,0.5809,0.5809,0
20250429,0.5404,0.5404,0.5404,0.5404,0
20250430,0.5874,0.5874,0.5874,0.5874,0
20250501,0.6294,0.6294,0.6294,0.6294,0
20250502,0.6365,0.6365,0.6365,0.6365,0
20250505,0.6743,0.6743,0.6743,0.6743,0
20250506,0.6769,0.6769,0.6769,0.6769,0
20250507,0.6198,0.6198,0.6198,0.6198,0
20250508,0.6603,0.6603,0.6603,0.6603,0
20250509,0.6624,0.6624,0.6624,0.6624,0
20250512,0.6707,0.6707,0.6707,0.6707,0
20250513,0.7227,0.7227,0.7227,0.7227,0
20250514,0.7337,0.7337,0.7337,0.7337,0
20250515,0.7106,0.7106,0.7106,0.7106,0
20250516,0.6811,0.6811,0.6811,0.6811,0
20250519,0.7319,0.7319,0.7319,0.7319,0
20250520,0.7734,0.7734,0.7734,0.7734,0
20250521,0.8915,0.8915,0.8915,0.8915,0
20250522,0.8526,0.8526,0.8526,0.8526,0
20250523,0.8130,0.8130,0.8130,0.8130,0
20250527,0.7356,0.7356,0.7356,0.7356,0
20250528,0.7600,0.7600,0.7600,0.7600,0
20250529,0.7251,0.7251,0.7251,0.7251,0
20250530,0.7336,0.7336,0.7336,0.7336,0
20250602,0.7842,0.7842,0.7842,0.7842,0
20250603,0.7680,0.7680,0.7680,0.7680,0
20250604,0.6949,0.6949,0.6949,0.6949,0
20250605,0.6748,0.6748,0.6748,0.6748,0
20250606,0.7301,0.7301,0.7301,0.7301,0
20250609,0.7227,0.7227,0.7227,0.7227,0
20250610,0.6989,0.6989,0.6989,0.6989,0
20250611,0.6809,0.6809,0.6809,0.6809,0
20250612,0.6202,0.6202,0.6202,0.6202,0
20250613,0.6818,0.6818,0.6818,0.6818,0
20250616,0.7292,0.7292,0.7292,0.7292,0
20250617,0.6522,0.6522,0.6522,0.6522,0
20250618,0.6624,0.6624,0.6624,0.6624,0
20250620,0.6818,0.6818,0.6818,0.6818,0
20250623,0.6754,0.6754,0.6754,0.6754,0
20250624,0.6541,0.6541,0.6541,0.6541,0
20250625,0.6627,0.6627,0.6627,0.6627,0
20250626,0.6638,0.6638,0.6638,0.6638,0
20250627,0.6887,0.6887,0.6887,0.6887,0
20250630,0.6178,0.6178,0.6178,0.6178,0
20250701,0.5957,0.5957,0.5957,0.5957,0
20250702,0.6521,0.6521,0.6521,0.6521,0
20250703,0.6402,0.6402,0.6402,0.6402,0
20250707,0.7142,0.7142,0.7142,0.7142,0
20250708,0.7255,0.7255,0.7255,0.7255,0
20250709,0.6633,0.6633,0.6633,0.6633,0
20250710,0.6551,0.6551,0.6551,0.6551,0
20250711,0.7509,0.7509,0.7509,0.7509,0
20250714,0.7587,0.7587,0.7587,0.7587,0
20250715,0.7994,0.7994,0.7994,0.7994,0
20250716,0.8171,0.8171,0.8171,0.8171,0
20250717,0.8097,0.8097,0.8097,0.8097,0
20250718,0.8007,0.8007,0.8007,0.8007,0
20250721,0.7402,0.7402,0.7402,0.7402,0
20250722,0.7192,0.7192,0.7192,0.7192,0
20250723,0.7297,0.7297,0.7297,0.7297,0
20250724,0.7287,0.7287,0.7287,0.7287,0
20250725,0.6981,0.6981,0.6981,0.6981,0
20250728,0.7267,0.7267,0.7267,0.7267,0
20250729,0.6355,0.6355,0.6355,0.6355,0
20250730,0.6408,0.6408,0.6408,0.6408,0
20250731,0.6270,0.6270,0.6270,0.6270,0
20250801,0.6203,0.6203,0.6203,0.6203,0
20250804,0.6187,0.6187,0.6187,0.6187,0
20250805,0.6045,0.6045,0.6045,0.6045,0
20250806,0.6480,0.6480,0.6480,0.6480,0
20250807,0.6362,0.6362,0.6362,0.6362,0
20250808,0.6602,0.6602,0.6602,0.6602,0
20250811,0.6445,0.6445,0.6445,0.6445,0
20250812,0.6999,0.6999,0.6999,0.6999,0
20250813,0.6658,0.6658,0.6658,0.6658,0
20250814,0.7071,0.7071,0.7071,0.7071,0
20250815,0.7563,0.7563,0.7563,0.7563,0
20250818,0.7688,0.7688,0.7688,0.7688,0
20250819,0.7416,0.7416,0.7416,0.7416,0
20250820,0.7293,0.7293,0.7293,0.7293,0
20250821,0.7409,0.7409,0.7409,0.7409,0
20250822,0.7279,0.7279,0.7279,0.7279,0
20250825,0.7326,0.7326,0.7326,0.7326,0
20250826,0.7586,0.7586,0.7586,0.7586,0
20250827,0.7712,0.7712,0.7712,0.7712,0
20250828,0.7266,0.7266,0.7266,0.7266,0
20250829,0.7690,0.7690,0.7690,0.7690,0
20250902,0.8149,0.8149,0.8149,0.8149,0
20250903,0.7562,0.7562,0.7562,0.7562,0
20250904,0.7250,0.7250,0.7250,0.7250,0
20250905,0.6696,0.6696,0.6696,0.6696,0
20250908,0.6091,0.6091,0.6091,0.6091,0
20250909,0.6096,0.6096,0.6096,0.6096,0
20250910,0.5667,0.5667,0.5667,0.5667,0
20250911,0.5298,0.5298,0.5298,0.5298,0
20250912,0.5655,0.5655,0.5655,0.5655,0
20250915,0.5540,0.5540,0.5540,0.5540,0
20250916,0.5592,0.5592,0.5592,0.5592,0
20250917,0.5584,0.5584,0.5584,0.5584,0
20250918,0.6094,0.6094,0.6094,0.6094,0
20250919,0.6371,0.6371,0.6371,0.6371,0
20250922,0.6384,0.6384,0.6384,0.6384,0
20250923,0.6108,0.6108,0.6108,0.6108,0
20250924,0.6215,0.6215,0.6215,0.6215,0
20250925,0.5909,0.5909,0.5909,0.5909,0
20250926,0.6242,0.6242,0.6242,0.6242,0
20250929,0.5784,0.5784,0.5784,0.5784,0
20250930,0.6073,0.6073,0.6073,0.6073,0
20251001,0.6117,0.6117,0.6117,0.6117,0
20251002,0.5836,0.5836,0.5836,0.5836,0
20251003,0.5982,0.5982,0.5982,0.5982,0
20251006,0.6442,0.6442,0.6442,0.6442,0
20251007,0.6186,0.6186,0.6186,0.6186,0
20251008,0.6054,0.6054,0.6054,0.6054,0
20251009,0.6097,0.6097,0.6097,0.6097,0
20251010,0.5400,0.5400,0.5400,0.5400,0
20251014,0.5457,0.5457,0.5457,0.5457,0
20251015,0.5627,0.5627,0.5627,0.5627,0
20251016,0.5285,0.5285,0.5285,0.5285,0
20251017,0.5390,0.5390,0.5390,0.5390,0
20251020,0.5200,0.5200,0.5200,0.5200,0
20251021,0.4902,0.4902,0.4902,0.4902,0
20251022,0.4827,0.4827,0.4827,0.4827,0
20251023,0.5088,0.5088,0.5088,0.5088,0
20251024,0.5274,0.5274,0.5274,0.5274,0
20251027,0.4992,0.4992,0.4992,0.4992,0
20251028,0.4840,0.4840,0.4840,0.4840,0
20251029,0.5014,0.5014,0.5014,0.5014,0
20251030,0.5412,0.5412,0.5412,0.5412,0
20251031,0.5590,0.5590,0.5590,0.5590,0
20251103,0.5755,0.5755,0.5755,0.5755,0
20251104,0.5639,0.5639,0.5639,0.5639,0
20251105,0.6132,0.6132,0.6132,0.6132,0
20251106,0.5882,0.5882,0.5882,0.5882,0
20251107,0.6043,0.6043,0.6043,0.6043,0
20251110,0.6012,0.6012,0.6012,0.6012,0
20251112,0.5634,0.5634,0.5634,0.5634,0
20251113,0.5898,0.5898,0.5898,0.5898,0
20251114,0.6208,0.6208,0.6208,0.6208,0
20251117,0.6000,0.6000,0.6000,0.6000,0
20251118,0.6281,0.6281,0.6281,0.6281,0
20251119,0.6290,0.6290,0.6290,0.6290,0
20251120,0.6208,0.6208,0.6208,0.6208,0
20251121,0.6239,0.6239,0.6239,0.6239,0
20251124,0.5926,0.5926,0.5926,0.5926,0
20251125,0.5841,0.5841,0.5841,0.5841,0
20251126,0.5561,0.5561,0.5561,0.5561,0
20251128,0.5784,0.5784,0.5784,0.5784,0
20251201,0.6390,0.6390,0.6390,0.6390,0
20251202,0.6532,0.6532,0.6532,0.6532,0
20251203,0.6414,0.6414,0.6414,0.6414,0
20251204,0.6628,0.6628,0.6628,0.6628,0
20251205,0.6687,0.6687,0.6687,0.6687,0
20251208,0.6909,0.6909,0.6909,0.6909,0
20251209,0.6620,0.6620,0.6620,0.6620,0
20251210,0.6887,0.6887,0.6887,0.6887,0
20251211,0.6984,0.6984,0.6984,0.6984,0
20251212,0.7706,0.7706,0.7706,0.7706,0
20251215,0.7704,0.7704,0.7704,0.7704,0
20251216,0.7502,0.7502,0.7502,0.7502,0
20251217,0.7579,0.7579,0.7579,0.7579,0
20251218,0.7351,0.7351,0.7351,0.7351,0
20251219,0.7543,0.7543,0.7543,0.7543,0
20251222,0.7485,0.7485,0.7485,0.7485,0
20251223,0.7057,0.7057,0.7057,0.7057,0
20251224,0.6730,0.6730,0.6730,0.6730,0
20251226,0.7235,0.7235,0.7235,0.7235,0
20251229,0.7149,0.7149,0.7149,0.7149,0
20251230,0.7302,0.7302,0.7302,0.7302,0
20251231,0.7480,0.7480,0.7480,0.7480,0
20260102,0.7903,0.7903,0.7903,0.7903,0
20260105,0.7760,0.7760,0.7760,0.7760,0
20260106,0.7838,0.7838,0.7838,0.7838,0
20260107,0.7312,0.7312,0.7312,0.7312,0
20260108,0.7533,0.7533,0.7533,0.7533,0
20260109,0.6985,0.6985,0.6985,0.6985,0
20260112,0.7136,0.7136,0.7136,0.7136,0
20260113,0.7118,0.7118,0.7118,0.7118,0
20260114,0.6793,0.6793,0.6793,0.6793,0
20260115,0.6604,0.6604,0.6604,0.6604,0
20260116,0.7029,0.7029,0.7029,0.7029,0
20260120,0.8042,0.8042,0.8042,0.8042,0
20260121,0.7630,0.7630,0.7630,0.7630,0
20260122,0.7259,0.7259,0.7259,0.7259,0
20260123,0.7100,0.7100,0.7100,0.7100,0
20260126,0.6802,0.6802,0.6802,0.6802,0
20260127,0.7149,0.7149,0.7149,0.7149,0
20260128,0.7374,0.7374,0.7374,0.7374,0
20260129,0.7514,0.7514,0.7514,0.7514,0
20260130,0.7624,0.7624,0.7624,0.7624,0
20260202,0.7933,0.7933,0.7933,0.7933,0
20260203,0.7864,0.7864,0.7864,0.7864,0
20260204,0.7818,0.7818,0.7818,0.7818,0
20260205,0.7753,0.7753,0.7753,0.7753,0
20260206,0.7710,0.7710,0.7710,0.7710,0
20260209,0.7758,0.7758,0.7758,0.7758,0
20260210,0.7223,0.7223,0.7223,0.7223,0
20260211,0.7294,0.7294,0.7294,0.7294,0
20260212,0.6642,0.6642,0.6642,0.6642,0
20260213,0.6508,0.6508,0.6508,0.6508,0
20260217,0.6287,0.6287,0.6287,0.6287,0
20260218,0.6514,0.6514,0.6514,0.6514,0
20260219,0.6392,0.6392,0.6392,0.6392,0
20260220,0.6483,0.6483,0.6483,0.6483,0
20260223,0.6310,0.6310,0.6310,0.6310,0
20260224,0.6224,0.6224,0.6224,0.6224,0
20260225,0.6133,0.6133,0.6133,0.6133,0
20260226,0.5956,0.5956,0.5956,0.5956,0
20260227,0.5917,0.5917,0.5917,0.5917,0
20260302,0.6119,0.6119,0.6119,0.6119,0
20260303,0.6083,0.6083,0.6083,0.6083,0
20260304,0.5963,0.5963,0.5963,0.5963,0
20260305,0.6125,0.6125,0.6125,0.6125,0
20260306,0.6436,0.6436,0.6436,0.6436,0
20260309,0.6110,0.6110,0.6110,0.6110,0
20260310,0.6228,0.6228,0.6228,0.6228,0
20260311,0.6725,0.6725,0.6725,0.6725,0
20260312,0.6559,0.6559,0.6559,0.6559,0
20260313,0.6998,0.6998,0.6998,0.6998,0
20260316,0.6611,0.6611,0.6611,0.6611,0
20260317,0.6413,0.6413,0.6413,0.6413,0
20260318,0.6454,0.6454,0.6454,0.6454,0
20260319,0.5902,0.5902,0.5902,0.5902,0
20260320,0.7134,0.7134,0.7134,0.7134,0
20260323,0.6908,0.6908,0.6908,0.6908,0
20260324,0.6730,0.6730,0.6730,0.6730,0
20260325,0.6259,0.6259,0.6259,0.6259,0
20260326,0.6516,0.6516,0.6516,0.6516,0
20260327,0.7369,0.7369,0.7369,0.7369,0
20260330,0.6817,0.6817,0.6817,0.6817,0
20260331,0.6493,0.6493,0.6493,0.6493,0
20260401,0.6808,0.6808,0.6808,0.6808,0
20260402,0.6534,0.6534,0.6534,0.6534,0
20260403,0.6654,0.6654,0.6654,0.6654,0
20260406,0.6410,0.6410,0.6410,0.6410,0
20260407,0.6620,0.6620,0.6620,0.6620,0
20260408,0.6413,0.6413,0.6413,0.6413,0
20260409,0.6549,0.6549,0.6549,0.6549,0
20260410,0.6690,0.6690,0.6690,0.6690,0
20260413,0.6583,0.6583,0.6583,0.6583,0
20260414,0.6252,0.6252,0.6252,0.6252,0
20260415,0.6476,0.6476,0.6476,0.6476,0
20260416,0.6846,0.6846,0.6846,0.6846,0
20260417,0.6621,0.6621,0.6621,0.6621,0
20260420,0.6502,0.6502,0.6502,0.6502,0
20260421,0.6500,0.6500,0.6500,0.6500,0
20260422,0.6503,0.6503,0.6503,0.6503,0
20260423,0.6667,0.6667,0.6667,0.6667,0
20260424,0.6680,0.6680,0.6680,0.6680,0
20260427,0.6935,0.6935,0.6935,0.6935,0
20260428,0.6829,0.6829,0.6829,0.6829,0
20260429,0.6976,0.6976,0.6976,0.6976,0
20260430,0.7147,0.7147,0.7147,0.7147,0
20260501,0.6968,0.6968,0.6968,0.6968,0
20260504,0.7249,0.7249,0.7249,0.7249,0
20260505,0.7042,0.7042,0.7042,0.7042,0
20260506,0.6634,0.6634,0.6634,0.6634,0
20260507,0.6830,0.6830,0.6830,0.6830,0
20260508,0.6584,0.6584,0.6584,0.6584,0
20260511,0.6809,0.6809,0.6809,0.6809,0
20260512,0.7170,0.7170,0.7170,0.7170,0
20260513,0.7291,0.7291,0.7291,0.7291,0
20260514,0.7044,0.7044,0.7044,0.7044,0
20260515,0.8186,0.8186,0.8186,0.8186,0
20260518,0.8271,0.8271,0.8271,0.8271,0
20260519,0.8769,0.8769,0.8769,0.8769,0
20260520,0.8072,0.8072,0.8072,0.8072,0
20260521,0.7772,0.7772,0.7772,0.7772,0
20260522,0.7253,0.7253,0.7253,0.7253,0
20260526,0.7003,0.7003,0.7003,0.7003,0
20260527,0.6879,0.6879,0.6879,0.6879,0
20260528,0.6596,0.6596,0.6596,0.6596,0
20260529,0.6609,0.6609,0.6609,0.6609,0
20260601,0.6587,0.6587,0.6587,0.6587,0
20260602,0.6346,0.6346,0.6346,0.6346,0
20260603,0.6579,0.6579,0.6579,0.6579,0
20260604,0.6560,0.6560,0.6560,0.6560,0
20260605,0.6642,0.6642,0.6642,0.6642,0
20260608,0.6818,0.6818,0.6818,0.6818,0
20260609,0.6662,0.6662,0.6662,0.6662,0
20260610,0.6867,0.6867,0.6867,0.6867,0
20260611,0.6168,0.6168,0.6168,0.6168,0
20260612,0.6341,0.6341,0.6341,0.6341,0
20260615,0.6280,0.6280,0.6280,0.6280,0
20260616,0.5808,0.5808,0.5808,0.5808,0
20260617,0.5344,0.5344,0.5344,0.5344,0
20260618,0.5036,0.5036,0.5036,0.5036,0
20260622,0.5271,0.5271,0.5271,0.5271,0
20260623,0.5388,0.5388,0.5388,0.5388,0
20260624,0.4603,0.4603,0.4603,0.4603,0
20260625,0.4640,0.4640,0.4640,0.4640,0
20260626,0.4709,0.4709,0.4709,0.4709,0
20260629,0.4556,0.4556,0.4556,0.4556,0
20260630,0.5064,0.5064,0.5064,0.5064,0
20260701,0.5426,0.5426,0.5426,0.5426,0
20260702,0.5843,0.5843,0.5843,0.5843,0
20260706,0.5878,0.5878,0.5878,0.5878,0
20260707,0.6245,0.6245,0.6245,0.6245,0
20260708,0.6423,0.6423,0.6423,0.6423,0
20260709,0.6456,0.6456,0.6456,0.6456,0
20260710,0.6433,0.6433,0.6433,0.6433,0
20260713,0.6578,0.6578,0.6578,0.6578,0
20260714,0.6748,0.6748,0.6748,0.6748,0
20260715,0.6790,0.6790,0.6790,0.6790,0
20260716,0.6858,0.6858,0.6858,0.6858,0
20260717,0.6482,0.6482,0.6482,0.6482,0
20260720,0.6815,0.6815,0.6815,0.6815,0
20260721,0.6881,0.6881,0.6881,0.6881,0
20260722,0.7002,0.7002,0.7002,0.7002,0
20260723,0.7145,0.7145,0.7145,0.7145,0
20260724,0.7003,0.7003,0.7003,0.7003,0
20260727,0.6592,0.6592,0.6592,0.6592,0
20260728,0.6438,0.6438,0.6438,0.6438,0
20260729,0.7679,0.7679,0.7679,0.7679,0
20260730,0.7798,0.7798,0.7798,0.7798,0
20260731,0.8334,0.8334,0.8334,0.8334,0
20260803,0.7842,0.7842,0.7842,0.7842,0
20260804,0.7482,0.7482,0.7482,0.7482,0
20260805,0.7516,0.7516,0.7516,0.7516,0
20260806,0.7709,0.7709,0.7709,0.7709,0
20260807,0.7761,0.7761,0.7761,0.7761,0
20260810,0.8170,0.8170,0.8170,0.8170,0
20260811,0.8148,0.8148,0.8148,0.8148,0
20260812,0.8222,0.8222,0.8222,0.8222,0
20260813,0.7999,0.7999,0.7999,0.7999,0
20260814,0.8483,0.8483,0.8483,0.8483,0
20260817,0.8906,0.8906,0.8906,0.8906,0
20260818,0.8665,0.8665,0.8665,0.8665,0
20260819,0.7676,0.7676,0.7676,0.7676,0
20260820,0.8117,0.8117,0.8117,0.8117,0
20260821,0.8358,0.8358,0.8358,0.8358,0
20260824,0.7840,0.7840,0.7840,0.7840,0
20260825,0.7337,0.7337,0.7337,0.7337,0
20260826,0.7454,0.7454,0.7454,0.7454,0
20260827,0.7534,0.7534,0.7534,0.7534,0
20260828,0.7238,0.7238,0.7238,0.7238,0
20260831,0.7596,0.7596,0.7596,0.7596,0
20260901,0.7792,0.7792,0.7792,0.7792,0
20260902,0.7200,0.7200,0.7200,0.7200,0
20260903,0.7537,0.7537,0.7537,0.7537,0
20260904,0.6769,0.6769,0.6769,0.6769,0
20260908,0.7560,0.7560,0.7560,0.7560,0
20260909,0.7036,0.7036,0.7036,0.7036,0
20260910,0.7566,0.7566,0.7566,0.7566,0
20260911,0.7139,0.7139,0.7139,0.7139,0
20260914,0.6933,0.6933,0.6933,0.6933,0
20260915,0.7055,0.7055,0.7055,0.7055,0
20260916,0.6660,0.6660,0.6660,0.6660,0
20260917,0.6070,0.6070,0.6070,0.6070,0
20260918,0.6322,0.6322,0.6322,0.6322,0
20260921,0.5761,0.5761,0.5761,0.5761,0
20260922,0.5719,0.5719,0.5719,0.5719,0
20260923,0.6420,0.6420,0.6420,0.6420,0
20260924,0.7267,0.7267,0.7267,0.7267,0
20260925,0.7717,0.7717,0.7717,0.7717,0
20260928,0.7900,0.7900,0.7900,0.7900,0
20260929,0.8440,0.8440,0.8440,0.8440,0
20260930,0.8852,0.8852,0.8852,0.8852,0
20261001,0.9050,0.9050,0.9050,0.9050,0
