DATE,OPEN,HIGH,LOW,CLOSE,VOLUME
20000131,1.60,1.60,1.60,1.60,0
20000229,1.60,1.60,1.60,1.60,0
20000331,1.50,1.50,1.50,1.50,0
20000430,1.40,1.40,1.40,1.40,0
20000531,1.60,1.60,1.60,1.60,0
20000630,1.80,1.80,1.80,1.80,0
20000731,1.90,1.90,1.90,1.90,0
20000831,1.10,1.10,1.10,1.10,0
20000930,1.40,1.40,1.40,1.40,0
20001031,1.30,1.30,1.30,1.30,0
20001130,1.90,1.90,1.90,1.90,0
20001231,1.50,1.50,1.50,1.50,0
20010131,1.30,1.30,1.30,1.30,0
20010228,0.80,0.80,0.80,0.80,0
20010331,1.00,1.00,1.00,1.00,0
20010430,1.20,1.20,1.20,1.20,0
20010531,1.80,1.80,1.80,1.80,0
20010630,1.60,1.60,1.60,1.60,0
20010731,1.40,1.40,1.40,1.40,0
20010831,1.10,1.10,1.10,1.10,0
20010930,0.70,0.70,0.70,0.70,0
20011031,0.60,0.60,0.60,0.60,0
20011130,0.30,0.30,0.30,0.30,0
20011231,0.30,0.30,0.30,0.30,0
20020131,0.50,0.50,0.50,0.50,0
20020228,0.70,0.70,0.70,0.70,0
20020331,0.50,0.50,0.50,0.50,0
20020430,1.10,1.10,1.10,1.10,0
20020531,0.60,0.60,0.60,0.60,0
20020630,0.30,0.30,0.30,0.30,0
20020731,-0.10,-0.10,-0.10,-0.10,0
20020831,0.50,0.50,0.50,0.50,0
20020930,0.50,0.50,0.50,0.50,0
20021031,1.20,1.20,1.20,1.20,0
20021130,0.90,0.90,0.90,0.90,0
20021231,0.90,0.90,0.90,0.90,0
20030131,0.80,0.80,0.80,0.80,0
20030228,0.90,0.90,0.90,0.90,0
20030331,1.30,1.30,1.30,1.30,0
20030430,0.70,0.70,0.70,0.70,0
20030531,0.40,0.40,0.40,0.40,0
20030630,0.50,0.50,0.50,0.50,0
20030731,0.30,0.30,0.30,0.30,0
20030831,0.50,0.50,0.50,0.50,0
20030930,0.50,0.50,0.50,0.50,0
20031031,0.50,0.50,0.50,0.50,0
20031130,0.50,0.50,0.50,0.50,0
20031231,0.60,0.60,0.60,0.60,0
20040131,0.20,0.20,0.20,0.20,0
20040229,0.10,0.10,0.10,0.10,0
20040331,-0.10,-0.10,-0.10,-0.10,0
20040430,0.50,0.50,0.50,0.50,0
20040531,0.90,0.90,0.90,0.90,0
20040630,1.10,1.10,1.10,1.10,0
20040731,0.90,0.90,0.90,0.90,0
20040831,1.00,1.00,1.00,1.00,0
20040930,0.90,0.90,0.90,0.90,0
20041031,1.30,1.30,1.30,1.30,0
20041130,1.50,1.50,1.50,1.50,0
20041231,1.30,1.30,1.30,1.30,0
20050131,1.20,1.20,1.20,1.20,0
20050228,1.40,1.40,1.40,1.40,0
20050331,1.40,1.40,1.40,1.40,0
20050430,1.40,1.40,1.40,1.40,0
20050531,1.10,1.10,1.10,1.10,0
20050630,0.70,0.70,0.70,0.70,0
20050731,1.20,1.20,1.20,1.20,0
20050831,1.00,1.00,1.00,1.00,0
20050930,1.40,1.40,1.40,1.40,0
20051031,1.30,1.30,1.30,1.30,0
20051130,1.00,1.00,1.00,1.00,0
20051231,1.00,1.00,1.00,1.00,0
20060131,1.30,1.30,1.30,1.30,0
20060228,1.40,1.40,1.40,1.40,0
20060331,1.00,1.00,1.00,1.00,0
20060430,1.10,1.10,1.10,1.10,0
20060531,1.40,1.40,1.40,1.40,0
20060630,1.60,1.60,1.60,1.60,0
20060731,1.40,1.40,1.40,1.40,0
20060831,1.50,1.50,1.50,1.50,0
20060930,0.80,0.80,0.80,0.80,0
20061031,0.30,0.30,0.30,0.30,0
20061130,0.50,0.50,0.50,0.50,0
20061231,0.60,0.60,0.60,0.60,0
20070131,0.10,0.10,0.10,0.10,0
20070228,0.00,0.00,0.00,0.00,0
20070331,0.20,0.20,0.20,0.20,0
20070430,0.50,0.50,0.50,0.50,0
20070531,0.50,0.50,0.50,0.50,0
20070630,0.60,0.60,0.60,0.60,0
20070731,0.70,0.70,0.70,0.70,0
20070831,0.40,0.40,0.40,0.40,0
20070930,0.70,0.70,0.70,0.70,0
20071031,1.30,1.30,1.30,1.30,0
20071130,1.80,1.80,1.80,1.80,0
20071231,2.00,2.00,2.00,2.00,0
20080131,2.40,2.40,2.40,2.40,0
20080229,2.40,2.40,2.40,2.40,0
20080331,2.60,2.60,2.60,2.60,0
20080430,2.30,2.30,2.30,2.30,0
20080531,2.90,2.90,2.90,2.90,0
20080630,2.90,2.90,2.90,2.90,0
20080731,3.10,3.10,3.10,3.10,0
20080831,2.90,2.90,2.90,2.90,0
20080930,2.90,2.90,2.90,2.90,0
20081031,2.60,2.60,2.60,2.60,0
20081130,1.50,1.50,1.50,1.50,0
20081231,0.70,0.70,0.70,0.70,0
20090131,0.10,0.10,0.10,0.10,0
20090228,0.20,0.20,0.20,0.20,0
20090331,-0.40,-0.40,-0.40,-0.40,0
20090430,-0.30,-0.30,-0.30,-0.30,0
20090531,-1.00,-1.00,-1.00,-1.00,0
20090630,-1.00,-1.00,-1.00,-1.00,0
20090731,-1.20,-1.20,-1.20,-1.20,0
20090831,-0.80,-0.80,-0.80,-0.80,0
20090930,-0.90,-0.90,-0.90,-0.90,0
20091031,-0.80,-0.80,-0.80,-0.80,0
20091130,0.00,0.00,0.00,0.00,0
20091231,0.30,0.30,0.30,0.30,0
20100131,1.00,1.00,1.00,1.00,0
20100228,0.90,0.90,0.90,0.90,0
20100331,1.40,1.40,1.40,1.40,0
20100430,1.40,1.40,1.40,1.40,0
20100531,1.10,1.10,1.10,1.10,0
20100630,0.50,0.50,0.50,0.50,0
20100731,0.40,0.40,0.40,0.40,0
20100831,0.30,0.30,0.30,0.30,0
20100930,0.30,0.30,0.30,0.30,0
20101031,0.20,0.20,0.20,0.20,0
20101130,0.20,0.20,0.20,0.20,0
20101231,0.50,0.50,0.50,0.50,0
20110131,0.30,0.30,0.30,0.30,0
20110228,0.50,0.50,0.50,0.50,0
20110331,1.00,1.00,1.00,1.00,0
20110430,0.30,0.30,0.30,0.30,0
20110531,0.40,0.40,0.40,0.40,0
20110630,0.60,0.60,0.60,0.60,0
20110731,0.50,0.50,0.50,0.50,0
20110831,0.20,0.20,0.20,0.20,0
20110930,0.50,0.50,0.50,0.50,0
20111031,-0.10,-0.10,-0.10,-0.10,0
20111130,-0.50,-0.50,-0.50,-0.50,0
20111231,-0.70,-0.70,-0.70,-0.70,0
20120131,-0.80,-0.80,-0.80,-0.80,0
20120229,-0.90,-0.90,-0.90,-0.90,0
20120331,-1.00,-1.00,-1.00,-1.00,0
20120430,-1.00,-1.00,-1.00,-1.00,0
20120531,-1.00,-1.00,-1.00,-1.00,0
20120630,-1.10,-1.10,-1.10,-1.10,0
20120731,-0.70,-0.70,-0.70,-0.70,0
20120831,-0.50,-0.50,-0.50,-0.50,0
20120930,-0.40,-0.40,-0.40,-0.40,0
20121031,-0.20,-0.20,-0.20,-0.20,0
20121130,-0.40,-0.40,-0.40,-0.40,0
20121231,-0.40,-0.40,-0.40,-0.40,0
20130131,-0.30,-0.30,-0.30,-0.30,0
20130228,-0.30,-0.30,-0.30,-0.30,0
20130331,-0.60,-0.60,-0.60,-0.60,0
20130430,-0.60,-0.60,-0.60,-0.60,0
20130531,-0.50,-0.50,-0.50,-0.50,0
20130630,-0.10,-0.10,-0.10,-0.10,0
20130731,0.00,0.00,0.00,0.00,0
20130831,0.00,0.00,0.00,0.00,0
20130930,-0.10,-0.10,-0.10,-0.10,0
20131031,-0.30,-0.30,-0.30,-0.30,0
20131130,0.10,0.10,0.10,0.10,0
20131231,0.10,0.10,0.10,0.10,0
20140131,0.10,0.10,0.10,0.10,0
20140228,-0.10,-0.10,-0.10,-0.10,0
20140331,0.00,0.00,0.00,0.00,0
20140430,0.00,0.00,0.00,0.00,0
20140531,0.20,0.20,0.20,0.20,0
20140630,0.00,0.00,0.00,0.00,0
20140731,0.00,0.00,0.00,0.00,0
20140831,0.10,0.10,0.10,0.10,0
20140930,-0.10,-0.10,-0.10,-0.10,0
20141031,0.00,0.00,0.00,0.00,0
20141130,-0.10,-0.10,-0.10,-0.10,0
20141231,-0.30,-0.30,-0.30,-0.30,0
20150131,-0.50,-0.50,-0.50,-0.50,0
20150228,-0.80,-0.80,-0.80,-0.80,0
20150331,-0.90,-0.90,-0.90,-0.90,0
20150430,-1.10,-1.10,-1.10,-1.10,0
20150531,-1.20,-1.20,-1.20,-1.20,0
20150630,-1.00,-1.00,-1.00,-1.00,0
20150731,-1.30,-1.30,-1.30,-1.30,0
20150831,-1.40,-1.40,-1.40,-1.40,0
20150930,-1.40,-1.40,-1.40,-1.40,0
20151031,-1.40,-1.40,-1.40,-1.40,0
20151130,-1.40,-1.40,-1.40,-1.40,0
20151231,-1.30,-1.30,-1.30,-1.30,0
20160131,-1.30,-1.30,-1.30,-1.30,0
20160229,-0.80,-0.80,-0.80,-0.80,0
20160331,-0.90,-0.90,-0.90,-0.90,0
20160430,-0.40,-0.40,-0.40,-0.40,0
20160531,-0.40,-0.40,-0.40,-0.40,0
20160630,-0.40,-0.40,-0.40,-0.40,0
20160731,-0.20,-0.20,-0.20,-0.20,0
20160831,-0.10,-0.10,-0.10,-0.10,0
20160930,-0.20,-0.20,-0.20,-0.20,0
20161031,-0.20,-0.20,-0.20,-0.20,0
20161130,-0.30,-0.30,-0.30,-0.30,0
20161231,0.00,0.00,0.00,0.00,0
20170131,0.30,0.30,0.30,0.30,0
20170228,0.60,0.60,0.60,0.60,0
20170331,0.60,0.60,0.60,0.60,0
20170430,0.40,0.40,0.40,0.40,0
20170531,0.50,0.50,0.50,0.50,0
20170630,0.20,0.20,0.20,0.20,0
20170731,0.30,0.30,0.30,0.30,0
20170831,0.50,0.50,0.50,0.50,0
20170930,0.70,0.70,0.70,0.70,0
20171031,0.70,0.70,0.70,0.70,0
20171130,0.80,0.80,0.80,0.80,0
20171231,0.80,0.80,0.80,0.80,0
20180131,0.70,0.70,0.70,0.70,0
20180228,0.60,0.60,0.60,0.60,0
20180331,0.80,0.80,0.80,0.80,0
20180430,0.80,0.80,0.80,0.80,0
20180531,1.00,1.00,1.00,1.00,0
20180630,1.10,1.10,1.10,1.10,0
20180731,1.20,1.20,1.20,1.20,0
20180831,1.20,1.20,1.20,1.20,0
20180930,1.00,1.00,1.00,1.00,0
20181031,1.10,1.10,1.10,1.10,0
20181130,0.90,0.90,0.90,0.90,0
20181231,0.70,0.70,0.70,0.70,0
20190131,0.60,0.60,0.60,0.60,0
20190228,0.60,0.60,0.60,0.60,0
20190331,0.70,0.70,0.70,0.70,0
20190430,0.70,0.70,0.70,0.70,0
20190531,0.60,0.60,0.60,0.60,0
20190630,0.60,0.60,0.60,0.60,0
20190731,0.30,0.30,0.30,0.30,0
20190831,0.30,0.30,0.30,0.30,0
20190930,0.10,0.10,0.10,0.10,0
20191031,-0.30,-0.30,-0.30,-0.30,0
20191130,-0.10,-0.10,-0.10,-0.10,0
20191231,0.20,0.20,0.20,0.20,0
20200131,0.20,0.20,0.20,0.20,0
20200229,-0.10,-0.10,-0.10,-0.10,0
20200331,-0.50,-0.50,-0.50,-0.50,0
20200430,-1.10,-1.10,-1.10,-1.10,0
20200531,-1.30,-1.30,-1.30,-1.30,0
20200630,-1.30,-1.30,-1.30,-1.30,0
20200731,-0.90,-0.90,-0.90,-0.90,0
20200831,-0.90,-0.90,-0.90,-0.90,0
20200930,-0.80,-0.80,-0.80,-0.80,0
20201031,-0.60,-0.60,-0.60,-0.60,0
20201130,-0.70,-0.70,-0.70,-0.70,0
20201231,-0.80,-0.80,-0.80,-0.80,0
20210131,-0.50,-0.50,-0.50,-0.50,0
20210228,-0.50,-0.50,-0.50,-0.50,0
20210331,-0.20,-0.20,-0.20,-0.20,0
20210430,0.30,0.30,0.30,0.30,0
20210531,0.60,0.60,0.60,0.60,0
20210630,0.60,0.60,0.60,0.60,0
20210731,0.70,0.70,0.70,0.70,0
20210831,0.90,0.90,0.90,0.90,0
20210930,0.90,0.90,0.90,0.90,0
20211031,1.20,1.20,1.20,1.20,0
20211130,1.50,1.50,1.50,1.50,0
20211231,1.50,1.50,1.50,1.50,0
20220131,1.60,1.60,1.60,1.60,0
20220228,2.20,2.20,2.20,2.20,0
20220331,2.40,2.40,2.40,2.40,0
20220430,2.50,2.50,2.50,2.50,0
20220531,2.90,2.90,2.90,2.90,0
20220630,3.40,3.40,3.40,3.40,0
20220731,3.40,3.40,3.40,3.40,0
20220831,3.50,3.50,3.50,3.50,0
20220930,3.30,3.30,3.30,3.30,0
20221031,3.00,3.00,3.00,3.00,0
20221130,3.00,3.00,3.00,3.00,0
20221231,2.80,2.80,2.80,2.80,0
20230131,3.30,3.30,3.30,3.30,0
20230228,3.40,3.40,3.40,3.40,0
20230331,2.90,2.90,2.90,2.90,0
20230430,2.60,2.60,2.60,2.60,0
20230531,2.20,2.20,2.20,2.20,0
20230630,1.70,1.70,1.70,1.70,0
20230731,1.60,1.60,1.60,1.60,0
20230831,1.60,1.60,1.60,1.60,0
20230930,1.70,1.70,1.70,1.70,0
20231031,1.70,1.70,1.70,1.70,0
20231130,1.40,1.40,1.40,1.40,0
20231231,1.70,1.70,1.70,1.70,0
20240131,1.30,1.30,1.30,1.30,0
20240229,1.20,1.20,1.20,1.20,0
20240331,1.00,1.00,1.00,1.00,0
20240430,1.40,1.40,1.40,1.40,0
20240531,1.40,1.40,1.40,1.40,0
20240630,1.30,1.30,1.30,1.30,0
20240731,1.30,1.30,1.30,1.30,0
20240831,1.10,1.10,1.10,1.10,0
20240930,0.80,0.80,0.80,0.80,0
20241031,0.60,0.60,0.60,0.60,0
20241130,0.70,0.70,0.70,0.70,0
20241231,0.60,0.60,0.60,0.60,0
20250131,0.40,0.40,0.40,0.40,0
20250228,0.30,0.30,0.30,0.30,0
20250331,0.30,0.30,0.30,0.30,0
20250430,0.00,0.00,0.00,0.00,0
20250531,-0.10,-0.10,-0.10,-0.10,0
20250630,0.10,0.10,0.10,0.10,0
20250731,0.20,0.20,0.20,0.20,0
20250831,0.20,0.20,0.20,0.20,0
20250930,0.20,0.20,0.20,0.20,0
20251031,0.10,0.10,0.10,0.10,0
20251130,0.00,0.00,0.00,0.00,0
20251231,0.10,0.10,0.10,0.10,0
20260131,0.10,0.10,0.10,0.10,0
20260228,0.10,0.10,0.10,0.10,0
20260331,0.30,0.30,0.30,0.30,0
20260430,0.60,0.60,0.60,0.60,0
20260531,0.60,0.60,0.60,0.60,0
20260630,0.50,0.50,0.50,0.50,0
20260731,0.40,0.40,0.40,0.40,0
20260831,0.80,0.80,0.80,0.80,0
20260930,1.00,1.00,1.00,1.00,0
