DATE,OPEN,HIGH,LOW,CLOSE,VOLUME
20210601,-0.5000,-0.5000,-0.5000,-0.5000,0
20210602,-0.5000,-0.5000,-0.5000,-0.5000,0
20210603,-0.5000,-0.5000,-0.5000,-0.5000,0
20210604,-0.5000,-0.5000,-0.5000,-0.5000,0
20210605,-0.5000,-0.5000,-0.5000,-0.5000,0
20210606,-0.5000,-0.5000,-0.5000,-0.5000,0
20210607,-0.5000,-0.5000,-0.5000,-0.5000,0
20210608,-0.5000,-0.5000,-0.5000,-0.5000,0
20210609,-0.5000,-0.5000,-0.5000,-0.5000,0
20210610,-0.5000,-0.5000,-0.5000,-0.5000,0
20210611,-0.5000,-0.5000,-0.5000,-0.5000,0
20210612,-0.5000,-0.5000,-0.5000,-0.5000,0
20210613,-0.5000,-0.5000,-0.5000,-0.5000,0
20210614,-0.5000,-0.5000,-0.5000,-0.5000,0
20210615,-0.5000,-0.5000,-0.5000,-0.5000,0
20210616,-0.5000,-0.5000,-0.5000,-0.5000,0
20210617,-0.5000,-0.5000,-0.5000,-0.5000,0
20210618,-0.5000,-0.5000,-0.5000,-0.5000,0
20210619,-0.5000,-0.5000,-0.5000,-0.5000,0
20210620,-0.5000,-0.5000,-0.5000,-0.5000,0
20210621,-0.5000,-0.5000,-0.5000,-0.5000,0
20210622,-0.5000,-0.5000,-0.5000,-0.5000,0
20210623,-0.5000,-0.5000,-0.5000,-0.5000,0
20210624,-0.5000,-0.5000,-0.5000,-0.5000,0
20210625,-0.5000,-0.5000,-0.5000,-0.5000,0
20210626,-0.5000,-0.5000,-0.5000,-0.5000,0
20210627,-0.5000,-0.5000,-0.5000,-0.5000,0
20210628,-0.5000,-0.5000,-0.5000,-0.5000,0
20210629,-0.5000,-0.5000,-0.5000,-0.5000,0
20210630,-0.5000,-0.5000,-0.5000,-0.5000,0
20210701,-0.5000,-0.5000,-0.5000,-0.5000,0
20210702,-0.5000,-0.5000,-0.5000,-0.5000,0
20210703,-0.5000,-0.5000,-0.5000,-0.5000,0
20210704,-0.5000,-0.5000,-0.5000,-0.5000,0
20210705,-0.5000,-0.5000,-0.5000,-0.5000,0
20210706,-0.5000,-0.5000,-0.5000,-0.5000,0
20210707,-0.5000,-0.5000,-0.5000,-0.5000,0
20210708,-0.5000,-0.5000,-0.5000,-0.5000,0
20210709,-0.5000,-0.5000,-0.5000,-0.5000,0
20210710,-0.5000,-0.5000,-0.5000,-0.5000,0
20210711,-0.5000,-0.5000,-0.5000,-0.5000,0
20210712,-0.5000,-0.5000,-0.5000,-0.5000,0
20210713,-0.5000,-0.5000,-0.5000,-0.5000,0
20210714,-0.5000,-0.5000,-0.5000,-0.5000,0
20210715,-0.5000,-0.5000,-0.5000,-0.5000,0
20210716,-0.5000,-0.5000,-0.5000,-0.5000,0
20210717,-0.5000,-0.5000,-0.5000,-0.5000,0
20210718,-0.5000,-0.5000,-0.5000,-0.5000,0
20210719,-0.5000,-0.5000,-0.5000,-0.5000,0
20210720,-0.5000,-0.5000,-0.5000,-0.5000,0
20210721,-0.5000,-0.5000,-0.5000,-0.5000,0
20210722,-0.5000,-0.5000,-0.5000,-0.5000,0
20210723,-0.5000,-0.5000,-0.5000,-0.5000,0
20210724,-0.5000,-0.5000,-0.5000,-0.5000,0
20210725,-0.5000,-0.5000,-0.5000,-0.5000,0
20210726,-0.5000,-0.5000,-0.5000,-0.5000,0
20210727,-0.5000,-0.5000,-0.5000,-0.5000,0
20210728,-0.5000,-0.5000,-0.5000,-0.5000,0
20210729,-0.5000,-0.5000,-0.5000,-0.5000,0
20210730,-0.5000,-0.5000,-0.5000,-0.5000,0
20210731,-0.5000,-0.5000,-0.5000,-0.5000,0
20210801,-0.5000,-0.5000,-0.5000,-0.5000,0
20210802,-0.5000,-0.5000,-0.5000,-0.5000,0
20210803,-0.5000,-0.5000,-0.5000,-0.5000,0
20210804,-0.5000,-0.5000,-0.5000,-0.5000,0
20210805,-0.5000,-0.5000,-0.5000,-0.5000,0
20210806,-0.5000,-0.5000,-0.5000,-0.5000,0
20210807,-0.5000,-0.5000,-0.5000,-0.5000,0
20210808,-0.5000,-0.5000,-0.5000,-0.5000,0
20210809,-0.5000,-0.5000,-0.5000,-0.5000,0
20210810,-0.5000,-0.5000,-0.5000,-0.5000,0
20210811,-0.5000,-0.5000,-0.5000,-0.5000,0
20210812,-0.5000,-0.5000,-0.5000,-0.5000,0
20210813,-0.5000,-0.5000,-0.5000,-0.5000,0
20210814,-0.5000,-0.5000,-0.5000,-0.5000,0
20210815,-0.5000,-0.5000,-0.5000,-0.5000,0
20210816,-0.5000,-0.5000,-0.5000,-0.5000,0
20210817,-0.5000,-0.5000,-0.5000,-0.5000,0
20210818,-0.5000,-0.5000,-0.5000,-0.5000,0
20210819,-0.5000,-0.5000,-0.5000,-0.5000,0
20210820,-0.5000,-0.5000,-0.5000,-0.5000,0
20210821,-0.5000,-0.5000,-0.5000,-0.5000,0
20210822,-0.5000,-0.5000,-0.5000,-0.5000,0
20210823,-0.5000,-0.5000,-0.5000,-0.5000,0
20210824,-0.5000,-0.5000,-0.5000,-0.5000,0
20210825,-0.5000,-0.5000,-0.5000,-0.5000,0
20210826,-0.5000,-0.5000,-0.5000,-0.5000,0
20210827,-0.5000,-0.5000,-0.5000,-0.5000,0
20210828,-0.5000,-0.5000,-0.5000,-0.5000,0
20210829,-0.5000,-0.5000,-0.5000,-0.5000,0
20210830,-0.5000,-0.5000,-0.5000,-0.5000,0
20210831,-0.5000,-0.5000,-0.5000,-0.5000,0
20210901,-0.5000,-0.5000,-0.5000,-0.5000,0
20210902,-0.5000,-0.5000,-0.5000,-0.5000,0
20210903,-0.5000,-0.5000,-0.5000,-0.5000,0
20210904,-0.5000,-0.5000,-0.5000,-0.5000,0
20210905,-0.5000,-0.5000,-0.5000,-0.5000,0
20210906,-0.5000,-0.5000,-0.5000,-0.5000,0
20210907,-0.5000,-0.5000,-0.5000,-0.5000,0
20210908,-0.5000,-0.5000,-0.5000,-0.5000,0
20210909,-0.5000,-0.5000,-0.5000,-0.5000,0
20210910,-0.5000,-0.5000,-0.5000,-0.5000,0
20210911,-0.5000,-0.5000,-0.5000,-0.5000,0
20210912,-0.5000,-0.5000,-0.5000,-0.5000,0
20210913,-0.5000,-0.5000,-0.5000,-0.5000,0
20210914,-0.5000,-0.5000,-0.5000,-0.5000,0
20210915,-0.5000,-0.5000,-0.5000,-0.5000,0
20210916,-0.5000,-0.5000,-0.5000,-0.5000,0
20210917,-0.5000,-0.5000,-0.5000,-0.5000,0
20210918,-0.5000,-0.5000,-0.5000,-0.5000,0
20210919,-0.5000,-0.5000,-0.5000,-0.5000,0
20210920,-0.5000,-0.5000,-0.5000,-0.5000,0
20210921,-0.5000,-0.5000,-0.5000,-0.5000,0
20210922,-0.5000,-0.5000,-0.5000,-0.5000,0
20210923,-0.5000,-0.5000,-0.5000,-0.5000,0
20210924,-0.5000,-0.5000,-0.5000,-0.5000,0
20210925,-0.5000,-0.5000,-0.5000,-0.5000,0
20210926,-0.5000,-0.5000,-0.5000,-0.5000,0
20210927,-0.5000,-0.5000,-0.5000,-0.5000,0
20210928,-0.5000,-0.5000,-0.5000,-0.5000,0
20210929,-0.5000,-0.5000,-0.5000,-0.5000,0
20210930,-0.5000,-0.5000,-0.5000,-0.5000,0
20211001,-0.5000,-0.5000,-0.5000,-0.5000,0
20211002,-0.5000,-0.5000,-0.5000,-0.5000,0
20211003,-0.5000,-0.5000,-0.5000,-0.5000,0
20211004,-0.5000,-0.5000,-0.5000,-0.5000,0
20211005,-0.5000,-0.5000,-0.5000,-0.5000,0
20211006,-0.5000,-0.5000,-0.5000,-0.5000,0
20211007,-0.5000,-0.5000,-0.5000,-0.5000,0
20211008,-0.5000,-0.5000,-0.5000,-0.5000,0
20211009,-0.5000,-0.5000,-0.5000,-0.5000,0
20211010,-0.5000,-0.5000,-0.5000,-0.5000,0
20211011,-0.5000,-0.5000,-0.5000,-0.5000,0
20211012,-0.5000,-0.5000,-0.5000,-0.5000,0
20211013,-0.5000,-0.5000,-0.5000,-0.5000,0
20211014,-0.5000,-0.5000,-0.5000,-0.5000,0
20211015,-0.5000,-0.5000,-0.5000,-0.5000,0
20211016,-0.5000,-0.5000,-0.5000,-0.5000,0
20211017,-0.5000,-0.5000,-0.5000,-0.5000,0
20211018,-0.5000,-0.5000,-0.5000,-0.5000,0
20211019,-0.5000,-0.5000,-0.5000,-0.5000,0
20211020,-0.5000,-0.5000,-0.5000,-0.5000,0
20211021,-0.5000,-0.5000,-0.5000,-0.5000,0
20211022,-0.5000,-0.5000,-0.5000,-0.5000,0
20211023,-0.5000,-0.5000,-0.5000,-0.5000,0
20211024,-0.5000,-0.5000,-0.5000,-0.5000,0
20211025,-0.5000,-0.5000,-0.5000,-0.5000,0
20211026,-0.5000,-0.5000,-0.5000,-0.5000,0
20211027,-0.5000,-0.5000,-0.5000,-0.5000,0
20211028,-0.5000,-0.5000,-0.5000,-0.5000,0
20211029,-0.5000,-0.5000,-0.5000,-0.5000,0
20211030,-0.5000,-0.5000,-0.5000,-0.5000,0
20211031,-0.5000,-0.5000,-0.5000,-0.5000,0
20211101,-0.5000,-0.5000,-0.5000,-0.5000,0
20211102,-0.5000,-0.5000,-0.5000,-0.5000,0
20211103,-0.5000,-0.5000,-0.5000,-0.5000,0
20211104,-0.5000,-0.5000,-0.5000,-0.5000,0
20211105,-0.5000,-0.5000,-0.5000,-0.5000,0
20211106,-0.5000,-0.5000,-0.5000,-0.5000,0
20211107,-0.5000,-0.5000,-0.5000,-0.5000,0
20211108,-0.5000,-0.5000,-0.5000,-0.5000,0
20211109,-0.5000,-0.5000,-0.5000,-0.5000,0
20211110,-0.5000,-0.5000,-0.5000,-0.5000,0
20211111,-0.5000,-0.5000,-0.5000,-0.5000,0
20211112,-0.5000,-0.5000,-0.5000,-0.5000,0
20211113,-0.5000,-0.5000,-0.5000,-0.5000,0
20211114,-0.5000,-0.5000,-0.5000,-0.5000,0
20211115,-0.5000,-0.5000,-0.5000,-0.5000,0
20211116,-0.5000,-0.5000,-0.5000,-0.5000,0
20211117,-0.5000,-0.5000,-0.5000,-0.5000,0
20211118,-0.5000,-0.5000,-0.5000,-0.5000,0
20211119,-0.5000,-0.5000,-0.5000,-0.5000,0
20211120,-0.5000,-0.5000,-0.5000,-0.5000,0
20211121,-0.5000,-0.5000,-0.5000,-0.5000,0
20211122,-0.5000,-0.5000,-0.5000,-0.5000,0
20211123,-0.5000,-0.5000,-0.5000,-0.5000,0
20211124,-0.5000,-0.5000,-0.5000,-0.5000,0
20211125,-0.5000,-0.5000,-0.5000,-0.5000,0
20211126,-0.5000,-0.5000,-0.5000,-0.5000,0
20211127,-0.5000,-0.5000,-0.5000,-0.5000,0
20211128,-0.5000,-0.5000,-0.5000,-0.5000,0
20211129,-0.5000,-0.5000,-0.5000,-0.5000,0
20211130,-0.5000,-0.5000,-0.5000,-0.5000,0
20211201,-0.5000,-0.5000,-0.5000,-0.5000,0
20211202,-0.5000,-0.5000,-0.5000,-0.5000,0
20211203,-0.5000,-0.5000,-0.5000,-0.5000,0
20211204,-0.5000,-0.5000,-0.5000,-0.5000,0
20211205,-0.5000,-0.5000,-0.5000,-0.5000,0
20211206,-0.5000,-0.5000,-0.5000,-0.5000,0
20211207,-0.5000,-0.5000,-0.5000,-0.5000,0
20211208,-0.5000,-0.5000,-0.5000,-0.5000,0
20211209,-0.5000,-0.5000,-0.5000,-0.5000,0
20211210,-0.5000,-0.5000,-0.5000,-0.5000,0
20211211,-0.5000,-0.5000,-0.5000,-0.5000,0
20211212,-0.5000,-0.5000,-0.5000,-0.5000,0
20211213,-0.5000,-0.5000,-0.5000,-0.5000,0
20211214,-0.5000,-0.5000,-0.5000,-0.5000,0
20211215,-0.5000,-0.5000,-0.5000,-0.5000,0
20211216,-0.5000,-0.5000,-0.5000,-0.5000,0
20211217,-0.5000,-0.5000,-0.5000,-0.5000,0
20211218,-0.5000,-0.5000,-0.5000,-0.5000,0
20211219,-0.5000,-0.5000,-0.5000,-0.5000,0
20211220,-0.5000,-0.5000,-0.5000,-0.5000,0
20211221,-0.5000,-0.5000,-0.5000,-0.5000,0
20211222,-0.5000,-0.5000,-0.5000,-0.5000,0
20211223,-0.5000,-0.5000,-0.5000,-0.5000,0
20211224,-0.5000,-0.5000,-0.5000,-0.5000,0
20211225,-0.5000,-0.5000,-0.5000,-0.5000,0
20211226,-0.5000,-0.5000,-0.5000,-0.5000,0
20211227,-0.5000,-0.5000,-0.5000,-0.5000,0
20211228,-0.5000,-0.5000,-0.5000,-0.5000,0
20211229,-0.5000,-0.5000,-0.5000,-0.5000,0
20211230,-0.5000,-0.5000,-0.5000,-0.5000,0
20211231,-0.5000,-0.5000,-0.5000,-0.5000,0
20220101,-0.5000,-0.5000,-0.5000,-0.5000,0
20220102,-0.5000,-0.5000,-0.5000,-0.5000,0
20220103,-0.5000,-0.5000,-0.5000,-0.5000,0
20220104,-0.5000,-0.5000,-0.5000,-0.5000,0
20220105,-0.5000,-0.5000,-0.5000,-0.5000,0
20220106,-0.5000,-0.5000,-0.5000,-0.5000,0
20220107,-0.5000,-0.5000,-0.5000,-0.5000,0
20220108,-0.5000,-0.5000,-0.5000,-0.5000,0
20220109,-0.5000,-0.5000,-0.5000,-0.5000,0
20220110,-0.5000,-0.5000,-0.5000,-0.5000,0
20220111,-0.5000,-0.5000,-0.5000,-0.5000,0
20220112,-0.5000,-0.5000,-0.5000,-0.5000,0
20220113,-0.5000,-0.5000,-0.5000,-0.5000,0
20220114,-0.5000,-0.5000,-0.5000,-0.5000,0
20220115,-0.5000,-0.5000,-0.5000,-0.5000,0
20220116,-0.5000,-0.5000,-0.5000,-0.5000,0
20220117,-0.5000,-0.5000,-0.5000,-0.5000,0
20220118,-0.5000,-0.5000,-0.5000,-0.5000,0
20220119,-0.5000,-0.5000,-0.5000,-0.5000,0
20220120,-0.5000,-0.5000,-0.5000,-0.5000,0
20220121,-0.5000,-0.5000,-0.5000,-0.5000,0
20220122,-0.5000,-0.5000,-0.5000,-0.5000,0
20220123,-0.5000,-0.5000,-0.5000,-0.5000,0
20220124,-0.5000,-0.5000,-0.5000,-0.5000,0
20220125,-0.5000,-0.5000,-0.5000,-0.5000,0
20220126,-0.5000,-0.5000,-0.5000,-0.5000,0
20220127,-0.5000,-0.5000,-0.5000,-0.5000,0
20220128,-0.5000,-0.5000,-0.5000,-0.5000,0
20220129,-0.5000,-0.5000,-0.5000,-0.5000,0
20220130,-0.5000,-0.5000,-0.5000,-0.5000,0
20220131,-0.5000,-0.5000,-0.5000,-0.5000,0
20220201,-0.5000,-0.5000,-0.5000,-0.5000,0
20220202,-0.5000,-0.5000,-0.5000,-0.5000,0
20220203,-0.5000,-0.5000,-0.5000,-0.5000,0
20220204,-0.5000,-0.5000,-0.5000,-0.5000,0
20220205,-0.5000,-0.5000,-0.5000,-0.5000,0
20220206,-0.5000,-0.5000,-0.5000,-0.5000,0
20220207,-0.5000,-0.5000,-0.5000,-0.5000,0
20220208,-0.5000,-0.5000,-0.5000,-0.5000,0
20220209,-0.5000,-0.5000,-0.5000,-0.5000,0
20220210,-0.5000,-0.5000,-0.5000,-0.5000,0
20220211,-0.5000,-0.5000,-0.5000,-0.5000,0
20220212,-0.5000,-0.5000,-0.5000,-0.5000,0
20220213,-0.5000,-0.5000,-0.5000,-0.5000,0
20220214,-0.5000,-0.5000,-0.5000,-0.5000,0
20220215,-0.5000,-0.5000,-0.5000,-0.5000,0
20220216,-0.5000,-0.5000,-0.5000,-0.5000,0
20220217,-0.5000,-0.5000,-0.5000,-0.5000,0
20220218,-0.5000,-0.5000,-0.5000,-0.5000,0
20220219,-0.5000,-0.5000,-0.5000,-0.5000,0
20220220,-0.5000,-0.5000,-0.5000,-0.5000,0
20220221,-0.5000,-0.5000,-0.5000,-0.5000,0
20220222,-0.5000,-0.5000,-0.5000,-0.5000,0
20220223,-0.5000,-0.5000,-0.5000,-0.5000,0
20220224,-0.5000,-0.5000,-0.5000,-0.5000,0
20220225,-0.5000,-0.5000,-0.5000,-0.5000,0
20220226,-0.5000,-0.5000,-0.5000,-0.5000,0
20220227,-0.5000,-0.5000,-0.5000,-0.5000,0
20220228,-0.5000,-0.5000,-0.5000,-0.5000,0
20220301,-0.5000,-0.5000,-0.5000,-0.5000,0
20220302,-0.5000,-0.5000,-0.5000,-0.5000,0
20220303,-0.5000,-0.5000,-0.5000,-0.5000,0
20220304,-0.5000,-0.5000,-0.5000,-0.5000,0
20220305,-0.5000,-0.5000,-0.5000,-0.5000,0
20220306,-0.5000,-0.5000,-0.5000,-0.5000,0
20220307,-0.5000,-0.5000,-0.5000,-0.5000,0
20220308,-0.5000,-0.5000,-0.5000,-0.5000,0
20220309,-0.5000,-0.5000,-0.5000,-0.5000,0
20220310,-0.5000,-0.5000,-0.5000,-0.5000,0
20220311,-0.5000,-0.5000,-0.5000,-0.5000,0
20220312,-0.5000,-0.5000,-0.5000,-0.5000,0
20220313,-0.5000,-0.5000,-0.5000,-0.5000,0
20220314,-0.5000,-0.5000,-0.5000,-0.5000,0
20220315,-0.5000,-0.5000,-0.5000,-0.5000,0
20220316,-0.5000,-0.5000,-0.5000,-0.5000,0
20220317,-0.5000,-0.5000,-0.5000,-0.5000,0
20220318,-0.5000,-0.5000,-0.5000,-0.5000,0
20220319,-0.5000,-0.5000,-0.5000,-0.5000,0
20220320,-0.5000,-0.5000,-0.5000,-0.5000,0
20220321,-0.5000,-0.5000,-0.5000,-0.5000,0
20220322,-0.5000,-0.5000,-0.5000,-0.5000,0
20220323,-0.5000,-0.5000,-0.5000,-0.5000,0
20220324,-0.5000,-0.5000,-0.5000,-0.5000,0
20220325,-0.5000,-0.5000,-0.5000,-0.5000,0
20220326,-0.5000,-0.5000,-0.5000,-0.5000,0
20220327,-0.5000,-0.5000,-0.5000,-0.5000,0
20220328,-0.5000,-0.5000,-0.5000,-0.5000,0
20220329,-0.5000,-0.5000,-0.5000,-0.5000,0
20220330,-0.5000,-0.5000,-0.5000,-0.5000,0
20220331,-0.5000,-0.5000,-0.5000,-0.5000,0
20220401,-0.5000,-0.5000,-0.5000,-0.5000,0
20220402,-0.5000,-0.5000,-0.5000,-0.5000,0
20220403,-0.5000,-0.5000,-0.5000,-0.5000,0
20220404,-0.5000,-0.5000,-0.5000,-0.5000,0
20220405,-0.5000,-0.5000,-0.5000,-0.5000,0
20220406,-0.5000,-0.5000,-0.5000,-0.5000,0
20220407,-0.5000,-0.5000,-0.5000,-0.5000,0
20220408,-0.5000,-0.5000,-0.5000,-0.5000,0
20220409,-0.5000,-0.5000,-0.5000,-0.5000,0
20220410,-0.5000,-0.5000,-0.5000,-0.5000,0
20220411,-0.5000,-0.5000,-0.5000,-0.5000,0
20220412,-0.5000,-0.5000,-0.5000,-0.5000,0
20220413,-0.5000,-0.5000,-0.5000,-0.5000,0
20220414,-0.5000,-0.5000,-0.5000,-0.5000,0
20220415,-0.5000,-0.5000,-0.5000,-0.5000,0
20220416,-0.5000,-0.5000,-0.5000,-0.5000,0
20220417,-0.5000,-0.5000,-0.5000,-0.5000,0
20220418,-0.5000,-0.5000,-0.5000,-0.5000,0
20220419,-0.5000,-0.5000,-0.5000,-0.5000,0
20220420,-0.5000,-0.5000,-0.5000,-0.5000,0
20220421,-0.5000,-0.5000,-0.5000,-0.5000,0
20220422,-0.5000,-0.5000,-0.5000,-0.5000,0
20220423,-0.5000,-0.5000,-0.5000,-0.5000,0
20220424,-0.5000,-0.5000,-0.5000,-0.5000,0
20220425,-0.5000,-0.5000,-0.5000,-0.5000,0
20220426,-0.5000,-0.5000,-0.5000,-0.5000,0
20220427,-0.5000,-0.5000,-0.5000,-0.5000,0
20220428,-0.5000,-0.5000,-0.5000,-0.5000,0
20220429,-0.5000,-0.5000,-0.5000,-0.5000,0
20220430,-0.5000,-0.5000,-0.5000,-0.5000,0
20220501,-0.5000,-0.5000,-0.5000,-0.5000,0
20220502,-0.5000,-0.5000,-0.5000,-0.5000,0
20220503,-0.5000,-0.5000,-0.5000,-0.5000,0
20220504,-0.5000,-0.5000,-0.5000,-0.5000,0
20220505,-0.5000,-0.5000,-0.5000,-0.5000,0
20220506,-0.5000,-0.5000,-0.5000,-0.5000,0
20220507,-0.5000,-0.5000,-0.5000,-0.5000,0
20220508,-0.5000,-0.5000,-0.5000,-0.5000,0
20220509,-0.5000,-0.5000,-0.5000,-0.5000,0
20220510,-0.5000,-0.5000,-0.5000,-0.5000,0
20220511,-0.5000,-0.5000,-0.5000,-0.5000,0
20220512,-0.5000,-0.5000,-0.5000,-0.5000,0
20220513,-0.5000,-0.5000,-0.5000,-0.5000,0
20220514,-0.5000,-0.5000,-0.5000,-0.5000,0
20220515,-0.5000,-0.5000,-0.5000,-0.5000,0
20220516,-0.5000,-0.5000,-0.5000,-0.5000,0
20220517,-0.5000,-0.5000,-0.5000,-0.5000,0
20220518,-0.5000,-0.5000,-0.5000,-0.5000,0
20220519,-0.5000,-0.5000,-0.5000,-0.5000,0
20220520,-0.5000,-0.5000,-0.5000,-0.5000,0
20220521,-0.5000,-0.5000,-0.5000,-0.5000,0
20220522,-0.5000,-0.5000,-0.5000,-0.5000,0
20220523,-0.5000,-0.5000,-0.5000,-0.5000,0
20220524,-0.5000,-0.5000,-0.5000,-0.5000,0
20220525,-0.5000,-0.5000,-0.5000,-0.5000,0
20220526,-0.5000,-0.5000,-0.5000,-0.5000,0
20220527,-0.5000,-0.5000,-0.5000,-0.5000,0
20220528,-0.5000,-0.5000,-0.5000,-0.5000,0
20220529,-0.5000,-0.5000,-0.5000,-0.5000,0
20220530,-0.5000,-0.5000,-0.5000,-0.5000,0
20220531,-0.5000,-0.5000,-0.5000,-0.5000,0
20220601,-0.5000,-0.5000,-0.5000,-0.5000,0
20220602,-0.5000,-0.5000,-0.5000,-0.5000,0
20220603,-0.5000,-0.5000,-0.5000,-0.5000,0
20220604,-0.5000,-0.5000,-0.5000,-0.5000,0
20220605,-0.5000,-0.5000,-0.5000,-0.5000,0
20220606,-0.5000,-0.5000,-0.5000,-0.5000,0
20220607,-0.5000,-0.5000,-0.5000,-0.5000,0
20220608,-0.5000,-0.5000,-0.5000,-0.5000,0
20220609,-0.5000,-0.5000,-0.5000,-0.5000,0
20220610,-0.5000,-0.5000,-0.5000,-0.5000,0
20220611,-0.5000,-0.5000,-0.5000,-0.5000,0
20220612,-0.5000,-0.5000,-0.5000,-0.5000,0
20220613,-0.5000,-0.5000,-0.5000,-0.5000,0
20220614,-0.5000,-0.5000,-0.5000,-0.5000,0
20220615,-0.5000,-0.5000,-0.5000,-0.5000,0
20220616,-0.5000,-0.5000,-0.5000,-0.5000,0
20220617,-0.5000,-0.5000,-0.5000,-0.5000,0
20220618,-0.5000,-0.5000,-0.5000,-0.5000,0
20220619,-0.5000,-0.5000,-0.5000,-0.5000,0
20220620,-0.5000,-0.5000,-0.5000,-0.5000,0
20220621,-0.5000,-0.5000,-0.5000,-0.5000,0
20220622,-0.5000,-0.5000,-0.5000,-0.5000,0
20220623,-0.5000,-0.5000,-0.5000,-0.5000,0
20220624,-0.5000,-0.5000,-0.5000,-0.5000,0
20220625,-0.5000,-0.5000,-0.5000,-0.5000,0
20220626,-0.5000,-0.5000,-0.5000,-0.5000,0
20220627,-0.5000,-0.5000,-0.5000,-0.5000,0
20220628,-0.5000,-0.5000,-0.5000,-0.5000,0
20220629,-0.5000,-0.5000,-0.5000,-0.5000,0
20220630,-0.5000,-0.5000,-0.5000,-0.5000,0
20220701,-0.5000,-0.5000,-0.5000,-0.5000,0
20220702,-0.5000,-0.5000,-0.5000,-0.5000,0
20220703,-0.5000,-0.5000,-0.5000,-0.5000,0
20220704,-0.5000,-0.5000,-0.5000,-0.5000,0
20220705,-0.5000,-0.5000,-0.5000,-0.5000,0
20220706,-0.5000,-0.5000,-0.5000,-0.5000,0
20220707,-0.5000,-0.5000,-0.5000,-0.5000,0
20220708,-0.5000,-0.5000,-0.5000,-0.5000,0
20220709,-0.5000,-0.5000,-0.5000,-0.5000,0
20220710,-0.5000,-0.5000,-0.5000,-0.5000,0
20220711,-0.5000,-0.5000,-0.5000,-0.5000,0
20220712,-0.5000,-0.5000,-0.5000,-0.5000,0
20220713,-0.5000,-0.5000,-0.5000,-0.5000,0
20220714,-0.5000,-0.5000,-0.5000,-0.5000,0
20220715,-0.5000,-0.5000,-0.5000,-0.5000,0
20220716,-0.5000,-0.5000,-0.5000,-0.5000,0
20220717,-0.5000,-0.5000,-0.5000,-0.5000,0
20220718,-0.5000,-0.5000,-0.5000,-0.5000,0
20220719,-0.5000,-0.5000,-0.5000,-0.5000,0
20220720,-0.5000,-0.5000,-0.5000,-0.5000,0
20220721,-0.5000,-0.5000,-0.5000,-0.5000,0
20220722,-0.5000,-0.5000,-0.5000,-0.5000,0
20220723,-0.5000,-0.5000,-0.5000,-0.5000,0
20220724,-0.5000,-0.5000,-0.5000,-0.5000,0
20220725,-0.5000,-0.5000,-0.5000,-0.5000,0
20220726,-0.5000,-0.5000,-0.5000,-0.5000,0
20220727,0.0000,0.0000,0.0000,0.0000,0
20220728,0.0000,0.0000,0.0000,0.0000,0
20220729,0.0000,0.0000,0.0000,0.0000,0
20220730,0.0000,0.0000,0.0000,0.0000,0
20220731,0.0000,0.0000,0.0000,0.0000,0
20220801,0.0000,0.0000,0.0000,0.0000,0
20220802,0.0000,0.0000,0.0000,0.0000,0
20220803,0.0000,0.0000,0.0000,0.0000,0
20220804,0.0000,0.0000,0.0000,0.0000,0
20220805,0.0000,0.0000,0.0000,0.0000,0
20220806,0.0000,0.0000,0.0000,0.0000,0
20220807,0.0000,0.0000,0.0000,0.0000,0
20220808,0.0000,0.0000,0.0000,0.0000,0
20220809,0.0000,0.0000,0.0000,0.0000,0
20220810,0.0000,0.0000,0.0000,0.0000,0
20220811,0.0000,0.0000,0.0000,0.0000,0
20220812,0.0000,0.0000,0.0000,0.0000,0
20220813,0.0000,0.0000,0.0000,0.0000,0
20220814,0.0000,0.0000,0.0000,0.0000,0
20220815,0.0000,0.0000,0.0000,0.0000,0
20220816,0.0000,0.0000,0.0000,0.0000,0
20220817,0.0000,0.0000,0.0000,0.0000,0
20220818,0.0000,0.0000,0.0000,0.0000,0
20220819,0.0000,0.0000,0.0000,0.0000,0
20220820,0.0000,0.0000,0.0000,0.0000,0
20220821,0.0000,0.0000,0.0000,0.0000,0
20220822,0.0000,0.0000,0.0000,0.0000,0
20220823,0.0000,0.0000,0.0000,0.0000,0
20220824,0.0000,0.0000,0.0000,0.0000,0
20220825,0.0000,0.0000,0.0000,0.0000,0
20220826,0.0000,0.0000,0.0000,0.0000,0
20220827,0.0000,0.0000,0.0000,0.0000,0
20220828,0.0000,0.0000,0.0000,0.0000,0
20220829,0.0000,0.0000,0.0000,0.0000,0
20220830,0.0000,0.0000,0.0000,0.0000,0
20220831,0.0000,0.0000,0.0000,0.0000,0
20220901,0.0000,0.0000,0.0000,0.0000,0
20220902,0.0000,0.0000,0.0000,0.0000,0
20220903,0.0000,0.0000,0.0000,0.0000,0
20220904,0.0000,0.0000,0.0000,0.0000,0
20220905,0.0000,0.0000,0.0000,0.0000,0
20220906,0.0000,0.0000,0.0000,0.0000,0
20220907,0.0000,0.0000,0.0000,0.0000,0
20220908,0.0000,0.0000,0.0000,0.0000,0
20220909,0.0000,0.0000,0.0000,0.0000,0
20220910,0.0000,0.0000,0.0000,0.0000,0
20220911,0.0000,0.0000,0.0000,0.0000,0
20220912,0.0000,0.0000,0.0000,0.0000,0
20220913,0.0000,0.0000,0.0000,0.0000,0
20220914,0.7500,0.7500,0.7500,0.7500,0
20220915,0.7500,0.7500,0.7500,0.7500,0
20220916,0.7500,0.7500,0.7500,0.7500,0
20220917,0.7500,0.7500,0.7500,0.7500,0
20220918,0.7500,0.7500,0.7500,0.7500,0
20220919,0.7500,0.7500,0.7500,0.7500,0
20220920,0.7500,0.7500,0.7500,0.7500,0
20220921,0.7500,0.7500,0.7500,0.7500,0
20220922,0.7500,0.7500,0.7500,0.7500,0
20220923,0.7500,0.7500,0.7500,0.7500,0
20220924,0.7500,0.7500,0.7500,0.7500,0
20220925,0.7500,0.7500,0.7500,0.7500,0
20220926,0.7500,0.7500,0.7500,0.7500,0
20220927,0.7500,0.7500,0.7500,0.7500,0
20220928,0.7500,0.7500,0.7500,0.7500,0
20220929,0.7500,0.7500,0.7500,0.7500,0
20220930,0.7500,0.7500,0.7500,0.7500,0
20221001,0.7500,0.7500,0.7500,0.7500,0
20221002,0.7500,0.7500,0.7500,0.7500,0
20221003,0.7500,0.7500,0.7500,0.7500,0
20221004,0.7500,0.7500,0.7500,0.7500,0
20221005,0.7500,0.7500,0.7500,0.7500,0
20221006,0.7500,0.7500,0.7500,0.7500,0
20221007,0.7500,0.7500,0.7500,0.7500,0
20221008,0.7500,0.7500,0.7500,0.7500,0
20221009,0.7500,0.7500,0.7500,0.7500,0
20221010,0.7500,0.7500,0.7500,0.7500,0
20221011,0.7500,0.7500,0.7500,0.7500,0
20221012,0.7500,0.7500,0.7500,0.7500,0
20221013,0.7500,0.7500,0.7500,0.7500,0
20221014,0.7500,0.7500,0.7500,0.7500,0
20221015,0.7500,0.7500,0.7500,0.7500,0
20221016,0.7500,0.7500,0.7500,0.7500,0
20221017,0.7500,0.7500,0.7500,0.7500,0
20221018,0.7500,0.7500,0.7500,0.7500,0
20221019,0.7500,0.7500,0.7500,0.7500,0
20221020,0.7500,0.7500,0.7500,0.7500,0
20221021,0.7500,0.7500,0.7500,0.7500,0
20221022,0.7500,0.7500,0.7500,0.7500,0
20221023,0.7500,0.7500,0.7500,0.7500,0
20221024,0.7500,0.7500,0.7500,0.7500,0
20221025,0.7500,0.7500,0.7500,0.7500,0
20221026,0.7500,0.7500,0.7500,0.7500,0
20221027,0.7500,0.7500,0.7500,0.7500,0
20221028,0.7500,0.7500,0.7500,0.7500,0
20221029,0.7500,0.7500,0.7500,0.7500,0
20221030,0.7500,0.7500,0.7500,0.7500,0
20221031,0.7500,0.7500,0.7500,0.7500,0
20221101,0.7500,0.7500,0.7500,0.7500,0
20221102,1.5000,1.5000,1.5000,1.5000,0
20221103,1.5000,1.5000,1.5000,1.5000,0
20221104,1.5000,1.5000,1.5000,1.5000,0
20221105,1.5000,1.5000,1.5000,1.5000,0
20221106,1.5000,1.5000,1.5000,1.5000,0
20221107,1.5000,1.5000,1.5000,1.5000,0
20221108,1.5000,1.5000,1.5000,1.5000,0
20221109,1.5000,1.5000,1.5000,1.5000,0
20221110,1.5000,1.5000,1.5000,1.5000,0
20221111,1.5000,1.5000,1.5000,1.5000,0
20221112,1.5000,1.5000,1.5000,1.5000,0
20221113,1.5000,1.5000,1.5000,1.5000,0
20221114,1.5000,1.5000,1.5000,1.5000,0
20221115,1.5000,1.5000,1.5000,1.5000,0
20221116,1.5000,1.5000,1.5000,1.5000,0
20221117,1.5000,1.5000,1.5000,1.5000,0
20221118,1.5000,1.5000,1.5000,1.5000,0
20221119,1.5000,1.5000,1.5000,1.5000,0
20221120,1.5000,1.5000,1.5000,1.5000,0
20221121,1.5000,1.5000,1.5000,1.5000,0
20221122,1.5000,1.5000,1.5000,1.5000,0
20221123,1.5000,1.5000,1.5000,1.5000,0
20221124,1.5000,1.5000,1.5000,1.5000,0
20221125,1.5000,1.5000,1.5000,1.5000,0
20221126,1.5000,1.5000,1.5000,1.5000,0
20221127,1.5000,1.5000,1.5000,1.5000,0
20221128,1.5000,1.5000,1.5000,1.5000,0
20221129,1.5000,1.5000,1.5000,1.5000,0
20221130,1.5000,1.5000,1.5000,1.5000,0
20221201,1.5000,1.5000,1.5000,1.5000,0
20221202,1.5000,1.5000,1.5000,1.5000,0
20221203,1.5000,1.5000,1.5000,1.5000,0
20221204,1.5000,1.5000,1.5000,1.5000,0
20221205,1.5000,1.5000,1.5000,1.5000,0
20221206,1.5000,1.5000,1.5000,1.5000,0
20221207,1.5000,1.5000,1.5000,1.5000,0
20221208,1.5000,1.5000,1.5000,1.5000,0
20221209,1.5000,1.5000,1.5000,1.5000,0
20221210,1.5000,1.5000,1.5000,1.5000,0
20221211,1.5000,1.5000,1.5000,1.5000,0
20221212,1.5000,1.5000,1.5000,1.5000,0
20221213,1.5000,1.5000,1.5000,1.5000,0
20221214,1.5000,1.5000,1.5000,1.5000,0
20221215,1.5000,1.5000,1.5000,1.5000,0
20221216,1.5000,1.5000,1.5000,1.5000,0
20221217,1.5000,1.5000,1.5000,1.5000,0
20221218,1.5000,1.5000,1.5000,1.5000,0
20221219,1.5000,1.5000,1.5000,1.5000,0
20221220,1.5000,1.5000,1.5000,1.5000,0
20221221,2.0000,2.0000,2.0000,2.0000,0
20221222,2.0000,2.0000,2.0000,2.0000,0
20221223,2.0000,2.0000,2.0000,2.0000,0
20221224,2.0000,2.0000,2.0000,2.0000,0
20221225,2.0000,2.0000,2.0000,2.0000,0
20221226,2.0000,2.0000,2.0000,2.0000,0
20221227,2.0000,2.0000,2.0000,2.0000,0
20221228,2.0000,2.0000,2.0000,2.0000,0
20221229,2.0000,2.0000,2.0000,2.0000,0
20221230,2.0000,2.0000,2.0000,2.0000,0
20221231,2.0000,2.0000,2.0000,2.0000,0
20230101,2.0000,2.0000,2.0000,2.0000,0
20230102,2.0000,2.0000,2.0000,2.0000,0
20230103,2.0000,2.0000,2.0000,2.0000,0
20230104,2.0000,2.0000,2.0000,2.0000,0
20230105,2.0000,2.0000,2.0000,2.0000,0
20230106,2.0000,2.0000,2.0000,2.0000,0
20230107,2.0000,2.0000,2.0000,2.0000,0
20230108,2.0000,2.0000,2.0000,2.0000,0
20230109,2.0000,2.0000,2.0000,2.0000,0
20230110,2.0000,2.0000,2.0000,2.0000,0
20230111,2.0000,2.0000,2.0000,2.0000,0
20230112,2.0000,2.0000,2.0000,2.0000,0
20230113,2.0000,2.0000,2.0000,2.0000,0
20230114,2.0000,2.0000,2.0000,2.0000,0
20230115,2.0000,2.0000,2.0000,2.0000,0
20230116,2.0000,2.0000,2.0000,2.0000,0
20230117,2.0000,2.0000,2.0000,2.0000,0
20230118,2.0000,2.0000,2.0000,2.0000,0
20230119,2.0000,2.0000,2.0000,2.0000,0
20230120,2.0000,2.0000,2.0000,2.0000,0
20230121,2.0000,2.0000,2.0000,2.0000,0
20230122,2.0000,2.0000,2.0000,2.0000,0
20230123,2.0000,2.0000,2.0000,2.0000,0
20230124,2.0000,2.0000,2.0000,2.0000,0
20230125,2.0000,2.0000,2.0000,2.0000,0
20230126,2.0000,2.0000,2.0000,2.0000,0
20230127,2.0000,2.0000,2.0000,2.0000,0
20230128,2.0000,2.0000,2.0000,2.0000,0
20230129,2.0000,2.0000,2.0000,2.0000,0
20230130,2.0000,2.0000,2.0000,2.0000,0
20230131,2.0000,2.0000,2.0000,2.0000,0
20230201,2.0000,2.0000,2.0000,2.0000,0
20230202,2.0000,2.0000,2.0000,2.0000,0
20230203,2.0000,2.0000,2.0000,2.0000,0
20230204,2.0000,2.0000,2.0000,2.0000,0
20230205,2.0000,2.0000,2.0000,2.0000,0
20230206,2.0000,2.0000,2.0000,2.0000,0
20230207,2.0000,2.0000,2.0000,2.0000,0
20230208,2.5000,2.5000,2.5000,2.5000,0
20230209,2.5000,2.5000,2.5000,2.5000,0
20230210,2.5000,2.5000,2.5000,2.5000,0
20230211,2.5000,2.5000,2.5000,2.5000,0
20230212,2.5000,2.5000,2.5000,2.5000,0
20230213,2.5000,2.5000,2.5000,2.5000,0
20230214,2.5000,2.5000,2.5000,2.5000,0
20230215,2.5000,2.5000,2.5000,2.5000,0
20230216,2.5000,2.5000,2.5000,2.5000,0
20230217,2.5000,2.5000,2.5000,2.5000,0
20230218,2.5000,2.5000,2.5000,2.5000,0
20230219,2.5000,2.5000,2.5000,2.5000,0
20230220,2.5000,2.5000,2.5000,2.5000,0
20230221,2.5000,2.5000,2.5000,2.5000,0
20230222,2.5000,2.5000,2.5000,2.5000,0
20230223,2.5000,2.5000,2.5000,2.5000,0
20230224,2.5000,2.5000,2.5000,2.5000,0
20230225,2.5000,2.5000,2.5000,2.5000,0
20230226,2.5000,2.5000,2.5000,2.5000,0
20230227,2.5000,2.5000,2.5000,2.5000,0
20230228,2.5000,2.5000,2.5000,2.5000,0
20230301,2.5000,2.5000,2.5000,2.5000,0
20230302,2.5000,2.5000,2.5000,2.5000,0
20230303,2.5000,2.5000,2.5000,2.5000,0
20230304,2.5000,2.5000,2.5000,2.5000,0
20230305,2.5000,2.5000,2.5000,2.5000,0
20230306,2.5000,2.5000,2.5000,2.5000,0
20230307,2.5000,2.5000,2.5000,2.5000,0
20230308,2.5000,2.5000,2.5000,2.5000,0
20230309,2.5000,2.5000,2.5000,2.5000,0
20230310,2.5000,2.5000,2.5000,2.5000,0
20230311,2.5000,2.5000,2.5000,2.5000,0
20230312,2.5000,2.5000,2.5000,2.5000,0
20230313,2.5000,2.5000,2.5000,2.5000,0
20230314,2.5000,2.5000,2.5000,2.5000,0
20230315,2.5000,2.5000,2.5000,2.5000,0
20230316,2.5000,2.5000,2.5000,2.5000,0
20230317,2.5000,2.5000,2.5000,2.5000,0
20230318,2.5000,2.5000,2.5000,2.5000,0
20230319,2.5000,2.5000,2.5000,2.5000,0
20230320,2.5000,2.5000,2.5000,2.5000,0
20230321,2.5000,2.5000,2.5000,2.5000,0
20230322,3.0000,3.0000,3.0000,3.0000,0
20230323,3.0000,3.0000,3.0000,3.0000,0
20230324,3.0000,3.0000,3.0000,3.0000,0
20230325,3.0000,3.0000,3.0000,3.0000,0
20230326,3.0000,3.0000,3.0000,3.0000,0
20230327,3.0000,3.0000,3.0000,3.0000,0
20230328,3.0000,3.0000,3.0000,3.0000,0
20230329,3.0000,3.0000,3.0000,3.0000,0
20230330,3.0000,3.0000,3.0000,3.0000,0
20230331,3.0000,3.0000,3.0000,3.0000,0
20230401,3.0000,3.0000,3.0000,3.0000,0
20230402,3.0000,3.0000,3.0000,3.0000,0
20230403,3.0000,3.0000,3.0000,3.0000,0
20230404,3.0000,3.0000,3.0000,3.0000,0
20230405,3.0000,3.0000,3.0000,3.0000,0
20230406,3.0000,3.0000,3.0000,3.0000,0
20230407,3.0000,3.0000,3.0000,3.0000,0
20230408,3.0000,3.0000,3.0000,3.0000,0
20230409,3.0000,3.0000,3.0000,3.0000,0
20230410,3.0000,3.0000,3.0000,3.0000,0
20230411,3.0000,3.0000,3.0000,3.0000,0
20230412,3.0000,3.0000,3.0000,3.0000,0
20230413,3.0000,3.0000,3.0000,3.0000,0
20230414,3.0000,3.0000,3.0000,3.0000,0
20230415,3.0000,3.0000,3.0000,3.0000,0
20230416,3.0000,3.0000,3.0000,3.0000,0
20230417,3.0000,3.0000,3.0000,3.0000,0
20230418,3.0000,3.0000,3.0000,3.0000,0
20230419,3.0000,3.0000,3.0000,3.0000,0
20230420,3.0000,3.0000,3.0000,3.0000,0
20230421,3.0000,3.0000,3.0000,3.0000,0
20230422,3.0000,3.0000,3.0000,3.0000,0
20230423,3.0000,3.0000,3.0000,3.0000,0
20230424,3.0000,3.0000,3.0000,3.0000,0
20230425,3.0000,3.0000,3.0000,3.0000,0
20230426,3.0000,3.0000,3.0000,3.0000,0
20230427,3.0000,3.0000,3.0000,3.0000,0
20230428,3.0000,3.0000,3.0000,3.0000,0
20230429,3.0000,3.0000,3.0000,3.0000,0
20230430,3.0000,3.0000,3.0000,3.0000,0
20230501,3.0000,3.0000,3.0000,3.0000,0
20230502,3.0000,3.0000,3.0000,3.0000,0
20230503,3.0000,3.0000,3.0000,3.0000,0
20230504,3.0000,3.0000,3.0000,3.0000,0
20230505,3.0000,3.0000,3.0000,3.0000,0
20230506,3.0000,3.0000,3.0000,3.0000,0
20230507,3.0000,3.0000,3.0000,3.0000,0
20230508,3.0000,3.0000,3.0000,3.0000,0
20230509,3.0000,3.0000,3.0000,3.0000,0
20230510,3.2500,3.2500,3.2500,3.2500,0
20230511,3.2500,3.2500,3.2500,3.2500,0
20230512,3.2500,3.2500,3.2500,3.2500,0
20230513,3.2500,3.2500,3.2500,3.2500,0
20230514,3.2500,3.2500,3.2500,3.2500,0
20230515,3.2500,3.2500,3.2500,3.2500,0
20230516,3.2500,3.2500,3.2500,3.2500,0
20230517,3.2500,3.2500,3.2500,3.2500,0
20230518,3.2500,3.2500,3.2500,3.2500,0
20230519,3.2500,3.2500,3.2500,3.2500,0
20230520,3.2500,3.2500,3.2500,3.2500,0
20230521,3.2500,3.2500,3.2500,3.2500,0
20230522,3.2500,3.2500,3.2500,3.2500,0
20230523,3.2500,3.2500,3.2500,3.2500,0
20230524,3.2500,3.2500,3.2500,3.2500,0
20230525,3.2500,3.2500,3.2500,3.2500,0
20230526,3.2500,3.2500,3.2500,3.2500,0
20230527,3.2500,3.2500,3.2500,3.2500,0
20230528,3.2500,3.2500,3.2500,3.2500,0
20230529,3.2500,3.2500,3.2500,3.2500,0
20230530,3.2500,3.2500,3.2500,3.2500,0
20230531,3.2500,3.2500,3.2500,3.2500,0
20230601,3.2500,3.2500,3.2500,3.2500,0
20230602,3.2500,3.2500,3.2500,3.2500,0
20230603,3.2500,3.2500,3.2500,3.2500,0
20230604,3.2500,3.2500,3.2500,3.2500,0
20230605,3.2500,3.2500,3.2500,3.2500,0
20230606,3.2500,3.2500,3.2500,3.2500,0
20230607,3.2500,3.2500,3.2500,3.2500,0
20230608,3.2500,3.2500,3.2500,3.2500,0
20230609,3.2500,3.2500,3.2500,3.2500,0
20230610,3.2500,3.2500,3.2500,3.2500,0
20230611,3.2500,3.2500,3.2500,3.2500,0
20230612,3.2500,3.2500,3.2500,3.2500,0
20230613,3.2500,3.2500,3.2500,3.2500,0
20230614,3.2500,3.2500,3.2500,3.2500,0
20230615,3.2500,3.2500,3.2500,3.2500,0
20230616,3.2500,3.2500,3.2500,3.2500,0
20230617,3.2500,3.2500,3.2500,3.2500,0
20230618,3.2500,3.2500,3.2500,3.2500,0
20230619,3.2500,3.2500,3.2500,3.2500,0
20230620,3.2500,3.2500,3.2500,3.2500,0
20230621,3.5000,3.5000,3.5000,3.5000,0
20230622,3.5000,3.5000,3.5000,3.5000,0
20230623,3.5000,3.5000,3.5000,3.5000,0
20230624,3.5000,3.5000,3.5000,3.5000,0
20230625,3.5000,3.5000,3.5000,3.5000,0
20230626,3.5000,3.5000,3.5000,3.5000,0
20230627,3.5000,3.5000,3.5000,3.5000,0
20230628,3.5000,3.5000,3.5000,3.5000,0
20230629,3.5000,3.5000,3.5000,3.5000,0
20230630,3.5000,3.5000,3.5000,3.5000,0
20230701,3.5000,3.5000,3.5000,3.5000,0
20230702,3.5000,3.5000,3.5000,3.5000,0
20230703,3.5000,3.5000,3.5000,3.5000,0
20230704,3.5000,3.5000,3.5000,3.5000,0
20230705,3.5000,3.5000,3.5000,3.5000,0
20230706,3.5000,3.5000,3.5000,3.5000,0
20230707,3.5000,3.5000,3.5000,3.5000,0
20230708,3.5000,3.5000,3.5000,3.5000,0
20230709,3.5000,3.5000,3.5000,3.5000,0
20230710,3.5000,3.5000,3.5000,3.5000,0
20230711,3.5000,3.5000,3.5000,3.5000,0
20230712,3.5000,3.5000,3.5000,3.5000,0
20230713,3.5000,3.5000,3.5000,3.5000,0
20230714,3.5000,3.5000,3.5000,3.5000,0
20230715,3.5000,3.5000,3.5000,3.5000,0
20230716,3.5000,3.5000,3.5000,3.5000,0
20230717,3.5000,3.5000,3.5000,3.5000,0
20230718,3.5000,3.5000,3.5000,3.5000,0
20230719,3.5000,3.5000,3.5000,3.5000,0
20230720,3.5000,3.5000,3.5000,3.5000,0
20230721,3.5000,3.5000,3.5000,3.5000,0
20230722,3.5000,3.5000,3.5000,3.5000,0
20230723,3.5000,3.5000,3.5000,3.5000,0
20230724,3.5000,3.5000,3.5000,3.5000,0
20230725,3.5000,3.5000,3.5000,3.5000,0
20230726,3.5000,3.5000,3.5000,3.5000,0
20230727,3.5000,3.5000,3.5000,3.5000,0
20230728,3.5000,3.5000,3.5000,3.5000,0
20230729,3.5000,3.5000,3.5000,3.5000,0
20230730,3.5000,3.5000,3.5000,3.5000,0
20230731,3.5000,3.5000,3.5000,3.5000,0
20230801,3.5000,3.5000,3.5000,3.5000,0
20230802,3.7500,3.7500,3.7500,3.7500,0
20230803,3.7500,3.7500,3.7500,3.7500,0
20230804,3.7500,3.7500,3.7500,3.7500,0
20230805,3.7500,3.7500,3.7500,3.7500,0
20230806,3.7500,3.7500,3.7500,3.7500,0
20230807,3.7500,3.7500,3.7500,3.7500,0
20230808,3.7500,3.7500,3.7500,3.7500,0
20230809,3.7500,3.7500,3.7500,3.7500,0
20230810,3.7500,3.7500,3.7500,3.7500,0
20230811,3.7500,3.7500,3.7500,3.7500,0
20230812,3.7500,3.7500,3.7500,3.7500,0
20230813,3.7500,3.7500,3.7500,3.7500,0
20230814,3.7500,3.7500,3.7500,3.7500,0
20230815,3.7500,3.7500,3.7500,3.7500,0
20230816,3.7500,3.7500,3.7500,3.7500,0
20230817,3.7500,3.7500,3.7500,3.7500,0
20230818,3.7500,3.7500,3.7500,3.7500,0
20230819,3.7500,3.7500,3.7500,3.7500,0
20230820,3.7500,3.7500,3.7500,3.7500,0
20230821,3.7500,3.7500,3.7500,3.7500,0
20230822,3.7500,3.7500,3.7500,3.7500,0
20230823,3.7500,3.7500,3.7500,3.7500,0
20230824,3.7500,3.7500,3.7500,3.7500,0
20230825,3.7500,3.7500,3.7500,3.7500,0
20230826,3.7500,3.7500,3.7500,3.7500,0
20230827,3.7500,3.7500,3.7500,3.7500,0
20230828,3.7500,3.7500,3.7500,3.7500,0
20230829,3.7500,3.7500,3.7500,3.7500,0
20230830,3.7500,3.7500,3.7500,3.7500,0
20230831,3.7500,3.7500,3.7500,3.7500,0
20230901,3.7500,3.7500,3.7500,3.7500,0
20230902,3.7500,3.7500,3.7500,3.7500,0
20230903,3.7500,3.7500,3.7500,3.7500,0
20230904,3.7500,3.7500,3.7500,3.7500,0
20230905,3.7500,3.7500,3.7500,3.7500,0
20230906,3.7500,3.7500,3.7500,3.7500,0
20230907,3.7500,3.7500,3.7500,3.7500,0
20230908,3.7500,3.7500,3.7500,3.7500,0
20230909,3.7500,3.7500,3.7500,3.7500,0
20230910,3.7500,3.7500,3.7500,3.7500,0
20230911,3.7500,3.7500,3.7500,3.7500,0
20230912,3.7500,3.7500,3.7500,3.7500,0
20230913,3.7500,3.7500,3.7500,3.7500,0
20230914,3.7500,3.7500,3.7500,3.7500,0
20230915,3.7500,3.7500,3.7500,3.7500,0
20230916,3.7500,3.7500,3.7500,3.7500,0
20230917,3.7500,3.7500,3.7500,3.7500,0
20230918,3.7500,3.7500,3.7500,3.7500,0
20230919,3.7500,3.7500,3.7500,3.7500,0
20230920,4.0000,4.0000,4.0000,4.0000,0
20230921,4.0000,4.0000,4.0000,4.0000,0
20230922,4.0000,4.0000,4.0000,4.0000,0
20230923,4.0000,4.0000,4.0000,4.0000,0
20230924,4.0000,4.0000,4.0000,4.0000,0
20230925,4.0000,4.0000,4.0000,4.0000,0
20230926,4.0000,4.0000,4.0000,4.0000,0
20230927,4.0000,4.0000,4.0000,4.0000,0
20230928,4.0000,4.0000,4.0000,4.0000,0
20230929,4.0000,4.0000,4.0000,4.0000,0
20230930,4.0000,4.0000,4.0000,4.0000,0
20231001,4.0000,4.0000,4.0000,4.0000,0
20231002,4.0000,4.0000,4.0000,4.0000,0
20231003,4.0000,4.0000,4.0000,4.0000,0
20231004,4.0000,4.0000,4.0000,4.0000,0
20231005,4.0000,4.0000,4.0000,4.0000,0
20231006,4.0000,4.0000,4.0000,4.0000,0
20231007,4.0000,4.0000,4.0000,4.0000,0
20231008,4.0000,4.0000,4.0000,4.0000,0
20231009,4.0000,4.0000,4.0000,4.0000,0
20231010,4.0000,4.0000,4.0000,4.0000,0
20231011,4.0000,4.0000,4.0000,4.0000,0
20231012,4.0000,4.0000,4.0000,4.0000,0
20231013,4.0000,4.0000,4.0000,4.0000,0
20231014,4.0000,4.0000,4.0000,4.0000,0
20231015,4.0000,4.0000,4.0000,4.0000,0
20231016,4.0000,4.0000,4.0000,4.0000,0
20231017,4.0000,4.0000,4.0000,4.0000,0
20231018,4.0000,4.0000,4.0000,4.0000,0
20231019,4.0000,4.0000,4.0000,4.0000,0
20231020,4.0000,4.0000,4.0000,4.0000,0
20231021,4.0000,4.0000,4.0000,4.0000,0
20231022,4.0000,4.0000,4.0000,4.0000,0
20231023,4.0000,4.0000,4.0000,4.0000,0
20231024,4.0000,4.0000,4.0000,4.0000,0
20231025,4.0000,4.0000,4.0000,4.0000,0
20231026,4.0000,4.0000,4.0000,4.0000,0
20231027,4.0000,4.0000,4.0000,4.0000,0
20231028,4.0000,4.0000,4.0000,4.0000,0
20231029,4.0000,4.0000,4.0000,4.0000,0
20231030,4.0000,4.0000,4.0000,4.0000,0
20231031,4.0000,4.0000,4.0000,4.0000,0
20231101,4.0000,4.0000,4.0000,4.0000,0
20231102,4.0000,4.0000,4.0000,4.0000,0
20231103,4.0000,4.0000,4.0000,4.0000,0
20231104,4.0000,4.0000,4.0000,4.0000,0
20231105,4.0000,4.0000,4.0000,4.0000,0
20231106,4.0000,4.0000,4.0000,4.0000,0
20231107,4.0000,4.0000,4.0000,4.0000,0
20231108,4.0000,4.0000,4.0000,4.0000,0
20231109,4.0000,4.0000,4.0000,4.0000,0
20231110,4.0000,4.0000,4.0000,4.0000,0
20231111,4.0000,4.0000,4.0000,4.0000,0
20231112,4.0000,4.0000,4.0000,4.0000,0
20231113,4.0000,4.0000,4.0000,4.0000,0
20231114,4.0000,4.0000,4.0000,4.0000,0
20231115,4.0000,4.0000,4.0000,4.0000,0
20231116,4.0000,4.0000,4.0000,4.0000,0
20231117,4.0000,4.0000,4.0000,4.0000,0
20231118,4.0000,4.0000,4.0000,4.0000,0
20231119,4.0000,4.0000,4.0000,4.0000,0
20231120,4.0000,4.0000,4.0000,4.0000,0
20231121,4.0000,4.0000,4.0000,4.0000,0
20231122,4.0000,4.0000,4.0000,4.0000,0
20231123,4.0000,4.0000,4.0000,4.0000,0
20231124,4.0000,4.0000,4.0000,4.0000,0
20231125,4.0000,4.0000,4.0000,4.0000,0
20231126,4.0000,4.0000,4.0000,4.0000,0
20231127,4.0000,4.0000,4.0000,4.0000,0
20231128,4.0000,4.0000,4.0000,4.0000,0
20231129,4.0000,4.0000,4.0000,4.0000,0
20231130,4.0000,4.0000,4.0000,4.0000,0
20231201,4.0000,4.0000,4.0000,4.0000,0
20231202,4.0000,4.0000,4.0000,4.0000,0
20231203,4.0000,4.0000,4.0000,4.0000,0
20231204,4.0000,4.0000,4.0000,4.0000,0
20231205,4.0000,4.0000,4.0000,4.0000,0
20231206,4.0000,4.0000,4.0000,4.0000,0
20231207,4.0000,4.0000,4.0000,4.0000,0
20231208,4.0000,4.0000,4.0000,4.0000,0
20231209,4.0000,4.0000,4.0000,4.0000,0
20231210,4.0000,4.0000,4.0000,4.0000,0
20231211,4.0000,4.0000,4.0000,4.0000,0
20231212,4.0000,4.0000,4.0000,4.0000,0
20231213,4.0000,4.0000,4.0000,4.0000,0
20231214,4.0000,4.0000,4.0000,4.0000,0
20231215,4.0000,4.0000,4.0000,4.0000,0
20231216,4.0000,4.0000,4.0000,4.0000,0
20231217,4.0000,4.0000,4.0000,4.0000,0
20231218,4.0000,4.0000,4.0000,4.0000,0
20231219,4.0000,4.0000,4.0000,4.0000,0
20231220,4.0000,4.0000,4.0000,4.0000,0
20231221,4.0000,4.0000,4.0000,4.0000,0
20231222,4.0000,4.0000,4.0000,4.0000,0
20231223,4.0000,4.0000,4.0000,4.0000,0
20231224,4.0000,4.0000,4.0000,4.0000,0
20231225,4.0000,4.0000,4.0000,4.0000,0
20231226,4.0000,4.0000,4.0000,4.0000,0
20231227,4.0000,4.0000,4.0000,4.0000,0
20231228,4.0000,4.0000,4.0000,4.0000,0
20231229,4.0000,4.0000,4.0000,4.0000,0
20231230,4.0000,4.0000,4.0000,4.0000,0
20231231,4.0000,4.0000,4.0000,4.0000,0
20240101,4.0000,4.0000,4.0000,4.0000,0
20240102,4.0000,4.0000,4.0000,4.0000,0
20240103,4.0000,4.0000,4.0000,4.0000,0
20240104,4.0000,4.0000,4.0000,4.0000,0
20240105,4.0000,4.0000,4.0000,4.0000,0
20240106,4.0000,4.0000,4.0000,4.0000,0
20240107,4.0000,4.0000,4.0000,4.0000,0
20240108,4.0000,4.0000,4.0000,4.0000,0
20240109,4.0000,4.0000,4.0000,4.0000,0
20240110,4.0000,4.0000,4.0000,4.0000,0
20240111,4.0000,4.0000,4.0000,4.0000,0
20240112,4.0000,4.0000,4.0000,4.0000,0
20240113,4.0000,4.0000,4.0000,4.0000,0
20240114,4.0000,4.0000,4.0000,4.0000,0
20240115,4.0000,4.0000,4.0000,4.0000,0
20240116,4.0000,4.0000,4.0000,4.0000,0
20240117,4.0000,4.0000,4.0000,4.0000,0
20240118,4.0000,4.0000,4.0000,4.0000,0
20240119,4.0000,4.0000,4.0000,4.0000,0
20240120,4.0000,4.0000,4.0000,4.0000,0
20240121,4.0000,4.0000,4.0000,4.0000,0
20240122,4.0000,4.0000,4.0000,4.0000,0
20240123,4.0000,4.0000,4.0000,4.0000,0
20240124,4.0000,4.0000,4.0000,4.0000,0
20240125,4.0000,4.0000,4.0000,4.0000,0
20240126,4.0000,4.0000,4.0000,4.0000,0
20240127,4.0000,4.0000,4.0000,4.0000,0
20240128,4.0000,4.0000,4.0000,4.0000,0
20240129,4.0000,4.0000,4.0000,4.0000,0
20240130,4.0000,4.0000,4.0000,4.0000,0
20240131,4.0000,4.0000,4.0000,4.0000,0
20240201,4.0000,4.0000,4.0000,4.0000,0
20240202,4.0000,4.0000,4.0000,4.0000,0
20240203,4.0000,4.0000,4.0000,4.0000,0
20240204,4.0000,4.0000,4.0000,4.0000,0
20240205,4.0000,4.0000,4.0000,4.0000,0
20240206,4.0000,4.0000,4.0000,4.0000,0
20240207,4.0000,4.0000,4.0000,4.0000,0
20240208,4.0000,4.0000,4.0000,4.0000,0
20240209,4.0000,4.0000,4.0000,4.0000,0
20240210,4.0000,4.0000,4.0000,4.0000,0
20240211,4.0000,4.0000,4.0000,4.0000,0
20240212,4.0000,4.0000,4.0000,4.0000,0
20240213,4.0000,4.0000,4.0000,4.0000,0
20240214,4.0000,4.0000,4.0000,4.0000,0
20240215,4.0000,4.0000,4.0000,4.0000,0
20240216,4.0000,4.0000,4.0000,4.0000,0
20240217,4.0000,4.0000,4.0000,4.0000,0
20240218,4.0000,4.0000,4.0000,4.0000,0
20240219,4.0000,4.0000,4.0000,4.0000,0
20240220,4.0000,4.0000,4.0000,4.0000,0
20240221,4.0000,4.0000,4.0000,4.0000,0
20240222,4.0000,4.0000,4.0000,4.0000,0
20240223,4.0000,4.0000,4.0000,4.0000,0
20240224,4.0000,4.0000,4.0000,4.0000,0
20240225,4.0000,4.0000,4.0000,4.0000,0
20240226,4.0000,4.0000,4.0000,4.0000,0
20240227,4.0000,4.0000,4.0000,4.0000,0
20240228,4.0000,4.0000,4.0000,4.0000,0
20240229,4.0000,4.0000,4.0000,4.0000,0
20240301,4.0000,4.0000,4.0000,4.0000,0
20240302,4.0000,4.0000,4.0000,4.0000,0
20240303,4.0000,4.0000,4.0000,4.0000,0
20240304,4.0000,4.0000,4.0000,4.0000,0
20240305,4.0000,4.0000,4.0000,4.0000,0
20240306,4.0000,4.0000,4.0000,4.0000,0
20240307,4.0000,4.0000,4.0000,4.0000,0
20240308,4.0000,4.0000,4.0000,4.0000,0
20240309,4.0000,4.0000,4.0000,4.0000,0
20240310,4.0000,4.0000,4.0000,4.0000,0
20240311,4.0000,4.0000,4.0000,4.0000,0
20240312,4.0000,4.0000,4.0000,4.0000,0
20240313,4.0000,4.0000,4.0000,4.0000,0
20240314,4.0000,4.0000,4.0000,4.0000,0
20240315,4.0000,4.0000,4.0000,4.0000,0
20240316,4.0000,4.0000,4.0000,4.0000,0
20240317,4.0000,4.0000,4.0000,4.0000,0
20240318,4.0000,4.0000,4.0000,4.0000,0
20240319,4.0000,4.0000,4.0000,4.0000,0
20240320,4.0000,4.0000,4.0000,4.0000,0
20240321,4.0000,4.0000,4.0000,4.0000,0
20240322,4.0000,4.0000,4.0000,4.0000,0
20240323,4.0000,4.0000,4.0000,4.0000,0
20240324,4.0000,4.0000,4.0000,4.0000,0
20240325,4.0000,4.0000,4.0000,4.0000,0
20240326,4.0000,4.0000,4.0000,4.0000,0
20240327,4.0000,4.0000,4.0000,4.0000,0
20240328,4.0000,4.0000,4.0000,4.0000,0
20240329,4.0000,4.0000,4.0000,4.0000,0
20240330,4.0000,4.0000,4.0000,4.0000,0
20240331,4.0000,4.0000,4.0000,4.0000,0
20240401,4.0000,4.0000,4.0000,4.0000,0
20240402,4.0000,4.0000,4.0000,4.0000,0
20240403,4.0000,4.0000,4.0000,4.0000,0
20240404,4.0000,4.0000,4.0000,4.0000,0
20240405,4.0000,4.0000,4.0000,4.0000,0
20240406,4.0000,4.0000,4.0000,4.0000,0
20240407,4.0000,4.0000,4.0000,4.0000,0
20240408,4.0000,4.0000,4.0000,4.0000,0
20240409,4.0000,4.0000,4.0000,4.0000,0
20240410,4.0000,4.0000,4.0000,4.0000,0
20240411,4.0000,4.0000,4.0000,4.0000,0
20240412,4.0000,4.0000,4.0000,4.0000,0
20240413,4.0000,4.0000,4.0000,4.0000,0
20240414,4.0000,4.0000,4.0000,4.0000,0
20240415,4.0000,4.0000,4.0000,4.0000,0
20240416,4.0000,4.0000,4.0000,4.0000,0
20240417,4.0000,4.0000,4.0000,4.0000,0
20240418,4.0000,4.0000,4.0000,4.0000,0
20240419,4.0000,4.0000,4.0000,4.0000,0
20240420,4.0000,4.0000,4.0000,4.0000,0
20240421,4.0000,4.0000,4.0000,4.0000,0
20240422,4.0000,4.0000,4.0000,4.0000,0
20240423,4.0000,4.0000,4.0000,4.0000,0
20240424,4.0000,4.0000,4.0000,4.0000,0
20240425,4.0000,4.0000,4.0000,4.0000,0
20240426,4.0000,4.0000,4.0000,4.0000,0
20240427,4.0000,4.0000,4.0000,4.0000,0
20240428,4.0000,4.0000,4.0000,4.0000,0
20240429,4.0000,4.0000,4.0000,4.0000,0
20240430,4.0000,4.0000,4.0000,4.0000,0
20240501,4.0000,4.0000,4.0000,4.0000,0
20240502,4.0000,4.0000,4.0000,4.0000,0
20240503,4.0000,4.0000,4.0000,4.0000,0
20240504,4.0000,4.0000,4.0000,4.0000,0
20240505,4.0000,4.0000,4.0000,4.0000,0
20240506,4.0000,4.0000,4.0000,4.0000,0
20240507,4.0000,4.0000,4.0000,4.0000,0
20240508,4.0000,4.0000,4.0000,4.0000,0
20240509,4.0000,4.0000,4.0000,4.0000,0
20240510,4.0000,4.0000,4.0000,4.0000,0
20240511,4.0000,4.0000,4.0000,4.0000,0
20240512,4.0000,4.0000,4.0000,4.0000,0
20240513,4.0000,4.0000,4.0000,4.0000,0
20240514,4.0000,4.0000,4.0000,4.0000,0
20240515,4.0000,4.0000,4.0000,4.0000,0
20240516,4.0000,4.0000,4.0000,4.0000,0
20240517,4.0000,4.0000,4.0000,4.0000,0
20240518,4.0000,4.0000,4.0000,4.0000,0
20240519,4.0000,4.0000,4.0000,4.0000,0
20240520,4.0000,4.0000,4.0000,4.0000,0
20240521,4.0000,4.0000,4.0000,4.0000,0
20240522,4.0000,4.0000,4.0000,4.0000,0
20240523,4.0000,4.0000,4.0000,4.0000,0
20240524,4.0000,4.0000,4.0000,4.0000,0
20240525,4.0000,4.0000,4.0000,4.0000,0
20240526,4.0000,4.0000,4.0000,4.0000,0
20240527,4.0000,4.0000,4.0000,4.0000,0
20240528,4.0000,4.0000,4.0000,4.0000,0
20240529,4.0000,4.0000,4.0000,4.0000,0
20240530,4.0000,4.0000,4.0000,4.0000,0
20240531,4.0000,4.0000,4.0000,4.0000,0
20240601,4.0000,4.0000,4.0000,4.0000,0
20240602,4.0000,4.0000,4.0000,4.0000,0
20240603,4.0000,4.0000,4.0000,4.0000,0
20240604,4.0000,4.0000,4.0000,4.0000,0
20240605,4.0000,4.0000,4.0000,4.0000,0
20240606,4.0000,4.0000,4.0000,4.0000,0
20240607,4.0000,4.0000,4.0000,4.0000,0
20240608,4.0000,4.0000,4.0000,4.0000,0
20240609,4.0000,4.0000,4.0000,4.0000,0
20240610,4.0000,4.0000,4.0000,4.0000,0
20240611,4.0000,4.0000,4.0000,4.0000,0
20240612,3.7500,3.7500,3.7500,3.7500,0
20240613,3.7500,3.7500,3.7500,3.7500,0
20240614,3.7500,3.7500,3.7500,3.7500,0
20240615,3.7500,3.7500,3.7500,3.7500,0
20240616,3.7500,3.7500,3.7500,3.7500,0
20240617,3.7500,3.7500,3.7500,3.7500,0
20240618,3.7500,3.7500,3.7500,3.7500,0
20240619,3.7500,3.7500,3.7500,3.7500,0
20240620,3.7500,3.7500,3.7500,3.7500,0
20240621,3.7500,3.7500,3.7500,3.7500,0
20240622,3.7500,3.7500,3.7500,3.7500,0
20240623,3.7500,3.7500,3.7500,3.7500,0
20240624,3.7500,3.7500,3.7500,3.7500,0
20240625,3.7500,3.7500,3.7500,3.7500,0
20240626,3.7500,3.7500,3.7500,3.7500,0
20240627,3.7500,3.7500,3.7500,3.7500,0
20240628,3.7500,3.7500,3.7500,3.7500,0
20240629,3.7500,3.7500,3.7500,3.7500,0
20240630,3.7500,3.7500,3.7500,3.7500,0
20240701,3.7500,3.7500,3.7500,3.7500,0
20240702,3.7500,3.7500,3.7500,3.7500,0
20240703,3.7500,3.7500,3.7500,3.7500,0
20240704,3.7500,3.7500,3.7500,3.7500,0
20240705,3.7500,3.7500,3.7500,3.7500,0
20240706,3.7500,3.7500,3.7500,3.7500,0
20240707,3.7500,3.7500,3.7500,3.7500,0
20240708,3.7500,3.7500,3.7500,3.7500,0
20240709,3.7500,3.7500,3.7500,3.7500,0
20240710,3.7500,3.7500,3.7500,3.7500,0
20240711,3.7500,3.7500,3.7500,3.7500,0
20240712,3.7500,3.7500,3.7500,3.7500,0
20240713,3.7500,3.7500,3.7500,3.7500,0
20240714,3.7500,3.7500,3.7500,3.7500,0
20240715,3.7500,3.7500,3.7500,3.7500,0
20240716,3.7500,3.7500,3.7500,3.7500,0
20240717,3.7500,3.7500,3.7500,3.7500,0
20240718,3.7500,3.7500,3.7500,3.7500,0
20240719,3.7500,3.7500,3.7500,3.7500,0
20240720,3.7500,3.7500,3.7500,3.7500,0
20240721,3.7500,3.7500,3.7500,3.7500,0
20240722,3.7500,3.7500,3.7500,3.7500,0
20240723,3.7500,3.7500,3.7500,3.7500,0
20240724,3.7500,3.7500,3.7500,3.7500,0
20240725,3.7500,3.7500,3.7500,3.7500,0
20240726,3.7500,3.7500,3.7500,3.7500,0
20240727,3.7500,3.7500,3.7500,3.7500,0
20240728,3.7500,3.7500,3.7500,3.7500,0
20240729,3.7500,3.7500,3.7500,3.7500,0
20240730,3.7500,3.7500,3.7500,3.7500,0
20240731,3.7500,3.7500,3.7500,3.7500,0
20240801,3.7500,3.7500,3.7500,3.7500,0
20240802,3.7500,3.7500,3.7500,3.7500,0
20240803,3.7500,3.7500,3.7500,3.7500,0
20240804,3.7500,3.7500,3.7500,3.7500,0
20240805,3.7500,3.7500,3.7500,3.7500,0
20240806,3.7500,3.7500,3.7500,3.7500,0
20240807,3.7500,3.7500,3.7500,3.7500,0
20240808,3.7500,3.7500,3.7500,3.7500,0
20240809,3.7500,3.7500,3.7500,3.7500,0
20240810,3.7500,3.7500,3.7500,3.7500,0
20240811,3.7500,3.7500,3.7500,3.7500,0
20240812,3.7500,3.7500,3.7500,3.7500,0
20240813,3.7500,3.7500,3.7500,3.7500,0
20240814,3.7500,3.7500,3.7500,3.7500,0
20240815,3.7500,3.7500,3.7500,3.7500,0
20240816,3.7500,3.7500,3.7500,3.7500,0
20240817,3.7500,3.7500,3.7500,3.7500,0
20240818,3.7500,3.7500,3.7500,3.7500,0
20240819,3.7500,3.7500,3.7500,3.7500,0
20240820,3.7500,3.7500,3.7500,3.7500,0
20240821,3.7500,3.7500,3.7500,3.7500,0
20240822,3.7500,3.7500,3.7500,3.7500,0
20240823,3.7500,3.7500,3.7500,3.7500,0
20240824,3.7500,3.7500,3.7500,3.7500,0
20240825,3.7500,3.7500,3.7500,3.7500,0
20240826,3.7500,3.7500,3.7500,3.7500,0
20240827,3.7500,3.7500,3.7500,3.7500,0
20240828,3.7500,3.7500,3.7500,3.7500,0
20240829,3.7500,3.7500,3.7500,3.7500,0
20240830,3.7500,3.7500,3.7500,3.7500,0
20240831,3.7500,3.7500,3.7500,3.7500,0
20240901,3.7500,3.7500,3.7500,3.7500,0
20240902,3.7500,3.7500,3.7500,3.7500,0
20240903,3.7500,3.7500,3.7500,3.7500,0
20240904,3.7500,3.7500,3.7500,3.7500,0
20240905,3.7500,3.7500,3.7500,3.7500,0
20240906,3.7500,3.7500,3.7500,3.7500,0
20240907,3.7500,3.7500,3.7500,3.7500,0
20240908,3.7500,3.7500,3.7500,3.7500,0
20240909,3.7500,3.7500,3.7500,3.7500,0
20240910,3.7500,3.7500,3.7500,3.7500,0
20240911,3.7500,3.7500,3.7500,3.7500,0
20240912,3.7500,3.7500,3.7500,3.7500,0
20240913,3.7500,3.7500,3.7500,3.7500,0
20240914,3.7500,3.7500,3.7500,3.7500,0
20240915,3.7500,3.7500,3.7500,3.7500,0
20240916,3.7500,3.7500,3.7500,3.7500,0
20240917,3.7500,3.7500,3.7500,3.7500,0
20240918,3.5000,3.5000,3.5000,3.5000,0
20240919,3.5000,3.5000,3.5000,3.5000,0
20240920,3.5000,3.5000,3.5000,3.5000,0
20240921,3.5000,3.5000,3.5000,3.5000,0
20240922,3.5000,3.5000,3.5000,3.5000,0
20240923,3.5000,3.5000,3.5000,3.5000,0
20240924,3.5000,3.5000,3.5000,3.5000,0
20240925,3.5000,3.5000,3.5000,3.5000,0
20240926,3.5000,3.5000,3.5000,3.5000,0
20240927,3.5000,3.5000,3.5000,3.5000,0
20240928,3.5000,3.5000,3.5000,3.5000,0
20240929,3.5000,3.5000,3.5000,3.5000,0
20240930,3.5000,3.5000,3.5000,3.5000,0
20241001,3.5000,3.5000,3.5000,3.5000,0
20241002,3.5000,3.5000,3.5000,3.5000,0
20241003,3.5000,3.5000,3.5000,3.5000,0
20241004,3.5000,3.5000,3.5000,3.5000,0
20241005,3.5000,3.5000,3.5000,3.5000,0
20241006,3.5000,3.5000,3.5000,3.5000,0
20241007,3.5000,3.5000,3.5000,3.5000,0
20241008,3.5000,3.5000,3.5000,3.5000,0
20241009,3.5000,3.5000,3.5000,3.5000,0
20241010,3.5000,3.5000,3.5000,3.5000,0
20241011,3.5000,3.5000,3.5000,3.5000,0
20241012,3.5000,3.5000,3.5000,3.5000,0
20241013,3.5000,3.5000,3.5000,3.5000,0
20241014,3.5000,3.5000,3.5000,3.5000,0
20241015,3.5000,3.5000,3.5000,3.5000,0
20241016,3.5000,3.5000,3.5000,3.5000,0
20241017,3.5000,3.5000,3.5000,3.5000,0
20241018,3.5000,3.5000,3.5000,3.5000,0
20241019,3.5000,3.5000,3.5000,3.5000,0
20241020,3.5000,3.5000,3.5000,3.5000,0
20241021,3.5000,3.5000,3.5000,3.5000,0
20241022,3.5000,3.5000,3.5000,3.5000,0
20241023,3.2500,3.2500,3.2500,3.2500,0
20241024,3.2500,3.2500,3.2500,3.2500,0
20241025,3.2500,3.2500,3.2500,3.2500,0
20241026,3.2500,3.2500,3.2500,3.2500,0
20241027,3.2500,3.2500,3.2500,3.2500,0
20241028,3.2500,3.2500,3.2500,3.2500,0
20241029,3.2500,3.2500,3.2500,3.2500,0
20241030,3.2500,3.2500,3.2500,3.2500,0
20241031,3.2500,3.2500,3.2500,3.2500,0
20241101,3.2500,3.2500,3.2500,3.2500,0
20241102,3.2500,3.2500,3.2500,3.2500,0
20241103,3.2500,3.2500,3.2500,3.2500,0
20241104,3.2500,3.2500,3.2500,3.2500,0
20241105,3.2500,3.2500,3.2500,3.2500,0
20241106,3.2500,3.2500,3.2500,3.2500,0
20241107,3.2500,3.2500,3.2500,3.2500,0
20241108,3.2500,3.2500,3.2500,3.2500,0
20241109,3.2500,3.2500,3.2500,3.2500,0
20241110,3.2500,3.2500,3.2500,3.2500,0
20241111,3.2500,3.2500,3.2500,3.2500,0
20241112,3.2500,3.2500,3.2500,3.2500,0
20241113,3.2500,3.2500,3.2500,3.2500,0
20241114,3.2500,3.2500,3.2500,3.2500,0
20241115,3.2500,3.2500,3.2500,3.2500,0
20241116,3.2500,3.2500,3.2500,3.2500,0
20241117,3.2500,3.2500,3.2500,3.2500,0
20241118,3.2500,3.2500,3.2500,3.2500,0
20241119,3.2500,3.2500,3.2500,3.2500,0
20241120,3.2500,3.2500,3.2500,3.2500,0
20241121,3.2500,3.2500,3.2500,3.2500,0
20241122,3.2500,3.2500,3.2500,3.2500,0
20241123,3.2500,3.2500,3.2500,3.2500,0
20241124,3.2500,3.2500,3.2500,3.2500,0
20241125,3.2500,3.2500,3.2500,3.2500,0
20241126,3.2500,3.2500,3.2500,3.2500,0
20241127,3.2500,3.2500,3.2500,3.2500,0
20241128,3.2500,3.2500,3.2500,3.2500,0
20241129,3.2500,3.2500,3.2500,3.2500,0
20241130,3.2500,3.2500,3.2500,3.2500,0
20241201,3.2500,3.2500,3.2500,3.2500,0
20241202,3.2500,3.2500,3.2500,3.2500,0
20241203,3.2500,3.2500,3.2500,3.2500,0
20241204,3.2500,3.2500,3.2500,3.2500,0
20241205,3.2500,3.2500,3.2500,3.2500,0
20241206,3.2500,3.2500,3.2500,3.2500,0
20241207,3.2500,3.2500,3.2500,3.2500,0
20241208,3.2500,3.2500,3.2500,3.2500,0
20241209,3.2500,3.2500,3.2500,3.2500,0
20241210,3.2500,3.2500,3.2500,3.2500,0
20241211,3.2500,3.2500,3.2500,3.2500,0
20241212,3.2500,3.2500,3.2500,3.2500,0
20241213,3.2500,3.2500,3.2500,3.2500,0
20241214,3.2500,3.2500,3.2500,3.2500,0
20241215,3.2500,3.2500,3.2500,3.2500,0
20241216,3.2500,3.2500,3.2500,3.2500,0
20241217,3.2500,3.2500,3.2500,3.2500,0
20241218,3.0000,3.0000,3.0000,3.0000,0
20241219,3.0000,3.0000,3.0000,3.0000,0
20241220,3.0000,3.0000,3.0000,3.0000,0
20241221,3.0000,3.0000,3.0000,3.0000,0
20241222,3.0000,3.0000,3.0000,3.0000,0
20241223,3.0000,3.0000,3.0000,3.0000,0
20241224,3.0000,3.0000,3.0000,3.0000,0
20241225,3.0000,3.0000,3.0000,3.0000,0
20241226,3.0000,3.0000,3.0000,3.0000,0
20241227,3.0000,3.0000,3.0000,3.0000,0
20241228,3.0000,3.0000,3.0000,3.0000,0
20241229,3.0000,3.0000,3.0000,3.0000,0
20241230,3.0000,3.0000,3.0000,3.0000,0
20241231,3.0000,3.0000,3.0000,3.0000,0
20250101,3.0000,3.0000,3.0000,3.0000,0
20250102,3.0000,3.0000,3.0000,3.0000,0
20250103,3.0000,3.0000,3.0000,3.0000,0
20250104,3.0000,3.0000,3.0000,3.0000,0
20250105,3.0000,3.0000,3.0000,3.0000,0
20250106,3.0000,3.0000,3.0000,3.0000,0
20250107,3.0000,3.0000,3.0000,3.0000,0
20250108,3.0000,3.0000,3.0000,3.0000,0
20250109,3.0000,3.0000,3.0000,3.0000,0
20250110,3.0000,3.0000,3.0000,3.0000,0
20250111,3.0000,3.0000,3.0000,3.0000,0
20250112,3.0000,3.0000,3.0000,3.0000,0
20250113,3.0000,3.0000,3.0000,3.0000,0
20250114,3.0000,3.0000,3.0000,3.0000,0
20250115,3.0000,3.0000,3.0000,3.0000,0
20250116,3.0000,3.0000,3.0000,3.0000,0
20250117,3.0000,3.0000,3.0000,3.0000,0
20250118,3.0000,3.0000,3.0000,3.0000,0
20250119,3.0000,3.0000,3.0000,3.0000,0
20250120,3.0000,3.0000,3.0000,3.0000,0
20250121,3.0000,3.0000,3.0000,3.0000,0
20250122,3.0000,3.0000,3.0000,3.0000,0
20250123,3.0000,3.0000,3.0000,3.0000,0
20250124,3.0000,3.0000,3.0000,3.0000,0
20250125,3.0000,3.0000,3.0000,3.0000,0
20250126,3.0000,3.0000,3.0000,3.0000,0
20250127,3.0000,3.0000,3.0000,3.0000,0
20250128,3.0000,3.0000,3.0000,3.0000,0
20250129,3.0000,3.0000,3.0000,3.0000,0
20250130,3.0000,3.0000,3.0000,3.0000,0
20250131,3.0000,3.0000,3.0000,3.0000,0
20250201,3.0000,3.0000,3.0000,3.0000,0
20250202,3.0000,3.0000,3.0000,3.0000,0
20250203,3.0000,3.0000,3.0000,3.0000,0
20250204,3.0000,3.0000,3.0000,3.0000,0
20250205,2.7500,2.7500,2.7500,2.7500,0
20250206,2.7500,2.7500,2.7500,2.7500,0
20250207,2.7500,2.7500,2.7500,2.7500,0
20250208,2.7500,2.7500,2.7500,2.7500,0
20250209,2.7500,2.7500,2.7500,2.7500,0
20250210,2.7500,2.7500,2.7500,2.7500,0
20250211,2.7500,2.7500,2.7500,2.7500,0
20250212,2.7500,2.7500,2.7500,2.7500,0
20250213,2.7500,2.7500,2.7500,2.7500,0
20250214,2.7500,2.7500,2.7500,2.7500,0
20250215,2.7500,2.7500,2.7500,2.7500,0
20250216,2.7500,2.7500,2.7500,2.7500,0
20250217,2.7500,2.7500,2.7500,2.7500,0
20250218,2.7500,2.7500,2.7500,2.7500,0
20250219,2.7500,2.7500,2.7500,2.7500,0
20250220,2.7500,2.7500,2.7500,2.7500,0
20250221,2.7500,2.7500,2.7500,2.7500,0
20250222,2.7500,2.7500,2.7500,2.7500,0
20250223,2.7500,2.7500,2.7500,2.7500,0
20250224,2.7500,2.7500,2.7500,2.7500,0
20250225,2.7500,2.7500,2.7500,2.7500,0
20250226,2.7500,2.7500,2.7500,2.7500,0
20250227,2.7500,2.7500,2.7500,2.7500,0
20250228,2.7500,2.7500,2.7500,2.7500,0
20250301,2.7500,2.7500,2.7500,2.7500,0
20250302,2.7500,2.7500,2.7500,2.7500,0
20250303,2.7500,2.7500,2.7500,2.7500,0
20250304,2.7500,2.7500,2.7500,2.7500,0
20250305,2.7500,2.7500,2.7500,2.7500,0
20250306,2.7500,2.7500,2.7500,2.7500,0
20250307,2.7500,2.7500,2.7500,2.7500,0
20250308,2.7500,2.7500,2.7500,2.7500,0
20250309,2.7500,2.7500,2.7500,2.7500,0
20250310,2.7500,2.7500,2.7500,2.7500,0
20250311,2.7500,2.7500,2.7500,2.7500,0
20250312,2.5000,2.5000,2.5000,2.5000,0
20250313,2.5000,2.5000,2.5000,2.5000,0
20250314,2.5000,2.5000,2.5000,2.5000,0
20250315,2.5000,2.5000,2.5000,2.5000,0
20250316,2.5000,2.5000,2.5000,2.5000,0
20250317,2.5000,2.5000,2.5000,2.5000,0
20250318,2.5000,2.5000,2.5000,2.5000,0
20250319,2.5000,2.5000,2.5000,2.5000,0
20250320,2.5000,2.5000,2.5000,2.5000,0
20250321,2.5000,2.5000,2.5000,2.5000,0
20250322,2.5000,2.5000,2.5000,2.5000,0
20250323,2.5000,2.5000,2.5000,2.5000,0
20250324,2.5000,2.5000,2.5000,2.5000,0
20250325,2.5000,2.5000,2.5000,2.5000,0
20250326,2.5000,2.5000,2.5000,2.5000,0
20250327,2.5000,2.5000,2.5000,2.5000,0
20250328,2.5000,2.5000,2.5000,2.5000,0
20250329,2.5000,2.5000,2.5000,2.5000,0
20250330,2.5000,2.5000,2.5000,2.5000,0
20250331,2.5000,2.5000,2.5000,2.5000,0
20250401,2.5000,2.5000,2.5000,2.5000,0
20250402,2.5000,2.5000,2.5000,2.5000,0
20250403,2.5000,2.5000,2.5000,2.5000,0
20250404,2.5000,2.5000,2.5000,2.5000,0
20250405,2.5000,2.5000,2.5000,2.5000,0
20250406,2.5000,2.5000,2.5000,2.5000,0
20250407,2.5000,2.5000,2.5000,2.5000,0
20250408,2.5000,2.5000,2.5000,2.5000,0
20250409,2.5000,2.5000,2.5000,2.5000,0
20250410,2.5000,2.5000,2.5000,2.5000,0
20250411,2.5000,2.5000,2.5000,2.5000,0
20250412,2.5000,2.5000,2.5000,2.5000,0
20250413,2.5000,2.5000,2.5000,2.5000,0
20250414,2.5000,2.5000,2.5000,2.5000,0
20250415,2.5000,2.5000,2.5000,2.5000,0
20250416,2.5000,2.5000,2.5000,2.5000,0
20250417,2.5000,2.5000,2.5000,2.5000,0
20250418,2.5000,2.5000,2.5000,2.5000,0
20250419,2.5000,2.5000,2.5000,2.5000,0
20250420,2.5000,2.5000,2.5000,2.5000,0
20250421,2.5000,2.5000,2.5000,2.5000,0
20250422,2.5000,2.5000,2.5000,2.5000,0
20250423,2.2500,2.2500,2.2500,2.2500,0
20250424,2.2500,2.2500,2.2500,2.2500,0
20250425,2.2500,2.2500,2.2500,2.2500,0
20250426,2.2500,2.2500,2.2500,2.2500,0
20250427,2.2500,2.2500,2.2500,2.2500,0
20250428,2.2500,2.2500,2.2500,2.2500,0
20250429,2.2500,2.2500,2.2500,2.2500,0
20250430,2.2500,2.2500,2.2500,2.2500,0
20250501,2.2500,2.2500,2.2500,2.2500,0
20250502,2.2500,2.2500,2.2500,2.2500,0
20250503,2.2500,2.2500,2.2500,2.2500,0
20250504,2.2500,2.2500,2.2500,2.2500,0
20250505,2.2500,2.2500,2.2500,2.2500,0
20250506,2.2500,2.2500,2.2500,2.2500,0
20250507,2.2500,2.2500,2.2500,2.2500,0
20250508,2.2500,2.2500,2.2500,2.2500,0
20250509,2.2500,2.2500,2.2500,2.2500,0
20250510,2.2500,2.2500,2.2500,2.2500,0
20250511,2.2500,2.2500,2.2500,2.2500,0
20250512,2.2500,2.2500,2.2500,2.2500,0
20250513,2.2500,2.2500,2.2500,2.2500,0
20250514,2.2500,2.2500,2.2500,2.2500,0
20250515,2.2500,2.2500,2.2500,2.2500,0
20250516,2.2500,2.2500,2.2500,2.2500,0
20250517,2.2500,2.2500,2.2500,2.2500,0
20250518,2.2500,2.2500,2.2500,2.2500,0
20250519,2.2500,2.2500,2.2500,2.2500,0
20250520,2.2500,2.2500,2.2500,2.2500,0
20250521,2.2500,2.2500,2.2500,2.2500,0
20250522,2.2500,2.2500,2.2500,2.2500,0
20250523,2.2500,2.2500,2.2500,2.2500,0
20250524,2.2500,2.2500,2.2500,2.2500,0
20250525,2.2500,2.2500,2.2500,2.2500,0
20250526,2.2500,2.2500,2.2500,2.2500,0
20250527,2.2500,2.2500,2.2500,2.2500,0
20250528,2.2500,2.2500,2.2500,2.2500,0
20250529,2.2500,2.2500,2.2500,2.2500,0
20250530,2.2500,2.2500,2.2500,2.2500,0
20250531,2.2500,2.2500,2.2500,2.2500,0
20250601,2.2500,2.2500,2.2500,2.2500,0
20250602,2.2500,2.2500,2.2500,2.2500,0
20250603,2.2500,2.2500,2.2500,2.2500,0
20250604,2.2500,2.2500,2.2500,2.2500,0
20250605,2.2500,2.2500,2.2500,2.2500,0
20250606,2.2500,2.2500,2.2500,2.2500,0
20250607,2.2500,2.2500,2.2500,2.2500,0
20250608,2.2500,2.2500,2.2500,2.2500,0
20250609,2.2500,2.2500,2.2500,2.2500,0
20250610,2.2500,2.2500,2.2500,2.2500,0
20250611,2.0000,2.0000,2.0000,2.0000,0
20250612,2.0000,2.0000,2.0000,2.0000,0
20250613,2.0000,2.0000,2.0000,2.0000,0
20250614,2.0000,2.0000,2.0000,2.0000,0
20250615,2.0000,2.0000,2.0000,2.0000,0
20250616,2.0000,2.0000,2.0000,2.0000,0
20250617,2.0000,2.0000,2.0000,2.0000,0
20250618,2.0000,2.0000,2.0000,2.0000,0
20250619,2.0000,2.0000,2.0000,2.0000,0
20250620,2.0000,2.0000,2.0000,2.0000,0
20250621,2.0000,2.0000,2.0000,2.0000,0
20250622,2.0000,2.0000,2.0000,2.0000,0
20250623,2.0000,2.0000,2.0000,2.0000,0
20250624,2.0000,2.0000,2.0000,2.0000,0
20250625,2.0000,2.0000,2.0000,2.0000,0
20250626,2.0000,2.0000,2.0000,2.0000,0
20250627,2.0000,2.0000,2.0000,2.0000,0
20250628,2.0000,2.0000,2.0000,2.0000,0
20250629,2.0000,2.0000,2.0000,2.0000,0
20250630,2.0000,2.0000,2.0000,2.0000,0
20250701,2.0000,2.0000,2.0000,2.0000,0
20250702,2.0000,2.0000,2.0000,2.0000,0
20250703,2.0000,2.0000,2.0000,2.0000,0
20250704,2.0000,2.0000,2.0000,2.0000,0
20250705,2.0000,2.0000,2.0000,2.0000,0
20250706,2.0000,2.0000,2.0000,2.0000,0
20250707,2.0000,2.0000,2.0000,2.0000,0
20250708,2.0000,2.0000,2.0000,2.0000,0
20250709,2.0000,2.0000,2.0000,2.0000,0
20250710,2.0000,2.0000,2.0000,2.0000,0
20250711,2.0000,2.0000,2.0000,2.0000,0
20250712,2.0000,2.0000,2.0000,2.0000,0
20250713,2.0000,2.0000,2.0000,2.0000,0
20250714,2.0000,2.0000,2.0000,2.0000,0
20250715,2.0000,2.0000,2.0000,2.0000,0
20250716,2.0000,2.0000,2.0000,2.0000,0
20250717,2.0000,2.0000,2.0000,2.0000,0
20250718,2.0000,2.0000,2.0000,2.0000,0
20250719,2.0000,2.0000,2.0000,2.0000,0
20250720,2.0000,2.0000,2.0000,2.0000,0
20250721,2.0000,2.0000,2.0000,2.0000,0
20250722,2.0000,2.0000,2.0000,2.0000,0
20250723,2.0000,2.0000,2.0000,2.0000,0
20250724,2.0000,2.0000,2.0000,2.0000,0
20250725,2.0000,2.0000,2.0000,2.0000,0
20250726,2.0000,2.0000,2.0000,2.0000,0
20250727,2.0000,2.0000,2.0000,2.0000,0
20250728,2.0000,2.0000,2.0000,2.0000,0
20250729,2.0000,2.0000,2.0000,2.0000,0
20250730,2.0000,2.0000,2.0000,2.0000,0
20250731,2.0000,2.0000,2.0000,2.0000,0
20250801,2.0000,2.0000,2.0000,2.0000,0
20250802,2.0000,2.0000,2.0000,2.0000,0
20250803,2.0000,2.0000,2.0000,2.0000,0
20250804,2.0000,2.0000,2.0000,2.0000,0
20250805,2.0000,2.0000,2.0000,2.0000,0
20250806,2.0000,2.0000,2.0000,2.0000,0
20250807,2.0000,2.0000,2.0000,2.0000,0
20250808,2.0000,2.0000,2.0000,2.0000,0
20250809,2.0000,2.0000,2.0000,2.0000,0
20250810,2.0000,2.0000,2.0000,2.0000,0
20250811,2.0000,2.0000,2.0000,2.0000,0
20250812,2.0000,2.0000,2.0000,2.0000,0
20250813,2.0000,2.0000,2.0000,2.0000,0
20250814,2.0000,2.0000,2.0000,2.0000,0
20250815,2.0000,2.0000,2.0000,2.0000,0
20250816,2.0000,2.0000,2.0000,2.0000,0
20250817,2.0000,2.0000,2.0000,2.0000,0
20250818,2.0000,2.0000,2.0000,2.0000,0
20250819,2.0000,2.0000,2.0000,2.0000,0
20250820,2.0000,2.0000,2.0000,2.0000,0
20250821,2.0000,2.0000,2.0000,2.0000,0
20250822,2.0000,2.0000,2.0000,2.0000,0
20250823,2.0000,2.0000,2.0000,2.0000,0
20250824,2.0000,2.0000,2.0000,2.0000,0
20250825,2.0000,2.0000,2.0000,2.0000,0
20250826,2.0000,2.0000,2.0000,2.0000,0
20250827,2.0000,2.0000,2.0000,2.0000,0
20250828,2.0000,2.0000,2.0000,2.0000,0
20250829,2.0000,2.0000,2.0000,2.0000,0
20250830,2.0000,2.0000,2.0000,2.0000,0
20250831,2.0000,2.0000,2.0000,2.0000,0
20250901,2.0000,2.0000,2.0000,2.0000,0
20250902,2.0000,2.0000,2.0000,2.0000,0
20250903,2.0000,2.0000,2.0000,2.0000,0
20250904,2.0000,2.0000,2.0000,2.0000,0
20250905,2.0000,2.0000,2.0000,2.0000,0
20250906,2.0000,2.0000,2.0000,2.0000,0
20250907,2.0000,2.0000,2.0000,2.0000,0
20250908,2.0000,2.0000,2.0000,2.0000,0
20250909,2.0000,2.0000,2.0000,2.0000,0
20250910,2.0000,2.0000,2.0000,2.0000,0
20250911,2.0000,2.0000,2.0000,2.0000,0
20250912,2.0000,2.0000,2.0000,2.0000,0
20250913,2.0000,2.0000,2.0000,2.0000,0
20250914,2.0000,2.0000,2.0000,2.0000,0
20250915,2.0000,2.0000,2.0000,2.0000,0
20250916,2.0000,2.0000,2.0000,2.0000,0
20250917,2.0000,2.0000,2.0000,2.0000,0
20250918,2.0000,2.0000,2.0000,2.0000,0
20250919,2.0000,2.0000,2.0000,2.0000,0
20250920,2.0000,2.0000,2.0000,2.0000,0
20250921,2.0000,2.0000,2.0000,2.0000,0
20250922,2.0000,2.0000,2.0000,2.0000,0
20250923,2.0000,2.0000,2.0000,2.0000,0
20250924,2.0000,2.0000,2.0000,2.0000,0
20250925,2.0000,2.0000,2.0000,2.0000,0
20250926,2.0000,2.0000,2.0000,2.0000,0
20250927,2.0000,2.0000,2.0000,2.0000,0
20250928,2.0000,2.0000,2.0000,2.0000,0
20250929,2.0000,2.0000,2.0000,2.0000,0
20250930,2.0000,2.0000,2.0000,2.0000,0
20251001,2.0000,2.0000,2.0000,2.0000,0
20251002,2.0000,2.0000,2.0000,2.0000,0
20251003,2.0000,2.0000,2.0000,2.0000,0
20251004,2.0000,2.0000,2.0000,2.0000,0
20251005,2.0000,2.0000,2.0000,2.0000,0
20251006,2.0000,2.0000,2.0000,2.0000,0
20251007,2.0000,2.0000,2.0000,2.0000,0
20251008,2.0000,2.0000,2.0000,2.0000,0
20251009,2.0000,2.0000,2.0000,2.0000,0
20251010,2.0000,2.0000,2.0000,2.0000,0
20251011,2.0000,2.0000,2.0000,2.0000,0
20251012,2.0000,2.0000,2.0000,2.0000,0
20251013,2.0000,2.0000,2.0000,2.0000,0
20251014,2.0000,2.0000,2.0000,2.0000,0
20251015,2.0000,2.0000,2.0000,2.0000,0
20251016,2.0000,2.0000,2.0000,2.0000,0
20251017,2.0000,2.0000,2.0000,2.0000,0
20251018,2.0000,2.0000,2.0000,2.0000,0
20251019,2.0000,2.0000,2.0000,2.0000,0
20251020,2.0000,2.0000,2.0000,2.0000,0
20251021,2.0000,2.0000,2.0000,2.0000,0
20251022,2.0000,2.0000,2.0000,2.0000,0
20251023,2.0000,2.0000,2.0000,2.0000,0
20251024,2.0000,2.0000,2.0000,2.0000,0
20251025,2.0000,2.0000,2.0000,2.0000,0
20251026,2.0000,2.0000,2.0000,2.0000,0
20251027,2.0000,2.0000,2.0000,2.0000,0
20251028,2.0000,2.0000,2.0000,2.0000,0
20251029,2.0000,2.0000,2.0000,2.0000,0
20251030,2.0000,2.0000,2.0000,2.0000,0
20251031,2.0000,2.0000,2.0000,2.0000,0
20251101,2.0000,2.0000,2.0000,2.0000,0
20251102,2.0000,2.0000,2.0000,2.0000,0
20251103,2.0000,2.0000,2.0000,2.0000,0
20251104,2.0000,2.0000,2.0000,2.0000,0
20251105,2.0000,2.0000,2.0000,2.0000,0
20251106,2.0000,2.0000,2.0000,2.0000,0
20251107,2.0000,2.0000,2.0000,2.0000,0
20251108,2.0000,2.0000,2.0000,2.0000,0
20251109,2.0000,2.0000,2.0000,2.0000,0
20251110,2.0000,2.0000,2.0000,2.0000,0
20251111,2.0000,2.0000,2.0000,2.0000,0
20251112,2.0000,2.0000,2.0000,2.0000,0
20251113,2.0000,2.0000,2.0000,2.0000,0
20251114,2.0000,2.0000,2.0000,2.0000,0
20251115,2.0000,2.0000,2.0000,2.0000,0
20251116,2.0000,2.0000,2.0000,2.0000,0
20251117,2.0000,2.0000,2.0000,2.0000,0
20251118,2.0000,2.0000,2.0000,2.0000,0
20251119,2.0000,2.0000,2.0000,2.0000,0
20251120,2.0000,2.0000,2.0000,2.0000,0
20251121,2.0000,2.0000,2.0000,2.0000,0
20251122,2.0000,2.0000,2.0000,2.0000,0
20251123,2.0000,2.0000,2.0000,2.0000,0
20251124,2.0000,2.0000,2.0000,2.0000,0
20251125,2.0000,2.0000,2.0000,2.0000,0
20251126,2.0000,2.0000,2.0000,2.0000,0
20251127,2.0000,2.0000,2.0000,2.0000,0
20251128,2.0000,2.0000,2.0000,2.0000,0
20251129,2.0000,2.0000,2.0000,2.0000,0
20251130,2.0000,2.0000,2.0000,2.0000,0
20251201,2.0000,2.0000,2.0000,2.0000,0
20251202,2.0000,2.0000,2.0000,2.0000,0
20251203,2.0000,2.0000,2.0000,2.0000,0
20251204,2.0000,2.0000,2.0000,2.0000,0
20251205,2.0000,2.0000,2.0000,2.0000,0
20251206,2.0000,2.0000,2.0000,2.0000,0
20251207,2.0000,2.0000,2.0000,2.0000,0
20251208,2.0000,2.0000,2.0000,2.0000,0
20251209,2.0000,2.0000,2.0000,2.0000,0
20251210,2.0000,2.0000,2.0000,2.0000,0
20251211,2.0000,2.0000,2.0000,2.0000,0
20251212,2.0000,2.0000,2.0000,2.0000,0
20251213,2.0000,2.0000,2.0000,2.0000,0
20251214,2.0000,2.0000,2.0000,2.0000,0
20251215,2.0000,2.0000,2.0000,2.0000,0
20251216,2.0000,2.0000,2.0000,2.0000,0
20251217,2.0000,2.0000,2.0000,2.0000,0
20251218,2.0000,2.0000,2.0000,2.0000,0
20251219,2.0000,2.0000,2.0000,2.0000,0
20251220,2.0000,2.0000,2.0000,2.0000,0
20251221,2.0000,2.0000,2.0000,2.0000,0
20251222,2.0000,2.0000,2.0000,2.0000,0
20251223,2.0000,2.0000,2.0000,2.0000,0
20251224,2.0000,2.0000,2.0000,2.0000,0
20251225,2.0000,2.0000,2.0000,2.0000,0
20251226,2.0000,2.0000,2.0000,2.0000,0
20251227,2.0000,2.0000,2.0000,2.0000,0
20251228,2.0000,2.0000,2.0000,2.0000,0
20251229,2.0000,2.0000,2.0000,2.0000,0
20251230,2.0000,2.0000,2.0000,2.0000,0
20251231,2.0000,2.0000,2.0000,2.0000,0
20260101,2.0000,2.0000,2.0000,2.0000,0
20260102,2.0000,2.0000,2.0000,2.0000,0
20260103,2.0000,2.0000,2.0000,2.0000,0
20260104,2.0000,2.0000,2.0000,2.0000,0
20260105,2.0000,2.0000,2.0000,2.0000,0
20260106,2.0000,2.0000,2.0000,2.0000,0
20260107,2.0000,2.0000,2.0000,2.0000,0
20260108,2.0000,2.0000,2.0000,2.0000,0
20260109,2.0000,2.0000,2.0000,2.0000,0
20260110,2.0000,2.0000,2.0000,2.0000,0
20260111,2.0000,2.0000,2.0000,2.0000,0
20260112,2.0000,2.0000,2.0000,2.0000,0
20260113,2.0000,2.0000,2.0000,2.0000,0
20260114,2.0000,2.0000,2.0000,2.0000,0
20260115,2.0000,2.0000,2.0000,2.0000,0
20260116,2.0000,2.0000,2.0000,2.0000,0
20260117,2.0000,2.0000,2.0000,2.0000,0
20260118,2.0000,2.0000,2.0000,2.0000,0
20260119,2.0000,2.0000,2.0000,2.0000,0
20260120,2.0000,2.0000,2.0000,2.0000,0
20260121,2.0000,2.0000,2.0000,2.0000,0
20260122,2.0000,2.0000,2.0000,2.0000,0
20260123,2.0000,2.0000,2.0000,2.0000,0
20260124,2.0000,2.0000,2.0000,2.0000,0
20260125,2.0000,2.0000,2.0000,2.0000,0
20260126,2.0000,2.0000,2.0000,2.0000,0
20260127,2.0000,2.0000,2.0000,2.0000,0
20260128,2.0000,2.0000,2.0000,2.0000,0
20260129,2.0000,2.0000,2.0000,2.0000,0
20260130,2.0000,2.0000,2.0000,2.0000,0
20260131,2.0000,2.0000,2.0000,2.0000,0
20260201,2.0000,2.0000,2.0000,2.0000,0
20260202,2.0000,2.0000,2.0000,2.0000,0
20260203,2.0000,2.0000,2.0000,2.0000,0
20260204,2.0000,2.0000,2.0000,2.0000,0
20260205,2.0000,2.0000,2.0000,2.0000,0
20260206,2.0000,2.0000,2.0000,2.0000,0
20260207,2.0000,2.0000,2.0000,2.0000,0
20260208,2.0000,2.0000,2.0000,2.0000,0
20260209,2.0000,2.0000,2.0000,2.0000,0
20260210,2.0000,2.0000,2.0000,2.0000,0
20260211,2.0000,2.0000,2.0000,2.0000,0
20260212,2.0000,2.0000,2.0000,2.0000,0
20260213,2.0000,2.0000,2.0000,2.0000,0
20260214,2.0000,2.0000,2.0000,2.0000,0
20260215,2.0000,2.0000,2.0000,2.0000,0
20260216,2.0000,2.0000,2.0000,2.0000,0
20260217,2.0000,2.0000,2.0000,2.0000,0
20260218,2.0000,2.0000,2.0000,2.0000,0
20260219,2.0000,2.0000,2.0000,2.0000,0
20260220,2.0000,2.0000,2.0000,2.0000,0
20260221,2.0000,2.0000,2.0000,2.0000,0
20260222,2.0000,2.0000,2.0000,2.0000,0
20260223,2.0000,2.0000,2.0000,2.0000,0
20260224,2.0000,2.0000,2.0000,2.0000,0
20260225,2.0000,2.0000,2.0000,2.0000,0
20260226,2.0000,2.0000,2.0000,2.0000,0
20260227,2.0000,2.0000,2.0000,2.0000,0
20260228,2.0000,2.0000,2.0000,2.0000,0
20260301,2.0000,2.0000,2.0000,2.0000,0
20260302,2.0000,2.0000,2.0000,2.0000,0
20260303,2.0000,2.0000,2.0000,2.0000,0
20260304,2.0000,2.0000,2.0000,2.0000,0
20260305,2.0000,2.0000,2.0000,2.0000,0
20260306,2.0000,2.0000,2.0000,2.0000,0
20260307,2.0000,2.0000,2.0000,2.0000,0
20260308,2.0000,2.0000,2.0000,2.0000,0
20260309,2.0000,2.0000,2.0000,2.0000,0
20260310,2.0000,2.0000,2.0000,2.0000,0
20260311,2.0000,2.0000,2.0000,2.0000,0
20260312,2.0000,2.0000,2.0000,2.0000,0
20260313,2.0000,2.0000,2.0000,2.0000,0
20260314,2.0000,2.0000,2.0000,2.0000,0
20260315,2.0000,2.0000,2.0000,2.0000,0
20260316,2.0000,2.0000,2.0000,2.0000,0
20260317,2.0000,2.0000,2.0000,2.0000,0
20260318,2.0000,2.0000,2.0000,2.0000,0
20260319,2.0000,2.0000,2.0000,2.0000,0
20260320,2.0000,2.0000,2.0000,2.0000,0
20260321,2.0000,2.0000,2.0000,2.0000,0
20260322,2.0000,2.0000,2.0000,2.0000,0
20260323,2.0000,2.0000,2.0000,2.0000,0
20260324,2.0000,2.0000,2.0000,2.0000,0
20260325,2.0000,2.0000,2.0000,2.0000,0
20260326,2.0000,2.0000,2.0000,2.0000,0
20260327,2.0000,2.0000,2.0000,2.0000,0
20260328,2.0000,2.0000,2.0000,2.0000,0
20260329,2.0000,2.0000,2.0000,2.0000,0
20260330,2.0000,2.0000,2.0000,2.0000,0
20260331,2.0000,2.0000,2.0000,2.0000,0
20260401,2.0000,2.0000,2.0000,2.0000,0
20260402,2.0000,2.0000,2.0000,2.0000,0
20260403,2.0000,2.0000,2.0000,2.0000,0
20260404,2.0000,2.0000,2.0000,2.0000,0
20260405,2.0000,2.0000,2.0000,2.0000,0
20260406,2.0000,2.0000,2.0000,2.0000,0
20260407,2.0000,2.0000,2.0000,2.0000,0
20260408,2.0000,2.0000,2.0000,2.0000,0
20260409,2.0000,2.0000,2.0000,2.0000,0
20260410,2.0000,2.0000,2.0000,2.0000,0
20260411,2.0000,2.0000,2.0000,2.0000,0
20260412,2.0000,2.0000,2.0000,2.0000,0
20260413,2.0000,2.0000,2.0000,2.0000,0
20260414,2.0000,2.0000,2.0000,2.0000,0
20260415,2.0000,2.0000,2.0000,2.0000,0
20260416,2.0000,2.0000,2.0000,2.0000,0
20260417,2.0000,2.0000,2.0000,2.0000,0
20260418,2.0000,2.0000,2.0000,2.0000,0
20260419,2.0000,2.0000,2.0000,2.0000,0
20260420,2.0000,2.0000,2.0000,2.0000,0
20260421,2.0000,2.0000,2.0000,2.0000,0
20260422,2.0000,2.0000,2.0000,2.0000,0
20260423,2.0000,2.0000,2.0000,2.0000,0
20260424,2.0000,2.0000,2.0000,2.0000,0
20260425,2.0000,2.0000,2.0000,2.0000,0
20260426,2.0000,2.0000,2.0000,2.0000,0
20260427,2.0000,2.0000,2.0000,2.0000,0
20260428,2.0000,2.0000,2.0000,2.0000,0
20260429,2.0000,2.0000,2.0000,2.0000,0
20260430,2.0000,2.0000,2.0000,2.0000,0
20260501,2.0000,2.0000,2.0000,2.0000,0
20260502,2.0000,2.0000,2.0000,2.0000,0
20260503,2.0000,2.0000,2.0000,2.0000,0
20260504,2.0000,2.0000,2.0000,2.0000,0
20260505,2.0000,2.0000,2.0000,2.0000,0
20260506,2.0000,2.0000,2.0000,2.0000,0
20260507,2.0000,2.0000,2.0000,2.0000,0
20260508,2.0000,2.0000,2.0000,2.0000,0
20260509,2.0000,2.0000,2.0000,2.0000,0
20260510,2.0000,2.0000,2.0000,2.0000,0
20260511,2.0000,2.0000,2.0000,2.0000,0
20260512,2.0000,2.0000,2.0000,2.0000,0
20260513,2.0000,2.0000,2.0000,2.0000,0
20260514,2.0000,2.0000,2.0000,2.0000,0
20260515,2.0000,2.0000,2.0000,2.0000,0
20260516,2.0000,2.0000,2.0000,2.0000,0
20260517,2.0000,2.0000,2.0000,2.0000,0
20260518,2.0000,2.0000,2.0000,2.0000,0
20260519,2.0000,2.0000,2.0000,2.0000,0
20260520,2.0000,2.0000,2.0000,2.0000,0
20260521,2.0000,2.0000,2.0000,2.0000,0
20260522,2.0000,2.0000,2.0000,2.0000,0
20260523,2.0000,2.0000,2.0000,2.0000,0
20260524,2.0000,2.0000,2.0000,2.0000,0
20260525,2.0000,2.0000,2.0000,2.0000,0
20260526,2.0000,2.0000,2.0000,2.0000,0
20260527,2.0000,2.0000,2.0000,2.0000,0
20260528,2.0000,2.0000,2.0000,2.0000,0
20260529,2.0000,2.0000,2.0000,2.0000,0
20260530,2.0000,2.0000,2.0000,2.0000,0
20260531,2.0000,2.0000,2.0000,2.0000,0
20260601,2.0000,2.0000,2.0000,2.0000,0
20260602,2.0000,2.0000,2.0000,2.0000,0
20260603,2.0000,2.0000,2.0000,2.0000,0
20260604,2.0000,2.0000,2.0000,2.0000,0
20260605,2.0000,2.0000,2.0000,2.0000,0
20260606,2.0000,2.0000,2.0000,2.0000,0
20260607,2.0000,2.0000,2.0000,2.0000,0
20260608,2.0000,2.0000,2.0000,2.0000,0
20260609,2.0000,2.0000,2.0000,2.0000,0
20260610,2.0000,2.0000,2.0000,2.0000,0
20260611,2.0000,2.0000,2.0000,2.0000,0
20260612,2.0000,2.0000,2.0000,2.0000,0
20260613,2.0000,2.0000,2.0000,2.0000,0
20260614,2.0000,2.0000,2.0000,2.0000,0
20260615,2.0000,2.0000,2.0000,2.0000,0
20260616,2.0000,2.0000,2.0000,2.0000,0
20260617,2.2500,2.2500,2.2500,2.2500,0
20260618,2.2500,2.2500,2.2500,2.2500,0
20260619,2.2500,2.2500,2.2500,2.2500,0
20260620,2.2500,2.2500,2.2500,2.2500,0
20260621,2.2500,2.2500,2.2500,2.2500,0
20260622,2.2500,2.2500,2.2500,2.2500,0
20260623,2.2500,2.2500,2.2500,2.2500,0
20260624,2.2500,2.2500,2.2500,2.2500,0
20260625,2.2500,2.2500,2.2500,2.2500,0
20260626,2.2500,2.2500,2.2500,2.2500,0
20260627,2.2500,2.2500,2.2500,2.2500,0
20260628,2.2500,2.2500,2.2500,2.2500,0
20260629,2.2500,2.2500,2.2500,2.2500,0
20260630,2.2500,2.2500,2.2500,2.2500,0
20260701,2.2500,2.2500,2.2500,2.2500,0
20260702,2.2500,2.2500,2.2500,2.2500,0
20260703,2.2500,2.2500,2.2500,2.2500,0
20260704,2.2500,2.2500,2.2500,2.2500,0
20260705,2.2500,2.2500,2.2500,2.2500,0
20260706,2.2500,2.2500,2.2500,2.2500,0
20260707,2.2500,2.2500,2.2500,2.2500,0
20260708,2.2500,2.2500,2.2500,2.2500,0
20260709,2.2500,2.2500,2.2500,2.2500,0
20260710,2.2500,2.2500,2.2500,2.2500,0
20260711,2.2500,2.2500,2.2500,2.2500,0
20260712,2.2500,2.2500,2.2500,2.2500,0
20260713,2.2500,2.2500,2.2500,2.2500,0
20260714,2.2500,2.2500,2.2500,2.2500,0
20260715,2.2500,2.2500,2.2500,2.2500,0
20260716,2.2500,2.2500,2.2500,2.2500,0
20260717,2.2500,2.2500,2.2500,2.2500,0
20260718,2.2500,2.2500,2.2500,2.2500,0
20260719,2.2500,2.2500,2.2500,2.2500,0
20260720,2.2500,2.2500,2.2500,2.2500,0
