# QUALITY=CLEAN | XAG ~ const+log_xau | Kalman TVP δ=0.999 | IC4w=0.0277 IC8w=0.0678 hit8w=0.5045 | var_ratio=0.243 HL=55.9w | cot_as_of=20260922 | generated by metals_fairvalue_g8.py v3
DATE,PX,FAIR,RESID,MDP_Z,MDP_ADJ,RISK_W,COT_MULT,SIGNAL,B_CONST,B_LOG_XAU
20060103,9.087,10.1907,-0.114629,,,0.0785,1.0,,-3.345615,0.899455
20060110,8.957,10.1808,-0.128067,,,0.0857,1.0,,-3.698088,0.95225
20060117,9.02,10.1391,-0.116955,,,0.0906,1.0,,-3.960813,0.99154
20060124,9.183,10.0695,-0.092155,,,0.0943,1.0,,-4.140781,1.018429
20060131,9.85,10.2086,-0.035755,,,0.0973,1.0,,-4.198531,1.027025
20060207,9.38,9.8137,-0.0452,,,0.0994,1.0,,-4.282898,1.039657
20060214,9.297,9.6743,-0.039778,,,0.1023,1.0,,-4.356714,1.050723
20060221,9.536,9.7834,-0.02561,,,0.1053,1.0,,-4.398868,1.057027
20060228,9.72,9.9041,-0.018763,,,0.1076,1.0,,-4.426441,1.061139
20060307,10.035,9.7226,0.031624,,,0.1095,1.0,,-4.376324,1.053638
20060314,10.182,9.7308,0.045323,,,0.1116,1.0,,-4.30589,1.043092
20060321,10.516,9.7814,0.072418,,,0.1137,1.0,,-4.198064,1.026953
20060328,10.826,10.0993,0.069487,,,0.1155,1.0,,-4.117046,1.014927
20060404,11.688,10.5004,0.107153,,,0.1167,1.0,,-4.034041,1.002871
20060411,12.573,10.7316,0.158355,,,0.1171,1.0,,-3.944822,0.990176
20060418,13.76,11.2654,0.200031,,,0.1173,1.0,,-3.925887,0.988535
20060425,12.555,11.5595,0.082615,,,0.1173,1.0,,-3.931799,0.989902
20060502,14.11,12.2058,0.144974,,,0.1172,1.0,,-4.008156,1.002545
20060509,14.374,12.9195,0.106682,,,0.1174,1.0,,-4.104627,1.018057
20060516,13.452,12.8367,0.046819,,,0.1183,1.0,,-4.141052,1.023938
20060523,13.1,12.5106,0.046039,,,0.1189,1.0,,-4.166524,1.028119
20060530,13.013,12.167,0.067224,,,0.1192,1.0,,-4.186712,1.031591
20060606,11.805,11.7242,0.00687,,,0.1192,1.0,,-4.186302,1.031563
20060613,9.595,10.4433,-0.084714,,,0.1192,1.0,,-4.28528,1.046479
20060620,10.25,10.6748,-0.040608,,,0.1204,1.0,,-4.321329,1.051865
20060627,10.185,10.7469,-0.053702,,,0.1211,1.0,,-4.364914,1.058352
20060704,10.833,11.3457,-0.046241,,,0.1216,1.0,,-4.376025,1.059832
20060711,11.47,11.8702,-0.034294,,,0.1216,1.0,,-4.367176,1.058272
20060718,10.455,11.6033,-0.10421,,,0.1216,1.0,,-4.365153,1.057385
20060725,10.895,11.3525,-0.041134,,,0.1215,1.0,,-4.372736,1.058348
20060801,11.695,11.895,-0.016954,,,0.1215,1.0,,-4.366368,1.057269
20060808,12.22,11.876,0.028555,,,0.1216,1.0,,-4.376995,1.059075
20060815,12.056,11.4366,0.052742,,,0.1216,1.0,,-4.370245,1.058319
20060822,12.245,11.4992,0.062843,,,0.1215,1.0,,-4.365235,1.057891
20060829,12.142,11.2539,0.075952,,,0.1215,1.0,,-4.333937,1.053449
20060905,13.005,11.8274,0.094913,,,0.1215,1.0,,-4.35901,1.057853
20060912,11.025,10.8553,0.015514,,,0.1215,1.0,,-4.343819,1.055573
20060919,10.83,10.6651,0.015339,,,0.1221,1.0,,-4.324579,1.052664
20060926,11.395,10.9538,0.039493,,,0.123,1.0,,-4.289748,1.047462
20061003,10.955,10.6822,0.025218,,,0.1234,1.0,,-4.256946,1.042498
20061010,11.135,10.6104,0.048256,,,0.1243,1.0,,-4.187722,1.031996
20061017,11.698,10.9794,0.063401,,,0.1255,1.0,,-4.131706,1.023631
20061024,11.78,10.9072,0.076977,,,0.1258,1.0,,-4.053193,1.011829
20061031,12.212,11.3169,0.076121,,,0.1263,1.0,,-4.023427,1.007594
20061107,12.628,11.7557,0.071578,,,0.1264,1.0,,-4.040845,1.010666
20061114,12.861,11.7474,0.09057,,,0.1263,1.0,,-4.057376,1.013683
20061121,13.072,11.8656,0.096832,,,0.1263,1.0,,-4.085691,1.018537
20061128,13.62,12.0744,0.120453,,,0.1263,1.0,,-4.146766,1.02856
20061205,13.845,12.2183,0.124991,,,0.1264,1.0,,-4.218289,1.04017
20061212,13.813,11.9579,0.144217,,,0.1265,1.0,,-4.243975,1.044666
20061219,12.57,11.8891,0.055689,,,0.1265,1.0,,-4.246651,1.04525
20061226,12.603,11.944,0.053702,,,0.1264,1.0,,-4.251614,1.046187
20070102,12.818,12.1876,0.050434,,,0.1264,1.0,,-4.26869,1.049002
20070109,12.498,11.7559,0.061211,,,0.1264,1.0,,-4.25962,1.047786
20070116,12.54,12.0023,0.043828,,,0.1263,1.0,,-4.264749,1.048725
20070123,13.185,12.4291,0.05904,,,0.1263,1.0,,-4.300369,1.05446
20070130,13.319,12.4272,0.069304,,,0.1264,1.0,,-4.340677,1.060959
20070206,13.63,12.6415,0.075289,,,0.1266,1.0,,-4.400689,1.070539
20070213,13.881,12.8818,0.074707,,,0.1269,1.0,,-4.476591,1.082582
20070220,13.812,12.769,0.078516,,,0.1276,1.0,,-4.542224,1.093035
20070227,14.545,13.3685,0.084348,,,0.1279,1.0,,-4.66048,1.111675
20070306,12.877,12.5429,0.026288,,,0.1292,1.0,,-4.672607,1.113639
20070313,12.863,12.6326,0.018071,,,0.1293,1.0,,-4.682876,1.115291
20070320,13.285,12.8624,0.032326,,,0.1294,1.0,,-4.710219,1.119645
20070327,13.21,12.9661,0.018636,,,0.1298,1.0,,-4.728334,1.122521
20070403,13.375,13.0152,0.027266,,,0.1303,1.0,,-4.756942,1.127058
20070410,13.888,13.3034,0.043008,,,0.1309,1.0,,-4.817603,1.136629
20070417,13.992,13.5884,0.029267,,,0.1319,1.0,,-4.867906,1.144541
20070424,13.769,13.517,0.018474,,,0.1335,1.0,,-4.897719,1.149235
20070501,13.245,13.3057,-0.004576,,,0.1348,1.0,,-4.891539,1.148259
20070508,13.489,13.546,-0.004218,,,0.1357,1.0,,-4.884359,1.147129
20070515,13.226,13.2693,-0.003268,,,0.1371,1.0,,-4.879962,1.146434
20070522,12.919,12.9539,-0.002698,,,0.1379,1.0,,-4.877545,1.146048
20070529,13.158,12.9077,0.019205,,,0.1382,1.0,,-4.893801,1.148652
20070605,13.757,13.1986,0.041439,,,0.1384,1.0,,-4.94963,1.157489
20070612,13.055,12.7397,0.024451,,,0.1391,1.0,,-4.9616,1.159454
20070619,13.303,13.0278,0.020907,,,0.1391,1.0,,-4.982799,1.162834
20070626,12.27,12.6117,-0.027467,,,0.1395,1.0,,-4.977295,1.161852
20070703,12.569,12.8476,-0.021925,,,0.1394,1.0,,-4.961698,1.159332
20070710,12.867,13.0572,-0.014677,,,0.1395,1.0,,-4.944312,1.156568
20070717,12.923,13.1,-0.013604,,,0.1399,1.0,,-4.92643,1.153732
20070724,13.359,13.5369,-0.013232,,,0.1404,1.0,,-4.895848,1.148932
20070731,12.95,13.1345,-0.01415,,,0.1421,1.0,,-4.875801,1.145757
20070807,13.041,13.2101,-0.012885,,,0.1426,1.0,,-4.854666,1.142419
20070814,12.707,13.1574,-0.03483,,,0.1433,1.0,,-4.800992,1.133929
20070821,11.489,12.8721,-0.113673,,,0.1439,1.0,,-4.711372,1.11946
20070828,11.754,12.986,-0.099678,,,0.144,1.0,,-4.621503,1.105186
20070904,12.281,13.3388,-0.082626,,,0.1443,1.0,,-4.505468,1.08699
20070911,12.667,13.9331,-0.095269,,,0.1451,1.0,,-4.297755,1.054619
20070918,12.767,13.9388,-0.087813,,,0.1475,1.0,,-4.125231,1.027744
20070925,13.482,14.1962,-0.051622,,,0.1497,1.0,,-4.016136,1.010774
20071002,13.327,14.1211,-0.057875,,,0.1527,1.0,,-3.900378,0.992766
20071009,13.475,14.2248,-0.054149,,,0.1555,1.0,,-3.788134,0.975315
20071016,13.562,14.5499,-0.070312,,,0.1586,1.0,,-3.621619,0.949459
20071023,13.572,14.5152,-0.067188,,,0.163,1.0,,-3.473393,0.926446
20071030,14.267,14.8972,-0.043226,,,0.1673,1.0,,-3.36776,0.910065
20071106,15.327,15.4719,-0.009412,,,0.1732,1.0,,-3.341269,0.905961
20071113,14.571,15.0526,-0.03252,,,0.1822,1.0,,-3.263987,0.893981
20071120,14.478,14.895,-0.028395,,,0.1889,1.0,,-3.201869,0.884349
20071127,14.474,15.2515,-0.052324,,,0.1947,1.0,,-3.074975,0.864692
20071204,14.271,14.9777,-0.048331,,,0.2026,1.0,,-2.974015,0.849044
20071211,14.695,15.0824,-0.026023,,,0.2089,1.0,,-2.919675,0.840626
20071218,14.014,14.9204,-0.062673,,,0.2157,1.0,,-2.798816,0.821895
20071225,14.52,15.0034,-0.032752,,,0.2217,1.0,,-2.737412,0.812383
20080101,14.797,15.2983,-0.03332,,,0.228,1.0,,-2.669369,0.801854
20080108,15.707,15.8841,-0.01121,,,0.236,1.0,,-2.643185,0.797809
20080115,16.205,16.1951,0.000609,,,0.2478,1.0,,-2.644647,0.798034
20080122,16.03,16.0326,-0.000161,,,0.2617,1.0,,-2.644297,0.79798
20080129,16.745,16.5408,0.012269,,,0.2741,1.0,,-2.672904,0.802394
20080205,16.303,16.0006,0.01872,,,0.2899,1.0,,-2.708712,0.807927
20080212,17.218,16.3421,0.052213,,,0.3011,1.0,,-2.81245,0.823941
20080219,17.49,16.7153,0.045306,,,0.3141,1.0,,-2.898131,0.837158
20080226,18.712,17.0879,0.090796,,,0.3277,1.0,,-3.064042,0.862733
20080304,19.738,17.5278,0.118758,,,0.3422,1.0,,-3.243122,0.890321
20080311,19.676,17.8808,0.095671,,,0.355,1.0,,-3.351644,0.907034
20080318,19.89,18.4824,0.073396,,,0.365,1.0,,-3.42807,0.918793
20080325,17.762,17.4019,0.020481,,,0.3752,1.0,,-3.443751,0.921212
20080401,16.855,16.5275,0.019622,,,0.3811,1.0,,-3.455845,0.923085
20080408,17.675,17.0746,0.034561,,,0.3847,1.0,,-3.481122,0.926989
20080415,17.83,17.3523,0.02716,,,0.3897,1.0,,-3.502241,0.930248
20080422,17.698,17.2609,0.025011,,,0.3955,1.0,,-3.521268,0.933185
20080429,16.54,16.4362,0.006298,,,0.401,1.0,,-3.525065,0.933774
20080506,16.78,16.4709,0.018592,,,0.4043,1.0,,-3.536743,0.935585
20080513,16.763,16.3486,0.025034,,,0.4078,1.0,,-3.552089,0.937966
20080520,17.671,17.2607,0.023492,,,0.4109,1.0,,-3.571281,0.940928
20080527,17.425,17.0696,0.020604,,,0.4167,1.0,,-3.587268,0.943399
20080603,16.799,16.6201,0.010705,,,0.4219,1.0,,-3.594541,0.944526
20080610,16.607,16.3821,0.013632,,,0.4257,1.0,,-3.603219,0.945873
20080617,17.059,16.6822,0.022339,,,0.4289,1.0,,-3.619412,0.948382
20080624,16.627,16.7837,-0.009378,,,0.4329,1.0,,-3.612349,0.947288
20080701,18.2,17.7288,0.026232,,,0.4373,1.0,,-3.638656,0.951338
20080708,17.88,17.3848,0.028088,,,0.4451,1.0,,-3.663884,0.955229
20080715,18.941,18.4131,0.028266,,,0.4514,1.0,,-3.695469,0.960079
20080722,17.945,17.9081,0.002059,,,0.4616,1.0,,-3.697453,0.960384
20080729,17.33,17.3363,-0.000363,,,0.4693,1.0,,-3.697151,0.960338
20080805,16.537,16.6487,-0.006733,,,0.4747,1.0,,-3.692693,0.959645
20080812,14.462,15.3627,-0.06042,,,0.478,1.0,,-3.675675,0.956885
20080819,13.093,15.393,-0.161837,,,0.4783,1.0,,-3.632727,0.949949
20080826,13.572,15.5384,-0.135309,,,0.4787,1.0,,-3.610999,0.946484
20080902,13.05,15.2073,-0.152989,,,0.4788,1.0,,-3.597853,0.94434
20080909,11.64,14.8699,-0.244894,,,0.4788,1.0,,-3.58891,0.942793
20080916,10.462,14.6609,-0.337433,,,0.4786,1.0,,-3.585073,0.942048
20080923,13.12,16.5736,-0.233672,,,0.4783,1.0,,-3.569831,0.939686
20080930,12.231,16.3619,-0.290981,,,0.4784,1.0,,-3.554981,0.937379
20081007,11.325,16.4228,-0.371656,,,0.4784,1.0,,-3.539121,0.934917
20081014,11.018,15.6728,-0.352394,,,0.4784,1.0,,-3.53188,0.933775
20081021,10.05,14.4343,-0.362037,,,0.4782,1.0,,-3.531868,0.933729
20081028,8.79,13.9582,-0.462455,,,0.478,1.0,,-3.534587,0.934091
20081104,10.13,14.2479,-0.341106,,,0.4778,1.0,,-3.535173,0.934152
20081111,9.805,13.8223,-0.343393,,,0.4775,1.0,,-3.537072,0.934412
20081118,9.55,13.8304,-0.370326,,,0.4773,1.0,,-3.538951,0.934668
20081125,10.27,15.3359,-0.400972,,,0.4771,1.0,,-3.536147,0.93422
20081202,9.59,14.6824,-0.425932,,,0.4768,1.0,,-3.53533,0.934071
20081209,9.815,14.5236,-0.391867,,,0.4766,1.0,,-3.53504,0.934006
20081216,10.674,15.735,-0.388076,,,0.4764,1.0,,-3.532006,0.933529
20081223,10.233,15.6536,-0.425085,,,0.4762,1.0,,-3.529027,0.933059
20081230,10.955,16.21,-0.391832,,,0.4759,1.0,,-3.525368,0.93249
20090106,11.42,16.139,-0.345875,,,0.4757,1.0,,-3.522378,0.932024
20090113,10.655,15.3478,-0.364942,,,0.4755,1.0,,-3.520641,0.931747
20090120,11.158,15.9465,-0.357084,,,0.4753,1.0,,-3.517976,0.93133
20090127,12.167,16.7178,-0.317745,,,0.4751,1.0,,-3.514562,0.930803
20090203,12.295,16.5902,-0.299622,,,0.4749,1.0,,-3.511506,0.93033
20090210,13.125,16.9628,-0.256501,,,0.4748,1.0,,-3.508456,0.92986
20090217,14.008,17.8782,-0.243955,,,0.4746,1.0,,-3.504543,0.92926
20090224,13.993,17.9105,-0.246831,,,0.4745,1.0,,-3.500452,0.928632
20090303,12.695,16.9402,-0.288481,,,0.4744,1.0,,-3.496807,0.92807
20090310,12.56,16.6389,-0.281229,,,0.4742,1.0,,-3.493622,0.927578
20090317,12.685,16.9943,-0.292459,,,0.4741,1.0,,-3.489787,0.926987
20090324,13.344,17.1096,-0.24857,,,0.4739,1.0,,-3.486377,0.926462
20090331,12.975,17.0945,-0.275734,,,0.4738,1.0,,-3.482535,0.92587
20090407,12.205,16.3971,-0.295258,,,0.4736,1.0,,-3.479385,0.925382
20090414,12.76,16.544,-0.259707,,,0.4734,1.0,,-3.476417,0.924922
20090421,12.055,16.3903,-0.307209,,,0.4733,1.0,,-3.47309,0.924406
20090428,12.395,16.5711,-0.290369,,,0.4731,1.0,,-3.46969,0.92388
20090505,13.402,16.755,-0.223295,,,0.4729,1.0,,-3.46686,0.923443
20090512,14.195,17.0913,-0.185679,,,0.4727,1.0,,-3.464125,0.923022
20090519,14.11,17.1367,-0.194339,,,0.4726,1.0,,-3.461108,0.922558
20090526,14.588,17.5909,-0.187181,,,0.4725,1.0,,-3.457652,0.922027
20090602,15.945,18.0992,-0.12672,,,0.4724,1.0,,-3.454885,0.921604
20090609,15.128,17.6005,-0.15138,,,0.4723,1.0,,-3.451836,0.921136
20090616,14.12,17.2167,-0.198287,,,0.4723,1.0,,-3.448124,0.920565
20090623,13.834,17.0824,-0.210918,,,0.4721,1.0,,-3.444243,0.919967
20090630,13.574,17.1334,-0.232872,,,0.472,1.0,,-3.439784,0.919281
20090707,13.209,17.1583,-0.261584,,,0.4719,1.0,,-3.434669,0.918494
20090714,12.855,17.0469,-0.282235,,,0.4718,1.0,,-3.429358,0.917676
20090721,13.473,17.4504,-0.258673,,,0.4717,1.0,,-3.423876,0.916834
20090728,13.735,17.3169,-0.231735,,,0.4716,1.0,,-3.419154,0.916108
20090804,14.688,17.7934,-0.191797,,,0.4715,1.0,,-3.414613,0.915412
20090811,14.338,17.4235,-0.194904,,,0.4715,1.0,,-3.410338,0.914755
20090818,13.956,17.283,-0.213816,,,0.4714,1.0,,-3.405728,0.914046
20090825,14.306,17.3934,-0.195411,1.012,0.0139,0.4713,1.0,0.477,-3.40129,0.913365
20090901,15.035,17.5608,-0.155287,1.6518,0.0227,0.4713,1.0,0.7785,-3.397495,0.912782
20090908,16.488,18.281,-0.10323,2.4186,0.0332,0.4712,1.0,1.1397,-3.394349,0.912301
20090915,16.978,18.3964,-0.080235,2.5699,0.0353,0.4713,1.0,1.2111,-3.39171,0.911897
20090922,17.093,18.5471,-0.081643,2.3204,0.0318,0.4714,1.0,1.0937,-3.388781,0.91145
20090929,16.156,18.192,-0.118688,1.6419,0.0225,0.4715,1.0,0.7741,-3.384633,0.910815
20091006,17.273,18.9452,-0.092405,1.9205,0.0264,0.4716,1.0,0.9056,-3.380675,0.910211
20091013,17.825,19.3651,-0.082872,1.9405,0.0266,0.4718,1.0,0.9155,-3.376648,0.909597
20091020,17.543,19.2543,-0.093078,1.7085,0.0234,0.4721,1.0,0.8066,-3.371981,0.908885
20091027,16.531,18.8662,-0.132137,1.1533,0.0158,0.4724,1.0,0.5449,-3.365517,0.907897
20091103,17.171,19.6779,-0.136275,1.0725,0.0147,0.4727,1.0,0.507,-3.357547,0.906683
20091110,17.212,19.9569,-0.14797,0.904,0.0124,0.4732,1.0,0.4278,-3.348219,0.905262
20091117,18.377,20.5481,-0.11167,1.3318,0.0183,0.4738,1.0,0.631,-3.340365,0.904067
20091124,18.448,20.9715,-0.128208,1.092,0.015,0.4745,1.0,0.5182,-3.330463,0.902561
20091201,19.18,21.5007,-0.114215,1.2375,0.017,0.4754,1.0,0.5883,-3.320777,0.901088
20091208,17.785,20.5734,-0.145644,0.8259,0.0113,0.4765,1.0,0.3936,-3.309391,0.899356
20091215,17.441,20.2264,-0.148163,0.7815,0.0107,0.4774,1.0,0.3731,-3.29814,0.897643
20091222,17.015,19.6213,-0.142518,0.838,0.0115,0.4782,1.0,0.4007,-3.288106,0.896114
20091229,17.091,19.7863,-0.146436,0.7765,0.0107,0.4788,1.0,0.3718,-3.277299,0.894467
20100105,17.781,20.1119,-0.123179,1.0501,0.0144,0.4795,1.0,0.5036,-3.267576,0.892987
20100112,18.243,20.2717,-0.105444,1.2473,0.0171,0.4804,1.0,0.5992,-3.258813,0.891653
20100119,18.784,20.432,-0.084096,1.4793,0.0203,0.4813,1.0,0.7119,-3.251409,0.890526
20100126,16.846,19.7529,-0.159187,0.5312,0.0073,0.4823,1.0,0.2562,-3.238199,0.888513
20100202,16.736,20.0467,-0.1805,0.2662,0.0037,0.4831,1.0,0.1286,-3.222482,0.88612
20100209,15.431,19.3773,-0.227725,-0.315,-0.0043,0.484,1.0,-0.1524,-3.204926,0.883443
20100216,16.15,20.0304,-0.215332,-0.159,-0.0022,0.4847,1.0,-0.0771,-3.187398,0.880775
20100223,15.888,19.7447,-0.217319,-0.1823,-0.0025,0.4856,1.0,-0.0885,-3.17108,0.878289
20100302,17.044,20.2593,-0.172815,0.3777,0.0052,0.4863,1.0,0.1837,-3.157516,0.876225
20100309,17.318,20.0072,-0.144347,0.734,0.0101,0.4872,1.0,0.3576,-3.146596,0.874562
20100316,17.333,19.9952,-0.142881,0.7437,0.0102,0.488,1.0,0.3629,-3.135614,0.87289
20100323,17.012,19.6891,-0.146146,0.6931,0.0095,0.4888,1.0,0.3388,-3.124717,0.87123
20100330,17.316,19.6902,-0.12849,0.9109,0.0125,0.4895,1.0,0.4459,-3.114987,0.869748
20100406,17.917,20.1506,-0.117484,1.0392,0.0143,0.4903,1.0,0.5095,-3.105195,0.868258
20100413,18.238,20.409,-0.11247,1.0874,0.0149,0.4912,1.0,0.5341,-3.095185,0.866735
20100420,17.815,20.1763,-0.124469,0.9168,0.0126,0.4923,1.0,0.4513,-3.08415,0.865056
20100427,18.116,20.5139,-0.124306,0.9067,0.0124,0.4933,1.0,0.4472,-3.072324,0.863257
20100504,17.818,20.6011,-0.145137,0.6281,0.0086,0.4945,1.0,0.3105,-3.058054,0.861087
20100511,19.272,21.3549,-0.10263,1.1689,0.016,0.4957,1.0,0.5794,-3.046873,0.859389
20100518,18.855,21.2518,-0.119662,0.9312,0.0128,0.4973,1.0,0.4631,-3.033606,0.857373
20100525,17.763,20.982,-0.166546,0.317,0.0043,0.4989,1.0,0.1581,-3.015394,0.854606
20100601,18.54,21.3555,-0.141377,0.64,0.0088,0.5004,1.0,0.3203,-2.99943,0.852181
20100608,18.468,21.6128,-0.157246,0.428,0.0059,0.5021,1.0,0.2149,-2.981042,0.849389
20100615,18.569,21.421,-0.142879,0.6122,0.0084,0.504,1.0,0.3085,-2.964822,0.846926
20100622,18.896,21.4913,-0.128699,0.7925,0.0109,0.5057,1.0,0.4008,-2.950038,0.844681
20100629,18.594,21.4961,-0.145034,0.5697,0.0078,0.5075,1.0,0.2891,-2.93316,0.842118
20100706,17.833,20.7774,-0.152815,0.4623,0.0063,0.5093,1.0,0.2354,-2.916887,0.839645
20100713,18.237,21.0209,-0.142063,0.6013,0.0083,0.5108,1.0,0.3071,-2.901347,0.837284
20100720,17.685,20.6788,-0.156393,0.4055,0.0056,0.5124,1.0,0.2078,-2.884937,0.83479
20100727,17.621,20.167,-0.134955,0.6895,0.0095,0.5139,1.0,0.3543,-2.871869,0.832802
20100803,18.407,20.5411,-0.109694,1.0224,0.014,0.5151,1.0,0.5266,-2.860556,0.831082
20100810,18.146,20.6816,-0.130794,0.7269,0.01,0.5165,1.0,0.3754,-2.846472,0.828942
20100817,18.586,21.0935,-0.126554,0.7774,0.0107,0.518,1.0,0.4027,-2.831961,0.826738
20100824,18.369,21.1428,-0.140633,0.5803,0.008,0.5198,1.0,0.3016,-2.815563,0.824248
20100831,19.398,21.3476,-0.095772,1.1833,0.0162,0.5216,1.0,0.6172,-2.804117,0.82251
20100907,19.883,21.4539,-0.076043,1.4339,0.0197,0.5235,1.0,0.7507,-2.794651,0.821073
20100914,20.401,21.6105,-0.057594,1.6575,0.0227,0.5256,1.0,0.8711,-2.787081,0.819924
20100921,20.62,21.6343,-0.048018,1.7511,0.024,0.5278,1.0,0.9243,-2.780479,0.818922
20100928,21.688,22.097,-0.018681,2.099,0.0288,0.5302,1.0,1.1129,-2.777654,0.818494
20101005,22.714,22.5375,0.007803,2.3817,0.0327,0.533,1.0,1.2695,-2.77895,0.81869
20101012,23.129,22.6338,0.021643,2.4744,0.0339,0.5363,1.0,1.327,-2.782749,0.819266
20101019,23.764,22.4955,0.054856,2.793,0.0383,0.5399,1.0,1.5079,-2.792666,0.82077
20101026,23.824,22.556,0.054694,2.6689,0.0366,0.5435,1.0,1.4505,-2.802926,0.822325
20101102,24.832,22.8321,0.083966,2.8989,0.0398,0.5473,1.0,1.5866,-2.819588,0.82485
20101109,28.902,23.6076,0.202342,4.0819,0.056,0.5515,1.0,2.2511,-2.862984,0.831422
20101116,25.229,22.7043,0.105439,2.7538,0.0378,0.5564,1.0,1.5322,-2.880944,0.834145
20101123,27.568,23.2959,0.168378,3.2701,0.0449,0.5599,1.0,1.8309,-2.91116,0.838723
20101130,28.185,23.4696,0.183084,3.2331,0.0444,0.5638,1.0,1.8228,-2.942058,0.843404
20101207,29.748,23.8727,0.220025,3.4001,0.0467,0.5675,1.0,1.9297,-2.977232,0.848731
20101214,29.759,23.8873,0.219784,3.2045,0.044,0.5712,1.0,1.8303,-3.008102,0.853406
20101221,29.376,23.7348,0.213234,2.9862,0.041,0.5743,1.0,1.7151,-3.034551,0.857413
20101228,30.297,24.0449,0.231126,2.996,0.0411,0.577,1.0,1.7288,-3.061506,0.861495
20110104,29.492,23.7132,0.218089,2.7608,0.0379,0.5796,1.0,1.6002,-3.083891,0.864887
20110111,29.49,23.8457,0.212446,2.6115,0.0358,0.5818,1.0,1.5193,-3.104418,0.867997
20110118,28.901,23.6542,0.200335,2.4313,0.0334,0.5838,1.0,1.4195,-3.122359,0.870715
20110125,26.811,23.1534,0.146669,1.9714,0.027,0.5857,1.0,1.1545,-3.134381,0.872538
20110201,28.524,23.2895,0.202742,2.3254,0.0319,0.5872,1.0,1.3655,-3.151274,0.875099
20110208,30.271,23.6878,0.245228,2.5551,0.0351,0.5888,1.0,1.5044,-3.171603,0.87818
20110215,30.693,23.8889,0.25062,2.5084,0.0344,0.5905,1.0,1.4812,-3.19115,0.881142
20110222,32.864,24.3457,0.300022,2.7573,0.0378,0.592,1.0,1.6325,-3.213711,0.884559
20110301,34.416,24.864,0.3251,2.8188,0.0387,0.5936,1.0,1.6733,-3.236412,0.887995
20110308,35.653,24.8617,0.360503,2.935,0.0403,0.5951,1.0,1.7467,-3.258649,0.891362
20110315,34.116,24.3823,0.335909,2.6695,0.0366,0.5964,1.0,1.5921,-3.276008,0.893992
20110322,36.271,24.9697,0.373357,2.8012,0.0384,0.5974,1.0,1.6734,-3.294408,0.896777
20110329,36.977,24.8347,0.398054,2.8421,0.039,0.5984,1.0,1.7006,-3.311754,0.899404
20110405,39.175,25.4422,0.431629,2.9253,0.0401,0.5992,1.0,1.7528,-3.329304,0.90206
20110412,40.058,25.5052,0.451447,2.9209,0.0401,0.6,1.0,1.7524,-3.345601,0.904527
20110419,43.919,26.2084,0.516268,3.1511,0.0432,0.6006,1.0,1.8926,-3.362993,0.907158
20110426,45.058,26.392,0.534888,3.1112,0.0427,0.6013,1.0,1.8706,-3.378773,0.909544
20110503,42.576,27.0293,0.45437,2.5876,0.0355,0.6018,1.0,1.5572,-3.391008,0.911394
20110510,38.48,26.6889,0.365889,2.0855,0.0286,0.6023,1.0,1.2561,-3.40003,0.912759
20110517,33.488,26.1226,0.248388,1.4857,0.0204,0.6027,1.0,0.8954,-3.405818,0.913634
20110524,36.121,26.8379,0.297061,1.696,0.0233,0.603,1.0,1.0227,-3.413245,0.914757
20110531,38.303,27.0642,0.347315,1.9052,0.0261,0.6034,1.0,1.1497,-3.422111,0.916098
20110607,37.04,27.21,0.308413,1.6911,0.0232,0.6039,1.0,1.0213,-3.429952,0.917283
20110614,35.41,26.9177,0.27421,1.5089,0.0207,0.6043,1.0,0.9119,-3.436813,0.918321
20110621,36.373,27.2979,0.287017,1.5485,0.0212,0.6048,1.0,0.9365,-3.444269,0.919448
20110628,33.633,26.5671,0.235833,1.2957,0.0178,0.6052,1.0,0.7842,-3.45017,0.920341
20110705,35.402,26.7893,0.278767,1.4773,0.0203,0.6056,1.0,0.8947,-3.457423,0.921438
20110712,35.629,27.6193,0.254645,1.3507,0.0185,0.6061,1.0,0.8186,-3.464462,0.922502
20110719,40.211,28.2771,0.352088,1.7753,0.0244,0.6066,1.0,1.0769,-3.474739,0.924055
20110726,40.691,28.567,0.353756,1.7557,0.0241,0.6072,1.0,1.066,-3.485002,0.925605
20110802,40.081,29.0151,0.323085,1.5935,0.0219,0.6078,1.0,0.9686,-3.494398,0.927024
20110809,37.877,30.6528,0.211619,1.0816,0.0148,0.6085,1.0,0.6581,-3.501012,0.928023
20110816,39.821,31.3716,0.238491,1.1915,0.0163,0.6092,1.0,0.7259,-3.508934,0.929218
20110823,42.281,32.6446,0.258658,1.2698,0.0174,0.6101,1.0,0.7748,-3.518169,0.930611
20110830,41.398,32.1679,0.252264,1.2299,0.0169,0.6112,1.0,0.7517,-3.52711,0.93196
20110906,41.818,32.9154,0.239385,1.1625,0.0159,0.6122,1.0,0.7117,-3.535965,0.933296
20110913,41.123,32.2457,0.243183,1.1695,0.016,0.6133,1.0,0.7173,-3.544872,0.934639
20110920,40.081,31.9501,0.226726,1.0878,0.0149,0.6144,1.0,0.6684,-3.553197,0.935895
20110927,31.497,29.3929,0.06914,0.391,0.0054,0.6155,1.0,0.2406,-3.555501,0.936243
20111004,29.795,28.8018,0.033902,0.235,0.0032,0.6163,1.0,0.1448,-3.556658,0.936418
20111011,31.963,29.5568,0.078266,0.4292,0.0059,0.617,1.0,0.2648,-3.559599,0.936862
20111018,31.801,29.4337,0.077359,0.4235,0.0058,0.618,1.0,0.2617,-3.562643,0.937322
20111025,33.034,30.244,0.08824,0.4699,0.0064,0.619,1.0,0.2908,-3.566448,0.937897
20111101,32.722,30.4485,0.072012,0.396,0.0054,0.6202,1.0,0.2456,-3.569741,0.938394
20111108,35.137,31.9188,0.09606,0.5014,0.0069,0.6214,1.0,0.3116,-3.574671,0.939138
20111115,34.448,31.6607,0.084373,0.4472,0.0061,0.623,1.0,0.2786,-3.579153,0.939814
20111122,32.948,30.3489,0.082172,0.4356,0.006,0.6247,1.0,0.2721,-3.583469,0.940466
20111129,31.853,30.5529,0.041673,0.2524,0.0035,0.6262,1.0,0.1581,-3.585786,0.940815
20111206,32.672,30.8049,0.058844,0.3287,0.0045,0.6278,1.0,0.2064,-3.589275,0.941342
20111213,31.195,29.6754,0.04994,0.2874,0.0039,0.6296,1.0,0.1809,-3.592227,0.941788
20111220,29.496,28.9391,0.01906,0.1468,0.002,0.6313,1.0,0.0927,-3.593369,0.94196
20111227,28.697,28.5817,0.004025,0.0781,0.0011,0.633,1.0,0.0494,-3.593619,0.941998
20120103,29.533,28.6754,0.029468,0.1936,0.0027,0.6346,1.0,0.1229,-3.595562,0.942292
20120110,29.783,29.2103,0.019415,0.1471,0.002,0.6365,1.0,0.0936,-3.596951,0.942502
20120117,30.106,29.6235,0.016157,0.1317,0.0018,0.6385,1.0,0.0841,-3.598196,0.94269
20120124,31.931,29.7797,0.069749,0.3774,0.0052,0.6408,1.0,0.2418,-3.603901,0.943551
20120131,33.233,31.0422,0.068197,0.3689,0.0051,0.6433,1.0,0.2373,-3.610068,0.944482
20120207,34.165,31.2115,0.090415,0.4702,0.0065,0.6463,1.0,0.3039,-3.618641,0.945776
20120214,33.326,30.7291,0.081129,0.4254,0.0058,0.6495,1.0,0.2763,-3.626406,0.946948
20120221,34.413,31.4577,0.089792,0.4641,0.0064,0.6527,1.0,0.3029,-3.635584,0.948333
20120228,37.14,32.0025,0.14888,0.7371,0.0101,0.6562,1.0,0.4837,-3.651599,0.95075
20120306,32.741,30.0936,0.084317,0.4331,0.0059,0.66,1.0,0.2858,-3.659857,0.951997
20120313,33.544,30.5061,0.094932,0.4811,0.0066,0.6631,1.0,0.319,-3.669634,0.953473
20120320,31.805,29.734,0.067331,0.3502,0.0048,0.6665,1.0,0.2334,-3.676481,0.954507
20120327,32.601,30.4151,0.069404,0.3587,0.0049,0.6698,1.0,0.2403,-3.684044,0.955649
20120403,33.25,30.1875,0.096626,0.4856,0.0067,0.6734,1.0,0.327,-3.694817,0.957277
20120410,31.67,30.0449,0.052678,0.2767,0.0038,0.6771,1.0,0.1873,-3.70076,0.958174
20120417,31.665,29.9065,0.057135,0.2969,0.0041,0.6808,1.0,0.2021,-3.707417,0.95918
20120424,30.74,29.8033,0.030947,0.1718,0.0024,0.6846,1.0,0.1176,-3.711136,0.959742
20120501,30.877,30.142,0.024091,0.1387,0.0019,0.6885,1.0,0.0955,-3.714212,0.960206
20120508,29.414,29.1471,0.009115,0.067,0.0009,0.6928,1.0,0.0464,-3.715369,0.960381
20120515,28.054,28.3267,-0.009674,-0.023,-0.0003,0.6968,1.0,-0.016,-3.714139,0.960195
20120522,28.165,28.6634,-0.01754,-0.0607,-0.0008,0.7007,1.0,-0.0425,-3.711754,0.959835
20120529,27.767,28.1721,-0.014485,-0.0458,-0.0006,0.7049,1.0,-0.0323,-3.70975,0.959531
20120605,28.39,29.3271,-0.032477,-0.1324,-0.0018,0.7092,1.0,-0.0939,-3.704737,0.958774
20120612,28.943,29.2666,-0.011117,-0.0288,-0.0004,0.7143,1.0,-0.0206,-3.702957,0.958505
20120619,28.362,29.4257,-0.036818,-0.1533,-0.0021,0.7196,1.0,-0.1103,-3.696753,0.957567
20120626,27.037,28.5672,-0.055054,-0.2414,-0.0033,0.7254,1.0,-0.1751,-3.687573,0.956179
20120703,28.243,29.357,-0.038687,-0.161,-0.0022,0.7308,1.0,-0.1177,-3.680658,0.955134
20120710,26.851,28.6071,-0.063353,-0.281,-0.0039,0.7369,1.0,-0.2071,-3.669419,0.953435
20120717,27.292,28.7397,-0.051684,-0.2231,-0.0031,0.7428,1.0,-0.1657,-3.660015,0.952014
20120724,26.79,28.4834,-0.061294,-0.2696,-0.0037,0.7489,1.0,-0.2019,-3.648746,0.95031
20120731,27.895,29.0386,-0.040177,-0.1649,-0.0023,0.755,1.0,-0.1245,-3.640999,0.949139
20120807,28.075,28.9988,-0.032375,-0.126,-0.0017,0.7617,1.0,-0.096,-3.634586,0.94817
20120814,27.756,28.8014,-0.036973,-0.1484,-0.002,0.7687,1.0,-0.1141,-3.627107,0.947039
20120821,29.421,29.4663,-0.001538,0.0278,0.0004,0.7757,1.0,0.0216,-3.626775,0.946989
20120828,30.869,29.9175,0.031308,0.1911,0.0026,0.7836,1.0,0.1497,-3.633943,0.948071
20120904,32.348,30.3928,0.062345,0.3453,0.0047,0.7923,1.0,0.2736,-3.64891,0.95033
20120911,33.509,31.1129,0.074191,0.4035,0.0055,0.8018,1.0,0.3235,-3.66721,0.953091
20120918,34.644,31.8119,0.085284,0.4578,0.0063,0.8119,1.0,0.3717,-3.688385,0.956283
20120925,33.886,31.8185,0.062954,0.3443,0.0047,0.8224,1.0,0.2832,-3.703369,0.958542
20121002,34.604,32.0333,0.077192,0.415,0.0057,0.8326,1.0,0.3455,-3.721744,0.961313
20121009,33.951,31.9397,0.061069,0.3325,0.0046,0.8429,1.0,0.2802,-3.735799,0.963432
20121016,32.922,31.6767,0.038558,0.2178,0.003,0.8528,1.0,0.1858,-3.744511,0.964746
20121023,31.768,31.073,0.022121,0.134,0.0018,0.8624,1.0,0.1156,-3.749452,0.965492
20121030,32.011,31.1376,0.027664,0.1618,0.0022,0.8717,1.0,0.1411,-3.755825,0.966453
20121106,32.019,31.2184,0.025321,0.1495,0.0021,0.8813,1.0,0.1317,-3.761819,0.967358
20121113,32.478,31.4196,0.03313,0.1889,0.0026,0.8913,1.0,0.1684,-3.769923,0.968581
20121120,32.923,31.4337,0.046292,0.2557,0.0035,0.9018,1.0,0.2306,-3.781435,0.970317
20121127,33.982,31.8154,0.06588,0.3555,0.0049,0.9125,1.0,0.3244,-3.798122,0.972834
20121204,32.734,31.0308,0.053433,0.2906,0.004,0.9237,1.0,0.2684,-3.810761,0.974742
20121211,32.941,31.3256,0.050283,0.2736,0.0038,0.9337,1.0,0.2554,-3.82273,0.976549
20121218,31.595,30.6776,0.029466,0.1655,0.0023,0.9439,1.0,0.1562,-3.829486,0.977569
20121225,29.839,30.5067,-0.02213,-0.1017,-0.0014,0.9534,1.0,-0.097,-3.824356,0.976794
20130101,30.173,30.7787,-0.019877,-0.0898,-0.0012,0.9629,1.0,-0.0865,-3.819552,0.976068
20130108,30.415,30.5224,-0.003524,-0.0046,-0.0001,0.973,1.0,-0.0045,-3.818689,0.975938
20130115,31.498,30.9117,0.018788,0.1116,0.0015,0.9831,1.0,0.1097,-3.823539,0.97667
20130122,32.147,31.0986,0.033155,0.1863,0.0026,0.9941,1.0,0.1852,-3.832378,0.978005
20130129,31.159,30.5548,0.019582,0.1148,0.0016,1.0057,1.0,0.1155,-3.837483,0.978776
20130205,31.859,30.7844,0.034313,0.1918,0.0026,1.0166,1.0,0.195,-3.846737,0.980174
20130212,31.004,30.3907,0.019978,0.116,0.0016,1.028,1.0,0.1193,-3.852022,0.980973
20130219,29.413,29.5937,-0.006126,-0.0218,-0.0003,1.0389,1.0,-0.0226,-3.850445,0.980734
20130226,29.256,29.7982,-0.018362,-0.0863,-0.0012,1.049,1.0,-0.0905,-3.845509,0.979987
20130305,28.563,29.047,-0.016804,-0.0779,-0.0011,1.0596,1.0,-0.0825,-3.841106,0.979319
20130312,29.131,29.3373,-0.007057,-0.026,-0.0004,1.0695,1.0,-0.0278,-3.839174,0.979027
20130319,28.81,29.6879,-0.030017,-0.148,-0.002,1.08,1.0,-0.1598,-3.830521,0.977717
20130326,28.644,29.3787,-0.025327,-0.1227,-0.0017,1.0914,1.0,-0.1339,-3.823338,0.976629
20130402,27.217,28.9821,-0.062837,-0.3227,-0.0044,1.1023,1.0,-0.3557,-3.805805,0.973971
20130409,27.866,29.1217,-0.044075,-0.2215,-0.003,1.1126,1.0,-0.2464,-3.794359,0.972237
20130416,23.622,25.5219,-0.077357,-0.3994,-0.0055,1.1224,1.0,-0.4483,-3.780147,0.97005
20130423,22.813,25.8693,-0.125725,-0.6582,-0.009,1.127,1.0,-0.7418,-3.758783,0.96677
20130430,24.144,26.9325,-0.109299,-0.5678,-0.0078,1.1314,1.0,-0.6424,-3.74347,0.964433
20130507,23.771,26.4772,-0.107817,-0.5581,-0.0077,1.1354,1.0,-0.6337,-3.731205,0.962558
20130514,23.355,26.0136,-0.107808,-0.5565,-0.0076,1.1383,1.0,-0.6335,-3.720943,0.960985
20130521,22.442,25.1609,-0.114358,-0.5903,-0.0081,1.1406,1.0,-0.6733,-3.712115,0.959625
20130528,22.18,25.1584,-0.126,-0.6515,-0.0089,1.1421,1.0,-0.7441,-3.703391,0.95828
20130604,22.4,25.4477,-0.127563,-0.658,-0.009,1.1433,1.0,-0.7523,-3.695281,0.957034
20130611,21.645,25.0741,-0.147061,-0.7617,-0.0105,1.1445,1.0,-0.8718,-3.687268,0.955799
20130618,21.676,24.8703,-0.13747,-0.7071,-0.0097,1.1454,1.0,-0.8099,-3.6809,0.954816
20130625,19.526,23.2558,-0.174806,-0.9077,-0.0125,1.146,1.0,-1.0403,-3.675202,0.953921
20130702,19.298,22.6966,-0.162212,-0.8357,-0.0115,1.1461,1.0,-0.9578,-3.671162,0.95328
20130709,19.125,22.7247,-0.172456,-0.8885,-0.0122,1.1459,1.0,-1.0181,-3.667263,0.952663
20130716,19.923,23.4924,-0.164803,-0.8435,-0.0116,1.1458,1.0,-0.9664,-3.663361,0.952052
20130723,20.246,24.248,-0.180375,-0.9253,-0.0127,1.1457,1.0,-1.06,-3.658882,0.951358
20130730,19.666,24.0436,-0.200979,-1.0339,-0.0142,1.1457,1.0,-1.1845,-3.654473,0.950673
20130806,19.515,23.3267,-0.178414,-0.9065,-0.0124,1.1456,1.0,-1.0385,-3.651377,0.950187
20130813,21.336,23.9735,-0.116553,-0.566,-0.0078,1.1454,1.0,-0.6483,-3.649249,0.949856
20130820,23.066,24.8609,-0.074938,-0.3374,-0.0046,1.1452,1.0,-0.3864,-3.647672,0.949613
20130827,24.649,25.6723,-0.040677,-0.1493,-0.002,1.1452,1.0,-0.171,-3.646684,0.949462
20130903,24.382,25.5219,-0.045692,-0.1765,-0.0024,1.1453,1.0,-0.2021,-3.645534,0.949285
20130910,22.966,24.6961,-0.072631,-0.324,-0.0044,1.1454,1.0,-0.3711,-3.64381,0.949019
20130917,21.735,23.7524,-0.088758,-0.4119,-0.0057,1.1454,1.0,-0.4718,-3.641923,0.948725
20130924,21.539,23.8588,-0.10229,-0.4855,-0.0067,1.1453,1.0,-0.556,-3.639654,0.948372
20131001,21.124,23.3365,-0.099608,-0.4695,-0.0064,1.1452,1.0,-0.5376,-3.637618,0.948053
20131008,22.397,23.9872,-0.068594,-0.297,-0.0041,1.1451,1.0,-0.34,-3.636024,0.947805
20131015,21.146,23.1029,-0.08851,-0.4066,-0.0056,1.145,1.0,-0.4655,-3.634205,0.947519
20131022,22.754,24.2909,-0.065361,-0.2773,-0.0038,1.1448,1.0,-0.3174,-3.632515,0.947258
20131029,22.452,24.3324,-0.08043,-0.3604,-0.0049,1.1449,1.0,-0.4126,-3.630341,0.946921
20131105,21.614,23.6888,-0.091663,-0.4221,-0.0058,1.1449,1.0,-0.4832,-3.628054,0.946564
20131112,20.768,23.0495,-0.104232,-0.4911,-0.0067,1.1449,1.0,-0.5623,-3.625717,0.946197
20131119,20.326,23.0823,-0.127164,-0.6179,-0.0085,1.1447,1.0,-0.7074,-3.622844,0.945745
20131126,19.846,22.5253,-0.126636,-0.6133,-0.0084,1.1446,1.0,-0.702,-3.620379,0.945354
20131203,19.011,22.18,-0.154174,-0.7658,-0.0105,1.1443,1.0,-0.8763,-3.61769,0.944923
20131210,20.256,22.8692,-0.121338,-0.5795,-0.008,1.144,1.0,-0.663,-3.615345,0.944553
20131217,19.792,22.3283,-0.120577,-0.5738,-0.0079,1.1438,1.0,-0.6563,-3.613312,0.944229
20131224,19.453,21.8751,-0.117349,-0.5542,-0.0076,1.1435,1.0,-0.6337,-3.611575,0.943949
20131231,19.339,21.8148,-0.120466,-0.5703,-0.0078,1.1431,1.0,-0.6519,-3.609831,0.943667
20140107,19.765,22.2799,-0.119772,-0.565,-0.0078,1.1427,1.0,-0.6456,-3.60788,0.943356
20140114,20.251,22.544,-0.107264,-0.4931,-0.0068,1.1424,1.0,-0.5633,-3.60603,0.943063
20140121,19.838,22.489,-0.125429,-0.5944,-0.0082,1.1421,1.0,-0.6789,-3.603881,0.942722
20140128,19.483,22.6311,-0.149784,-0.7306,-0.01,1.1418,1.0,-0.8342,-3.601263,0.942307
20140204,19.402,22.6354,-0.15414,-0.7531,-0.0103,1.1416,1.0,-0.8597,-3.598677,0.941898
20140211,20.143,23.2812,-0.144788,-0.6979,-0.0096,1.1413,1.0,-0.7965,-3.596014,0.941481
20140218,21.891,23.8609,-0.086165,-0.3638,-0.005,1.1411,1.0,-0.4151,-3.594302,0.941216
20140225,21.96,24.1662,-0.095732,-0.4174,-0.0057,1.1409,1.0,-0.4762,-3.592242,0.940897
20140304,21.188,24.0725,-0.127633,-0.5978,-0.0082,1.1408,1.0,-0.682,-3.589481,0.940469
20140311,20.784,24.212,-0.152663,-0.7387,-0.0101,1.1408,1.0,-0.8427,-3.586139,0.939952
20140318,20.836,24.4138,-0.158467,-0.7697,-0.0106,1.1407,1.0,-0.878,-3.582696,0.939421
20140325,19.955,23.6004,-0.167785,-0.8206,-0.0113,1.1406,1.0,-0.936,-3.579645,0.938945
20140401,19.669,23.0544,-0.158811,-0.7669,-0.0105,1.1404,1.0,-0.8746,-3.577171,0.938557
20140408,20.042,23.5389,-0.160826,-0.7762,-0.0106,1.1401,1.0,-0.8849,-3.574509,0.938142
20140415,19.478,23.3847,-0.182798,-0.8994,-0.0123,1.1399,1.0,-1.0253,-3.571666,0.937698
20140422,19.351,23.0495,-0.174901,-0.8514,-0.0117,1.1396,1.0,-0.9702,-3.569256,0.93732
20140429,19.488,23.3023,-0.178755,-0.8708,-0.0119,1.1393,1.0,-0.9921,-3.566767,0.936931
20140506,19.598,23.5025,-0.181678,-0.8847,-0.0121,1.139,1.0,-1.0077,-3.564243,0.936538
20140513,19.504,23.2649,-0.176328,-0.8513,-0.0117,1.1387,1.0,-0.9694,-3.561993,0.936186
20140520,19.367,23.257,-0.183034,-0.8871,-0.0122,1.1384,1.0,-1.0099,-3.55973,0.935832
20140527,19.039,22.7611,-0.178565,-0.8587,-0.0118,1.1381,1.0,-0.9773,-3.557807,0.935529
20140603,18.732,22.4005,-0.178848,-0.8577,-0.0118,1.1377,1.0,-0.9758,-3.556083,0.935256
20140610,19.147,22.6562,-0.168288,-0.7945,-0.0109,1.1373,1.0,-0.9036,-3.5544,0.93499
20140617,19.721,22.8514,-0.147326,-0.672,-0.0092,1.1369,1.0,-0.764,-3.552882,0.934751
20140624,21.038,23.6722,-0.117973,-0.5018,-0.0069,1.1365,1.0,-0.5703,-3.551446,0.934528
20140701,21.067,23.7604,-0.120311,-0.5141,-0.0071,1.1362,1.0,-0.5842,-3.549921,0.934291
20140708,20.967,23.5821,-0.117537,-0.497,-0.0068,1.1359,1.0,-0.5646,-3.548446,0.934062
20140715,20.842,23.2582,-0.109688,-0.4507,-0.0062,1.1356,1.0,-0.5118,-3.547121,0.933855
20140722,20.965,23.4085,-0.110246,-0.453,-0.0062,1.1352,1.0,-0.5143,-3.545712,0.933635
20140729,20.546,23.2741,-0.124675,-0.5355,-0.0073,1.1349,1.0,-0.6077,-3.544119,0.933386
20140805,19.794,23.0303,-0.151433,-0.6891,-0.0095,1.1346,1.0,-0.7819,-3.54225,0.933093
20140812,19.87,23.4398,-0.165223,-0.7673,-0.0105,1.1343,1.0,-0.8703,-3.540053,0.932751
20140819,19.387,23.2048,-0.179757,-0.8494,-0.0117,1.134,1.0,-0.9632,-3.537814,0.932401
20140826,19.37,23.0098,-0.172194,-0.8031,-0.011,1.1336,1.0,-0.9104,-3.535818,0.932088
20140902,19.071,22.6683,-0.172798,-0.8044,-0.011,1.1333,1.0,-0.9116,-3.534,0.931801
20140909,18.844,22.3805,-0.171997,-0.7975,-0.0109,1.1329,1.0,-0.9035,-3.532344,0.931538
20140916,18.656,22.1817,-0.173099,-0.8017,-0.011,1.1325,1.0,-0.9079,-3.530789,0.931291
20140923,17.713,21.9395,-0.213991,-1.0372,-0.0142,1.132,1.0,-1.1741,-3.529021,0.931007
20140930,17.006,21.7584,-0.246435,-1.2222,-0.0168,1.1316,1.0,-1.383,-3.527193,0.930712
20141007,17.191,21.7728,-0.236274,-1.1581,-0.0159,1.1311,1.0,-1.31,-3.525573,0.930451
20141014,17.353,22.1335,-0.243328,-1.1946,-0.0164,1.1306,1.0,-1.3507,-3.523833,0.930174
20141021,17.504,22.4185,-0.247458,-1.2138,-0.0167,1.1302,1.0,-1.3718,-3.522042,0.92989
20141028,17.185,22.0499,-0.249271,-1.2194,-0.0167,1.1297,1.0,-1.3775,-3.520495,0.929643
20141104,15.927,21.013,-0.277125,-1.3757,-0.0189,1.1293,1.0,-1.5535,-3.51934,0.929451
20141111,15.664,20.9319,-0.289907,-1.4431,-0.0198,1.1287,1.0,-1.6289,-3.518252,0.92927
20141118,16.17,21.4942,-0.284626,-1.4054,-0.0193,1.1282,1.0,-1.5856,-3.517025,0.929071
20141125,16.554,21.4969,-0.261281,-1.2641,-0.0173,1.1277,1.0,-1.4256,-3.515963,0.928898
20141202,16.408,21.5285,-0.271607,-1.3183,-0.0181,1.1272,1.0,-1.4859,-3.514886,0.928723
20141209,17.081,22.0629,-0.255931,-1.2223,-0.0168,1.1267,1.0,-1.3772,-3.513741,0.928541
20141216,15.715,21.4334,-0.310335,-1.5301,-0.021,1.1262,1.0,-1.7231,-3.512624,0.928359
20141223,15.73,21.163,-0.296684,-1.4436,-0.0198,1.1257,1.0,-1.625,-3.511711,0.928208
20141230,16.24,21.5314,-0.282035,-1.3527,-0.0186,1.1251,1.0,-1.522,-3.510765,0.928055
20150106,16.603,21.8461,-0.274441,-1.3032,-0.0179,1.1246,1.0,-1.4656,-3.509781,0.927897
20150113,17.125,22.0923,-0.254692,-1.1849,-0.0163,1.1241,1.0,-1.3319,-3.508823,0.927744
20150120,17.947,23.0823,-0.251644,-1.163,-0.016,1.1236,1.0,-1.3067,-3.507641,0.92756
20150127,18.068,23.0377,-0.242989,-1.1093,-0.0152,1.1231,1.0,-1.2459,-3.506519,0.927384
20150203,17.305,22.5049,-0.262737,-1.218,-0.0167,1.1226,1.0,-1.3674,-3.505443,0.927214
20150210,16.857,22.036,-0.267912,-1.2428,-0.0171,1.1221,1.0,-1.3946,-3.504482,0.927061
20150217,16.362,21.6431,-0.279726,-1.3051,-0.0179,1.1216,1.0,-1.4638,-3.503601,0.926919
20150224,16.182,21.4543,-0.282027,-1.3127,-0.018,1.1211,1.0,-1.4717,-3.502783,0.926786
20150303,16.258,21.5696,-0.282698,-1.311,-0.018,1.1206,1.0,-1.4691,-3.501946,0.92665
20150310,15.613,20.8372,-0.288637,-1.3392,-0.0184,1.1201,1.0,-1.5,-3.501309,0.926544
20150317,15.562,20.6384,-0.282322,-1.2977,-0.0178,1.1195,1.0,-1.4527,-3.500752,0.926449
20150324,16.963,21.3578,-0.230381,-0.9983,-0.0137,1.119,1.0,-1.117,-3.500149,0.926351
20150331,16.581,21.213,-0.246355,-1.0856,-0.0149,1.1184,1.0,-1.2142,-3.499531,0.92625
20150407,16.825,21.6671,-0.252931,-1.1193,-0.0154,1.1179,1.0,-1.2512,-3.498787,0.92613
20150414,16.151,21.3696,-0.279989,-1.2685,-0.0174,1.1174,1.0,-1.4174,-3.498041,0.926008
20150421,16.002,21.5347,-0.29695,-1.3594,-0.0187,1.1169,1.0,-1.5182,-3.497215,0.925875
20150428,16.587,21.7159,-0.269427,-1.1981,-0.0164,1.1163,1.0,-1.3375,-3.496437,0.925749
20150505,16.557,21.3689,-0.255128,-1.1131,-0.0153,1.1158,1.0,-1.242,-3.495783,0.925643
20150512,16.51,21.3568,-0.257404,-1.1222,-0.0154,1.1153,1.0,-1.2515,-3.495125,0.925536
20150519,17.05,21.5915,-0.23615,-0.9985,-0.0137,1.1148,1.0,-1.1131,-3.494471,0.92543
20150526,16.734,21.2631,-0.239532,-1.0146,-0.0139,1.1142,1.0,-1.1305,-3.493872,0.925332
20150602,16.783,21.3754,-0.241876,-1.0248,-0.0141,1.1137,1.0,-1.1413,-3.493237,0.925229
20150609,15.949,21.095,-0.27964,-1.2345,-0.0169,1.1132,1.0,-1.3743,-3.492569,0.925119
20150616,15.958,21.1457,-0.281477,-1.2403,-0.017,1.1127,1.0,-1.38,-3.491892,0.925007
20150623,15.732,21.0721,-0.292255,-1.2963,-0.0178,1.1121,1.0,-1.4416,-3.491217,0.924896
20150630,15.551,20.9919,-0.300011,-1.3348,-0.0183,1.1116,1.0,-1.4837,-3.490555,0.924787
20150707,14.95,20.6729,-0.324111,-1.4647,-0.0201,1.1111,1.0,-1.6273,-3.489946,0.924684
20150714,15.295,20.6854,-0.301903,-1.3334,-0.0183,1.1105,1.0,-1.4808,-3.489391,0.92459
20150721,14.769,19.8545,-0.295899,-1.2944,-0.0178,1.11,1.0,-1.4368,-3.48907,0.924531
20150728,14.631,19.7345,-0.299224,-1.308,-0.0179,1.1094,1.0,-1.4511,-3.48878,0.924476
20150804,14.55,19.6394,-0.299948,-1.3069,-0.0179,1.1089,1.0,-1.4492,-3.488517,0.924426
20150811,15.281,19.9188,-0.265052,-1.1069,-0.0152,1.1083,1.0,-1.2268,-3.488224,0.924372
20150818,14.787,20.075,-0.305727,-1.3304,-0.0183,1.1078,1.0,-1.4738,-3.487843,0.924304
20150825,14.61,20.4233,-0.334969,-1.4882,-0.0204,1.1072,1.0,-1.6478,-3.487334,0.924217
20150901,14.613,20.4294,-0.335064,-1.4819,-0.0203,1.1067,1.0,-1.64,-3.486837,0.924132
20150908,14.75,20.1237,-0.310656,-1.3395,-0.0184,1.1062,1.0,-1.4817,-3.486462,0.924065
20150915,14.319,19.8296,-0.32559,-1.417,-0.0194,1.1056,1.0,-1.5667,-3.486148,0.924007
20150922,14.75,20.1963,-0.314258,-1.3482,-0.0185,1.1051,1.0,-1.4898,-3.485761,0.92394
20150929,14.569,20.2293,-0.328238,-1.4202,-0.0195,1.1045,1.0,-1.5686,-3.485353,0.923868
20151006,15.979,20.5539,-0.251774,-0.9914,-0.0136,1.104,1.0,-1.0945,-3.484984,0.923805
20151013,15.897,20.8668,-0.272027,-1.1006,-0.0151,1.1034,1.0,-1.2145,-3.484515,0.923728
20151020,15.905,21.0667,-0.281058,-1.1471,-0.0157,1.1029,1.0,-1.2652,-3.483985,0.92364
20151027,15.858,20.8798,-0.275107,-1.1105,-0.0152,1.1024,1.0,-1.2242,-3.483502,0.92356
20151103,15.244,20.0073,-0.271909,-1.0894,-0.0149,1.1018,1.0,-1.2003,-3.483204,0.923507
20151110,14.356,19.5742,-0.310045,-1.2966,-0.0178,1.1013,1.0,-1.428,-3.482967,0.92346
20151117,14.17,19.2484,-0.306301,-1.2711,-0.0174,1.1007,1.0,-1.3992,-3.482816,0.923427
20151124,14.169,19.3399,-0.311116,-1.2931,-0.0177,1.1002,1.0,-1.4226,-3.482639,0.92339
20151201,14.055,19.1637,-0.310041,-1.2824,-0.0176,1.0996,1.0,-1.4102,-3.482509,0.923359
20151208,14.091,19.37,-0.318187,-1.3225,-0.0181,1.0991,1.0,-1.4536,-3.482323,0.92332
20151215,13.74,19.1456,-0.33176,-1.3921,-0.0191,1.0985,1.0,-1.5293,-3.48219,0.923289
20151222,14.302,19.3417,-0.301865,-1.2224,-0.0168,1.098,1.0,-1.3422,-3.482024,0.923254
20151229,13.917,19.3851,-0.331392,-1.3802,-0.0189,1.0974,1.0,-1.5147,-3.481831,0.923214
20160105,13.949,19.3984,-0.32978,-1.3659,-0.0187,1.0969,1.0,-1.4983,-3.481639,0.923174
20160112,13.74,19.5162,-0.350936,-1.4764,-0.0203,1.0964,1.0,-1.6186,-3.481405,0.923128
20160119,14.11,19.5859,-0.327924,-1.3443,-0.0184,1.0958,1.0,-1.4731,-3.481174,0.923084
20160126,14.544,20.1111,-0.324095,-1.3183,-0.0181,1.0953,1.0,-1.4439,-3.480827,0.923022
20160202,14.276,20.2021,-0.347207,-1.4395,-0.0197,1.0947,1.0,-1.5758,-3.480436,0.922954
20160209,15.444,21.3783,-0.325158,-1.3135,-0.018,1.0942,1.0,-1.4372,-3.479823,0.922855
20160216,15.329,21.5277,-0.339596,-1.3872,-0.019,1.0937,1.0,-1.5171,-3.479154,0.922747
20160223,15.235,21.7623,-0.356586,-1.4741,-0.0202,1.0931,1.0,-1.6114,-3.478406,0.922627
20160301,14.733,21.8915,-0.396007,-1.6816,-0.0231,1.0926,1.0,-1.8374,-3.477559,0.922492
20160308,15.384,22.4103,-0.376195,-1.5659,-0.0215,1.0921,1.0,-1.7101,-3.476668,0.922351
20160315,15.255,21.8882,-0.361041,-1.4769,-0.0203,1.0916,1.0,-1.6122,-3.475937,0.922235
20160322,15.877,22.1779,-0.334224,-1.3261,-0.0182,1.0911,1.0,-1.4469,-3.475215,0.92212
20160329,15.237,21.9693,-0.36592,-1.492,-0.0205,1.0906,1.0,-1.6271,-3.474469,0.922001
20160405,15.114,21.8491,-0.368537,-1.4998,-0.0206,1.09,1.0,-1.6348,-3.473752,0.921887
20160412,16.22,22.3547,-0.320792,-1.2371,-0.017,1.0895,1.0,-1.3478,-3.473049,0.921776
20160419,16.968,22.248,-0.270923,-0.9654,-0.0132,1.089,1.0,-1.0513,-3.472468,0.921684
20160426,17.106,22.0695,-0.254769,-0.8763,-0.012,1.0885,1.0,-0.9538,-3.471935,0.921599
20160503,17.474,22.8609,-0.268713,-0.9491,-0.013,1.088,1.0,-1.0326,-3.471238,0.921491
20160510,17.075,22.4212,-0.272393,-0.9665,-0.0133,1.0875,1.0,-1.0511,-3.470587,0.921388
20160517,17.235,22.6203,-0.271908,-0.9615,-0.0132,1.087,1.0,-1.0451,-3.469893,0.921279
20160524,16.238,21.845,-0.296616,-1.0917,-0.015,1.0865,1.0,-1.1862,-3.469261,0.921178
20160531,15.972,21.6121,-0.302417,-1.1198,-0.0154,1.086,1.0,-1.2161,-3.468655,0.921081
20160607,16.377,22.0948,-0.299464,-1.1007,-0.0151,1.0855,1.0,-1.1948,-3.467961,0.920971
20160614,17.41,22.7656,-0.268205,-0.9299,-0.0128,1.0849,1.0,-1.0089,-3.467227,0.920856
20160621,17.311,22.5172,-0.262939,-0.8994,-0.0123,1.0844,1.0,-0.9754,-3.466535,0.920747
20160628,17.839,23.2453,-0.264716,-0.9069,-0.0124,1.0839,1.0,-0.983,-3.465707,0.920618
20160705,19.866,23.9109,-0.185325,-0.4786,-0.0066,1.0835,1.0,-0.5186,-3.465042,0.920516
20160712,20.13,23.547,-0.156789,-0.3245,-0.0045,1.083,1.0,-0.3515,-3.464493,0.920431
20160719,19.975,23.5033,-0.162661,-0.3557,-0.0049,1.0825,1.0,-0.385,-3.463901,0.920339
20160726,19.655,23.3262,-0.171247,-0.4014,-0.0055,1.0821,1.0,-0.4343,-3.463272,0.920241
20160802,20.666,24.0339,-0.150973,-0.2915,-0.004,1.0816,1.0,-0.3153,-3.462618,0.920141
20160809,19.814,23.6201,-0.175711,-0.4246,-0.0058,1.0811,1.0,-0.4591,-3.461876,0.920026
20160816,19.848,23.8047,-0.18178,-0.4568,-0.0063,1.0807,1.0,-0.4936,-3.461054,0.919899
20160823,18.91,23.642,-0.223332,-0.6808,-0.0093,1.0802,1.0,-0.7354,-3.460038,0.919742
20160830,18.577,23.1701,-0.220939,-0.6666,-0.0091,1.0798,1.0,-0.7198,-3.4591,0.919596
20160906,20.049,23.7792,-0.170633,-0.393,-0.0054,1.0793,1.0,-0.4242,-3.458275,0.919469
20160913,18.89,23.284,-0.209136,-0.6011,-0.0082,1.0789,1.0,-0.6486,-3.457316,0.91932
20160920,19.195,23.1954,-0.189306,-0.4925,-0.0068,1.0784,1.0,-0.5312,-3.456445,0.919185
20160927,19.087,23.391,-0.203344,-0.568,-0.0078,1.078,1.0,-0.6123,-3.455446,0.91903
20161004,17.713,22.4203,-0.23567,-0.7428,-0.0102,1.0775,1.0,-0.8004,-3.454483,0.918878
20161011,17.456,22.2012,-0.240463,-0.7674,-0.0105,1.0771,1.0,-0.8266,-3.453546,0.91873
20161018,17.591,22.3255,-0.23834,-0.7544,-0.0104,1.0766,1.0,-0.8122,-3.452583,0.918578
20161025,17.736,22.5032,-0.238061,-0.7514,-0.0103,1.0761,1.0,-0.8086,-3.451575,0.918419
20161101,18.385,22.7359,-0.212409,-0.6103,-0.0084,1.0756,1.0,-0.6564,-3.450621,0.91827
20161108,18.33,22.5222,-0.205963,-0.5741,-0.0079,1.0752,1.0,-0.6173,-3.449725,0.91813
20161115,17.029,21.7163,-0.243147,-0.776,-0.0106,1.0747,1.0,-0.834,-3.448855,0.91799
20161122,16.623,21.5019,-0.257355,-0.8521,-0.0117,1.0742,1.0,-0.9153,-3.447992,0.917851
20161129,16.661,21.1225,-0.23727,-0.7406,-0.0102,1.0737,1.0,-0.7952,-3.4473,0.917738
20161206,16.74,20.7888,-0.216612,-0.6264,-0.0086,1.0732,1.0,-0.6723,-3.446745,0.917646
20161213,16.911,20.6086,-0.197745,-0.5222,-0.0072,1.0727,1.0,-0.5602,-3.446273,0.917566
20161220,16.054,20.1945,-0.229453,-0.6949,-0.0095,1.0722,1.0,-0.7451,-3.445824,0.917488
20161227,15.929,20.2874,-0.24186,-0.7616,-0.0104,1.0717,1.0,-0.8162,-3.445322,0.917402
20170103,16.356,20.6629,-0.233747,-0.7157,-0.0098,1.0711,1.0,-0.7666,-3.444733,0.917303
20170110,16.803,21.0491,-0.225301,-0.6681,-0.0092,1.0706,1.0,-0.7153,-3.444062,0.917193
20170117,17.102,21.4996,-0.228838,-0.6864,-0.0094,1.0701,1.0,-0.7345,-3.443257,0.917063
20170124,17.149,21.4694,-0.224691,-0.6624,-0.0091,1.0696,1.0,-0.7085,-3.44247,0.916937
20170131,17.512,21.4394,-0.202342,-0.5386,-0.0074,1.0691,1.0,-0.5758,-3.441763,0.916822
20170207,17.733,21.8531,-0.208915,-0.5739,-0.0079,1.0686,1.0,-0.6133,-3.44092,0.916688
20170214,17.872,21.6834,-0.193312,-0.4871,-0.0067,1.0682,1.0,-0.5203,-3.440168,0.916568
20170221,17.99,21.9019,-0.196756,-0.5054,-0.0069,1.0677,1.0,-0.5396,-3.439336,0.916435
20170228,18.42,22.1442,-0.184139,-0.4351,-0.006,1.0672,1.0,-0.4644,-3.43849,0.916301
20170307,17.492,21.5336,-0.207873,-0.5654,-0.0078,1.0667,1.0,-0.6032,-3.43767,0.91617
20170314,16.888,21.3167,-0.23289,-0.7026,-0.0096,1.0663,1.0,-0.7492,-3.436806,0.91603
20170321,17.55,22.0309,-0.227393,-0.6711,-0.0092,1.0658,1.0,-0.7152,-3.435761,0.915864
20170328,18.225,22.1768,-0.196253,-0.4978,-0.0068,1.0653,1.0,-0.5303,-3.434823,0.915716
20170404,18.302,22.1693,-0.191699,-0.4719,-0.0065,1.0648,1.0,-0.5025,-3.433894,0.915569
20170411,18.233,22.4285,-0.207101,-0.5565,-0.0076,1.0644,1.0,-0.5923,-3.432806,0.915398
20170418,18.251,22.7563,-0.220624,-0.6306,-0.0087,1.0639,1.0,-0.6709,-3.431545,0.915201
20170425,17.581,22.3318,-0.239193,-0.7326,-0.0101,1.0635,1.0,-0.7791,-3.430304,0.915006
20170502,16.769,22.1588,-0.278702,-0.9505,-0.013,1.063,1.0,-1.0104,-3.428931,0.914789
20170509,16.008,21.4951,-0.294739,-1.0374,-0.0142,1.0626,1.0,-1.1023,-3.42777,0.914602
20170516,16.693,21.8264,-0.268132,-0.8873,-0.0122,1.0621,1.0,-0.9424,-3.426648,0.914423
20170523,17.091,22.1429,-0.258963,-0.8346,-0.0115,1.0616,1.0,-0.886,-3.425488,0.91424
20170530,17.388,22.2573,-0.24689,-0.766,-0.0105,1.0611,1.0,-0.8128,-3.424364,0.914063
20170606,17.677,22.7742,-0.253364,-0.8005,-0.011,1.0607,1.0,-0.8491,-3.423069,0.91386
20170613,16.738,22.3105,-0.287374,-0.988,-0.0136,1.0602,1.0,-1.0475,-3.421761,0.913654
20170620,16.398,21.9072,-0.289655,-0.9985,-0.0137,1.0598,1.0,-1.0582,-3.420605,0.913471
20170627,16.576,21.9909,-0.282672,-0.9574,-0.0131,1.0593,1.0,-1.0142,-3.419481,0.913293
20170704,16.037,21.528,-0.294458,-1.0209,-0.014,1.0588,1.0,-1.0809,-3.418477,0.913131
20170711,15.697,21.4556,-0.312515,-1.1189,-0.0154,1.0583,1.0,-1.1842,-3.417462,0.912968
20170718,16.222,21.8958,-0.299928,-1.0461,-0.0144,1.0579,1.0,-1.1067,-3.416385,0.912797
20170725,16.497,22.0633,-0.290739,-0.9926,-0.0136,1.0574,1.0,-1.0496,-3.415316,0.912628
20170801,16.728,22.3962,-0.291809,-0.9964,-0.0137,1.0569,1.0,-1.0531,-3.414167,0.912447
20170808,16.36,22.1328,-0.302222,-1.052,-0.0144,1.0564,1.0,-1.1114,-3.413069,0.912274
20170815,16.69,22.4075,-0.294588,-1.0072,-0.0138,1.056,1.0,-1.0635,-3.411945,0.912097
20170822,16.962,22.5873,-0.286412,-0.9595,-0.0132,1.0555,1.0,-1.0127,-3.410821,0.911921
20170829,17.422,23.0325,-0.279174,-0.9173,-0.0126,1.055,1.0,-0.9677,-3.409626,0.911736
20170905,17.845,23.4463,-0.27299,-0.881,-0.0121,1.0546,1.0,-0.9291,-3.408366,0.911541
20170912,17.795,23.2642,-0.267999,-0.8516,-0.0117,1.0541,1.0,-0.8977,-3.407173,0.911356
20170919,17.195,22.9128,-0.287077,-0.956,-0.0131,1.0537,1.0,-1.0074,-3.40598,0.91117
20170926,16.804,22.7625,-0.303499,-1.0453,-0.0143,1.0532,1.0,-1.101,-3.404768,0.910981
20171003,16.581,22.3513,-0.298626,-1.0158,-0.0139,1.0528,1.0,-1.0694,-3.403699,0.910813
20171010,17.155,22.6539,-0.278042,-0.8992,-0.0123,1.0523,1.0,-0.9462,-3.402643,0.910648
20171017,16.987,22.5295,-0.282379,-0.9215,-0.0126,1.0518,1.0,-0.9693,-3.401601,0.910485
20171024,16.907,22.3988,-0.281279,-0.9135,-0.0125,1.0514,1.0,-0.9605,-3.400598,0.910328
20171031,16.645,22.2681,-0.291044,-0.966,-0.0133,1.0509,1.0,-1.0152,-3.399595,0.91017
20171107,16.905,22.3724,-0.28022,-0.9038,-0.0124,1.0504,1.0,-0.9494,-3.39861,0.910015
20171114,17.052,22.4944,-0.276997,-0.8841,-0.0121,1.05,1.0,-0.9283,-3.397609,0.909858
20171121,16.949,22.4852,-0.28265,-0.9139,-0.0125,1.0495,1.0,-0.9591,-3.39659,0.909699
20171128,16.811,22.6995,-0.300308,-1.0103,-0.0139,1.049,1.0,-1.0599,-3.395455,0.909521
20171205,15.973,22.1681,-0.327752,-1.1609,-0.0159,1.0486,1.0,-1.2173,-3.394373,0.909351
20171212,15.582,21.7957,-0.335595,-1.2016,-0.0165,1.0481,1.0,-1.2594,-3.393393,0.909195
20171219,16.066,22.1477,-0.321029,-1.1175,-0.0153,1.0476,1.0,-1.1707,-3.392387,0.909036
20171226,16.52,22.5182,-0.309754,-1.0521,-0.0144,1.0471,1.0,-1.1017,-3.39134,0.908872
20180102,17.121,22.9866,-0.294606,-0.9656,-0.0132,1.0467,1.0,-1.0106,-3.390246,0.908702
20180109,16.936,22.9519,-0.303959,-1.0156,-0.0139,1.0462,1.0,-1.0625,-3.389128,0.908529
20180116,17.122,23.3253,-0.309176,-1.0424,-0.0143,1.0457,1.0,-1.0901,-3.38791,0.90834
20180123,16.855,23.3269,-0.324959,-1.1278,-0.0155,1.0453,1.0,-1.1789,-3.386639,0.908144
20180130,17.013,23.3188,-0.315281,-1.0714,-0.0147,1.0448,1.0,-1.1194,-3.385425,0.907956
20180206,16.548,23.1681,-0.336511,-1.1869,-0.0163,1.0444,1.0,-1.2396,-3.384175,0.907762
20180213,16.507,23.1965,-0.340218,-1.2045,-0.0165,1.0439,1.0,-1.2574,-3.382927,0.907569
20180220,16.425,23.2043,-0.345534,-1.2309,-0.0169,1.0435,1.0,-1.2844,-3.381679,0.907376
20180227,16.346,22.9902,-0.341086,-1.203,-0.0165,1.043,1.0,-1.2547,-3.38052,0.907196
20180306,16.715,23.2739,-0.331026,-1.1441,-0.0157,1.0426,1.0,-1.1928,-3.379348,0.907014
20180313,16.559,23.1489,-0.335018,-1.1635,-0.016,1.0421,1.0,-1.2125,-3.378201,0.906837
20180320,16.125,22.9115,-0.351266,-1.2507,-0.0172,1.0416,1.0,-1.3028,-3.377066,0.90666
20180327,16.489,23.3864,-0.349459,-1.2374,-0.017,1.0412,1.0,-1.2883,-3.375847,0.906472
20180403,16.347,23.2488,-0.352209,-1.2494,-0.0171,1.0407,1.0,-1.3003,-3.374666,0.906289
20180410,16.566,23.3911,-0.345002,-1.2062,-0.0165,1.0403,1.0,-1.2548,-3.373495,0.906109
20180417,16.772,23.4701,-0.336016,-1.1535,-0.0158,1.0398,1.0,-1.1994,-3.37235,0.905932
20180424,16.687,23.2176,-0.330281,-1.119,-0.0154,1.0394,1.0,-1.1631,-3.371283,0.905767
20180501,16.039,22.7785,-0.350793,-1.2298,-0.0169,1.0389,1.0,-1.2776,-3.370249,0.905606
20180508,16.388,22.9054,-0.334824,-1.1384,-0.0156,1.0384,1.0,-1.1822,-3.369247,0.90545
20180515,16.194,22.5373,-0.330532,-1.112,-0.0153,1.038,1.0,-1.1543,-3.368338,0.905308
20180522,16.508,22.5792,-0.313183,-1.0137,-0.0139,1.0375,1.0,-1.0517,-3.367469,0.905172
20180529,16.305,22.6876,-0.330345,-1.1064,-0.0152,1.037,1.0,-1.1473,-3.366526,0.905025
20180605,16.491,22.6661,-0.318054,-1.0361,-0.0142,1.0365,1.0,-1.0739,-3.365624,0.904884
20180612,16.849,22.6257,-0.294796,-0.9055,-0.0124,1.0361,1.0,-0.9382,-3.364793,0.904755
20180619,16.303,22.3151,-0.313913,-1.0094,-0.0138,1.0356,1.0,-1.0453,-3.36396,0.904624
20180626,16.238,22.0119,-0.30423,-0.9539,-0.0131,1.0351,1.0,-0.9874,-3.363211,0.904505
20180703,15.952,21.9306,-0.318299,-1.0297,-0.0141,1.0346,1.0,-1.0654,-3.362438,0.904383
20180710,16.003,21.9633,-0.316595,-1.0182,-0.014,1.0342,1.0,-1.0529,-3.361662,0.90426
20180717,15.546,21.5155,-0.324972,-1.0623,-0.0146,1.0337,1.0,-1.0981,-3.36096,0.904148
20180724,15.463,21.4849,-0.328899,-1.0817,-0.0148,1.0332,1.0,-1.1176,-3.360258,0.904036
20180731,15.5,21.4796,-0.326264,-1.0648,-0.0146,1.0327,1.0,-1.0997,-3.359564,0.903924
20180807,15.317,21.2537,-0.327568,-1.0698,-0.0147,1.0322,1.0,-1.1042,-3.358918,0.90382
20180814,15.025,20.9879,-0.334232,-1.1043,-0.0152,1.0317,1.0,-1.1393,-3.358321,0.903723
20180821,14.751,20.9796,-0.35224,-1.2011,-0.0165,1.0312,1.0,-1.2386,-3.357697,0.903621
20180828,14.767,21.2127,-0.362203,-1.2532,-0.0172,1.0307,1.0,-1.2916,-3.357003,0.903509
20180904,14.061,20.977,-0.400024,-1.4584,-0.02,1.0302,1.0,-1.5024,-3.356311,0.903396
20180911,14.052,21.0177,-0.402598,-1.468,-0.0201,1.0297,1.0,-1.5117,-3.355623,0.903283
20180918,14.084,21.0377,-0.401275,-1.4562,-0.02,1.0292,1.0,-1.4988,-3.354951,0.903174
20180925,14.398,21.0863,-0.381533,-1.3433,-0.0184,1.0287,1.0,-1.3819,-3.354314,0.903071
20181002,14.61,21.1223,-0.368624,-1.2688,-0.0174,1.0282,1.0,-1.3046,-3.3537,0.902971
20181009,14.329,20.8791,-0.376465,-1.3086,-0.018,1.0277,1.0,-1.3448,-3.353133,0.902878
20181016,14.63,21.5129,-0.385578,-1.355,-0.0186,1.0272,1.0,-1.3919,-3.352413,0.902763
20181023,14.728,21.6072,-0.383278,-1.3387,-0.0184,1.0267,1.0,-1.3745,-3.351686,0.902647
20181030,14.403,21.4343,-0.397555,-1.4132,-0.0194,1.0262,1.0,-1.4503,-3.350979,0.902534
20181106,14.458,21.4512,-0.394531,-1.3925,-0.0191,1.0258,1.0,-1.4284,-3.350284,0.902422
20181113,13.952,21.0596,-0.411734,-1.4825,-0.0203,1.0253,1.0,-1.52,-3.349659,0.902321
20181120,14.247,21.3711,-0.405492,-1.4439,-0.0198,1.0248,1.0,-1.4797,-3.348985,0.902212
20181127,14.062,21.2456,-0.412675,-1.4787,-0.0203,1.0243,1.0,-1.5146,-3.348337,0.902108
20181204,14.521,21.7162,-0.402461,-1.4186,-0.0195,1.0238,1.0,-1.4523,-3.347614,0.901993
20181211,14.499,21.7267,-0.404463,-1.4254,-0.0196,1.0233,1.0,-1.4586,-3.346894,0.901879
20181218,14.585,21.8398,-0.40374,-1.4173,-0.0194,1.0228,1.0,-1.4496,-3.346159,0.901762
20181225,14.701,22.126,-0.408837,-1.4409,-0.0198,1.0223,1.0,-1.473,-3.345364,0.901637
20190101,15.433,22.2937,-0.367796,-1.2142,-0.0167,1.0218,1.0,-1.2407,-3.344626,0.901521
20190108,15.626,22.3687,-0.358727,-1.1621,-0.0159,1.0214,1.0,-1.187,-3.343891,0.901406
20190115,15.546,22.4138,-0.365876,-1.1983,-0.0164,1.0209,1.0,-1.2233,-3.343128,0.901287
20190122,15.259,22.3537,-0.381821,-1.2818,-0.0176,1.0204,1.0,-1.308,-3.34234,0.901163
20190129,15.786,22.7548,-0.365652,-1.1911,-0.0163,1.0199,1.0,-1.2148,-3.341515,0.901035
20190205,15.79,22.8466,-0.369426,-1.2088,-0.0166,1.0194,1.0,-1.2323,-3.340662,0.900903
20190212,15.66,22.766,-0.374161,-1.2316,-0.0169,1.019,1.0,-1.255,-3.339811,0.90077
20190219,15.947,23.2472,-0.376914,-1.2435,-0.0171,1.0185,1.0,-1.2666,-3.338865,0.900624
20190226,15.827,23.0103,-0.374223,-1.226,-0.0168,1.018,1.0,-1.2481,-3.337968,0.900485
20190305,15.02,22.3329,-0.39668,-1.3444,-0.0184,1.0176,1.0,-1.368,-3.337149,0.900357
20190312,15.338,22.5549,-0.385617,-1.2812,-0.0176,1.0171,1.0,-1.3031,-3.336315,0.900227
20190319,15.301,22.6889,-0.393956,-1.323,-0.0182,1.0166,1.0,-1.345,-3.335439,0.90009
20190326,15.371,22.832,-0.395681,-1.3289,-0.0182,1.0161,1.0,-1.3503,-3.334537,0.89995
20190402,15.018,22.4494,-0.402015,-1.3595,-0.0187,1.0157,1.0,-1.3809,-3.333699,0.899819
20190409,15.168,22.6584,-0.401344,-1.3523,-0.0186,1.0152,1.0,-1.3729,-3.332827,0.899684
20190416,14.891,22.1723,-0.398089,-1.3313,-0.0183,1.0147,1.0,-1.3509,-3.332061,0.899563
20190423,14.773,22.1185,-0.403615,-1.3575,-0.0186,1.0143,1.0,-1.3769,-3.331297,0.899443
20190430,14.9,22.3279,-0.404476,-1.3586,-0.0186,1.0138,1.0,-1.3773,-3.330496,0.899318
20190507,14.86,22.3367,-0.407558,-1.3715,-0.0188,1.0133,1.0,-1.3898,-3.329692,0.899192
20190514,14.752,22.5097,-0.422568,-1.4483,-0.0199,1.0128,1.0,-1.4669,-3.328828,0.899057
20190521,14.373,22.1523,-0.432589,-1.4979,-0.0206,1.0123,1.0,-1.5164,-3.328026,0.898931
20190528,14.281,22.2205,-0.442087,-1.5442,-0.0212,1.0119,1.0,-1.5625,-3.327203,0.898802
20190604,14.732,22.9507,-0.443325,-1.546,-0.0212,1.0114,1.0,-1.5636,-3.326245,0.898653
20190611,14.706,22.9949,-0.447017,-1.5609,-0.0214,1.0109,1.0,-1.578,-3.325285,0.898504
20190618,14.98,23.3068,-0.442027,-1.5294,-0.021,1.0104,1.0,-1.5454,-3.32429,0.898351
20190625,15.291,24.3633,-0.465815,-1.6514,-0.0227,1.01,1.0,-1.6679,-3.323055,0.898162
20190702,15.154,24.2008,-0.46812,-1.658,-0.0227,1.0095,1.0,-1.6738,-3.321866,0.897981
20190709,15.068,24.0878,-0.469132,-1.6577,-0.0227,1.0091,1.0,-1.6728,-3.320716,0.897805
20190716,15.6,24.2658,-0.441796,-1.5073,-0.0207,1.0086,1.0,-1.5204,-3.319621,0.897638
20190723,16.405,24.4313,-0.398279,-1.2727,-0.0175,1.0082,1.0,-1.2831,-3.318617,0.897484
20190730,16.495,24.5768,-0.398747,-1.2721,-0.0175,1.0077,1.0,-1.282,-3.317583,0.897327
20190806,16.405,25.2317,-0.430515,-1.437,-0.0197,1.0073,1.0,-1.4475,-3.316355,0.897141
20190813,16.956,25.686,-0.415325,-1.3528,-0.0186,1.0069,1.0,-1.3621,-3.315108,0.896952
20190820,17.122,25.7194,-0.406882,-1.3049,-0.0179,1.0064,1.0,-1.3133,-3.313879,0.896766
20190827,18.139,26.2733,-0.370488,-1.1098,-0.0152,1.006,1.0,-1.1165,-3.312684,0.896586
20190903,19.079,26.3448,-0.322682,-0.8557,-0.0117,1.0056,1.0,-0.8605,-3.31162,0.896426
20190910,18.041,25.4909,-0.345675,-0.9755,-0.0134,1.0052,1.0,-0.9806,-3.310562,0.896265
20190917,18.016,25.7148,-0.355806,-1.0273,-0.0141,1.0048,1.0,-1.0322,-3.309423,0.896093
20190924,18.517,26.1246,-0.344188,-0.9641,-0.0132,1.0044,1.0,-0.9683,-3.308251,0.895916
20191001,17.202,25.3547,-0.38794,-1.1931,-0.0164,1.0039,1.0,-1.1978,-3.307024,0.89573
20191008,17.617,25.5842,-0.373111,-1.1124,-0.0153,1.0035,1.0,-1.1163,-3.305805,0.895546
20191015,17.308,25.2808,-0.378876,-1.1406,-0.0156,1.0031,1.0,-1.1441,-3.304603,0.895364
20191022,17.437,25.3403,-0.373803,-1.1115,-0.0153,1.0027,1.0,-1.1145,-3.303401,0.895181
20191029,17.771,25.4182,-0.357898,-1.0256,-0.0141,1.0023,1.0,-1.0279,-3.30223,0.895004
20191105,17.516,25.3202,-0.368488,-1.0795,-0.0148,1.0018,1.0,-1.0815,-3.301026,0.894822
20191112,16.677,24.8774,-0.399931,-1.243,-0.0171,1.0014,1.0,-1.2448,-3.299782,0.894633
20191119,17.103,25.1988,-0.387542,-1.175,-0.0161,1.001,1.0,-1.1762,-3.298527,0.894442
20191126,17.03,24.9888,-0.383452,-1.151,-0.0158,1.0006,1.0,-1.1517,-3.297316,0.894258
20191203,17.125,25.267,-0.388961,-1.1777,-0.0162,1.0002,1.0,-1.1779,-3.296038,0.894065
20191210,16.596,25.0251,-0.410717,-1.2896,-0.0177,0.9997,1.0,-1.2893,-3.294729,0.893866
20191217,16.978,25.205,-0.395125,-1.2047,-0.0165,0.9993,1.0,-1.2038,-3.293446,0.893671
20191224,17.757,25.5755,-0.364853,-1.0431,-0.0143,0.9989,1.0,-1.0419,-3.292205,0.893484
20191231,17.828,25.8828,-0.372808,-1.083,-0.0149,0.9985,1.0,-1.0813,-3.290879,0.893283
20200107,18.316,26.6734,-0.37589,-1.0971,-0.0151,0.9981,1.0,-1.095,-3.289412,0.893063
20200114,17.674,26.2232,-0.39455,-1.193,-0.0164,0.9977,1.0,-1.1902,-3.287937,0.89284
20200121,17.751,26.4315,-0.398113,-1.2092,-0.0166,0.9973,1.0,-1.2059,-3.286415,0.892611
20200128,17.402,26.6211,-0.425118,-1.3483,-0.0185,0.9969,1.0,-1.3442,-3.284762,0.892362
20200204,17.528,26.3316,-0.40697,-1.2499,-0.0171,0.9965,1.0,-1.2455,-3.283242,0.892133
20200211,17.573,26.5575,-0.412947,-1.2785,-0.0175,0.9961,1.0,-1.2735,-3.281668,0.891896
20200218,18.131,27.0727,-0.400903,-1.2125,-0.0166,0.9957,1.0,-1.2073,-3.280068,0.891656
20200225,18.183,27.7744,-0.423627,-1.3289,-0.0182,0.9954,1.0,-1.3227,-3.278265,0.891386
20200303,17.129,27.6967,-0.480542,-1.6235,-0.0223,0.995,1.0,-1.6154,-3.27625,0.891084
20200310,16.906,27.9459,-0.502603,-1.7338,-0.0238,0.9946,1.0,-1.7245,-3.274154,0.89077
20200317,12.469,25.9172,-0.731662,-2.9226,-0.0401,0.9943,1.0,-2.9059,-3.271739,0.890405
20200324,14.229,27.9479,-0.67506,-2.6057,-0.0358,0.9939,1.0,-2.5898,-3.269328,0.890044
20200331,14.098,26.7871,-0.641888,-2.4175,-0.0332,0.9935,1.0,-2.4018,-3.26743,0.889759
20200407,15.422,28.0032,-0.596525,-2.1705,-0.0298,0.9931,1.0,-2.1555,-3.265564,0.889479
20200414,16.072,29.3681,-0.602829,-2.1923,-0.0301,0.9927,1.0,-2.1763,-3.263537,0.889177
20200421,14.818,28.1917,-0.643185,-2.3876,-0.0328,0.9923,1.0,-2.3693,-3.261633,0.888892
20200428,15.162,28.6674,-0.63697,-2.3425,-0.0321,0.9919,1.0,-2.3236,-3.259757,0.888612
20200505,15.057,28.5706,-0.640534,-2.3478,-0.0322,0.9915,1.0,-2.328,-3.257955,0.888343
20200512,15.687,28.5648,-0.599343,-2.1272,-0.0292,0.9911,1.0,-2.1083,-3.256326,0.888099
20200519,17.892,29.1511,-0.488139,-1.5579,-0.0214,0.9907,1.0,-1.5435,-3.254966,0.887896
20200526,17.565,28.5613,-0.486143,-1.5434,-0.0212,0.9903,1.0,-1.5285,-3.253662,0.887702
20200602,18.207,28.9909,-0.465175,-1.4338,-0.0197,0.9899,1.0,-1.4194,-3.252361,0.887507
20200609,17.774,28.807,-0.482882,-1.5189,-0.0208,0.9896,1.0,-1.5031,-3.251013,0.887306
20200616,17.632,29.0192,-0.498244,-1.5917,-0.0218,0.9892,1.0,-1.5744,-3.249588,0.887093
20200623,18.051,29.688,-0.497541,-1.5835,-0.0217,0.9888,1.0,-1.5657,-3.248087,0.88687
20200630,18.541,29.956,-0.479744,-1.49,-0.0204,0.9884,1.0,-1.4726,-3.246607,0.886649
20200707,18.628,30.0894,-0.479508,-1.4848,-0.0204,0.988,1.0,-1.467,-3.245101,0.886425
20200714,19.451,30.1357,-0.437812,-1.2729,-0.0175,0.9876,1.0,-1.2572,-3.243712,0.886218
20200721,21.497,30.5795,-0.352416,-0.8446,-0.0116,0.9873,1.0,-0.8338,-3.242542,0.886044
20200728,24.266,32.0503,-0.278229,-0.4736,-0.0065,0.9869,1.0,-0.4673,-3.241499,0.88589
20200804,26.012,33.1591,-0.242758,-0.2961,-0.0041,0.9866,1.0,-0.2922,-3.24049,0.88574
20200811,26.037,32.067,-0.20831,-0.1239,-0.0017,0.9863,1.0,-0.1222,-3.239636,0.885614
20200818,28.049,33.0364,-0.163656,0.0993,0.0014,0.986,1.0,0.0979,-3.238891,0.885503
20200825,26.254,31.7221,-0.189196,-0.0285,-0.0004,0.9857,1.0,-0.0281,-3.238046,0.885378
20200901,28.486,32.5323,-0.132822,0.2536,0.0035,0.9854,1.0,0.2499,-3.237393,0.885281
20200908,26.864,32.0096,-0.17525,0.0409,0.0006,0.9851,1.0,0.0403,-3.236506,0.88515
20200915,27.346,32.3412,-0.167773,0.0784,0.0011,0.9848,1.0,0.0772,-3.235596,0.885015
20200922,24.442,31.4831,-0.253149,-0.35,-0.0048,0.9846,1.0,-0.3446,-3.234219,0.88481
20200929,24.38,31.4136,-0.253478,-0.3513,-0.0048,0.9843,1.0,-0.3458,-3.232793,0.884599
20201006,23.87,31.4899,-0.277045,-0.4694,-0.0064,0.9841,1.0,-0.4619,-3.231168,0.884357
20201013,24.086,31.2765,-0.261236,-0.3894,-0.0053,0.9838,1.0,-0.3831,-3.229608,0.884126
20201020,24.937,31.5739,-0.23598,-0.262,-0.0036,0.9836,1.0,-0.2577,-3.228125,0.883906
20201027,24.526,31.5173,-0.250801,-0.3364,-0.0046,0.9834,1.0,-0.3308,-3.226494,0.883663
20201103,24.305,31.4892,-0.258961,-0.3772,-0.0052,0.9832,1.0,-0.3708,-3.224754,0.883405
20201110,24.446,30.987,-0.237102,-0.2667,-0.0037,0.9829,1.0,-0.2621,-3.223162,0.883169
20201117,24.635,31.1079,-0.233294,-0.2472,-0.0034,0.9827,1.0,-0.2429,-3.221527,0.882926
20201124,23.292,29.9262,-0.250624,-0.3345,-0.0046,0.9825,1.0,-0.3287,-3.219843,0.882675
20201201,24.033,30.0593,-0.223744,-0.1984,-0.0027,0.9823,1.0,-0.1949,-3.218281,0.882443
20201208,24.684,30.9409,-0.225925,-0.2093,-0.0029,0.9821,1.0,-0.2055,-3.216549,0.882185
20201215,24.581,30.6491,-0.220628,-0.1823,-0.0025,0.9819,1.0,-0.179,-3.214831,0.88193
20201222,25.434,30.8612,-0.193413,-0.0443,-0.0006,0.9817,1.0,-0.0435,-3.213251,0.881695
20201229,26.138,31.0386,-0.17184,0.0651,0.0009,0.9816,1.0,0.0639,-3.211774,0.881476
20210105,27.571,32.0695,-0.151141,0.17,0.0023,0.9814,1.0,0.1668,-3.210331,0.881262
20210112,25.384,30.4651,-0.182462,0.0109,0.0001,0.9814,1.0,0.0107,-3.208675,0.881015
20210119,25.279,30.4009,-0.184498,0.0005,0.0,0.9812,1.0,0.0005,-3.206941,0.880757
20210126,25.529,30.5503,-0.179559,0.0256,0.0004,0.9811,1.0,0.0251,-3.205171,0.880494
20210202,26.384,30.2894,-0.138041,0.2368,0.0032,0.981,1.0,0.2323,-3.20378,0.880287
20210209,27.396,30.3441,-0.102205,0.4191,0.0058,0.9809,1.0,0.4111,-3.202697,0.880126
20210216,27.319,29.78,-0.086255,0.5,0.0069,0.9808,1.0,0.4904,-3.20177,0.879988
20210223,27.686,29.8773,-0.076172,0.5509,0.0076,0.9808,1.0,0.5403,-3.200898,0.879858
20210302,26.85,28.8193,-0.070781,0.5778,0.0079,0.9807,1.0,0.5667,-3.200105,0.87974
20210309,26.148,28.5724,-0.088669,0.4859,0.0067,0.9806,1.0,0.4765,-3.199075,0.879586
20210316,25.974,28.7739,-0.102372,0.4155,0.0057,0.9805,1.0,0.4074,-3.197799,0.879396
20210323,25.2,28.6849,-0.129528,0.2763,0.0038,0.9805,1.0,0.2709,-3.196113,0.879144
20210330,24.121,28.0764,-0.151848,0.162,0.0022,0.9804,1.0,0.1588,-3.194151,0.87885
20210406,25.212,28.9343,-0.137708,0.2342,0.0032,0.9804,1.0,0.2296,-3.192174,0.878555
20210413,25.417,28.9949,-0.131701,0.2648,0.0036,0.9804,1.0,0.2596,-3.190199,0.878261
20210420,25.835,29.4366,-0.130508,0.2707,0.0037,0.9804,1.0,0.2654,-3.188093,0.877947
20210427,26.412,29.4352,-0.108374,0.384,0.0053,0.9806,1.0,0.3765,-3.186274,0.877676
20210504,26.539,29.3884,-0.101985,0.4164,0.0057,0.9807,1.0,0.4084,-3.184489,0.87741
20210511,27.657,30.253,-0.089716,0.479,0.0066,0.9808,1.0,0.4699,-3.18274,0.87715
20210518,28.314,30.7072,-0.081141,0.5226,0.0072,0.9811,1.0,0.5128,-3.181029,0.876895
20210525,28.037,31.1329,-0.104739,0.4008,0.0055,0.9815,1.0,0.3934,-3.178642,0.876541
20210601,28.083,31.2245,-0.106039,0.3938,0.0054,0.9819,1.0,0.3866,-3.176107,0.876165
20210608,27.715,31.0627,-0.114033,0.3523,0.0048,0.9824,1.0,0.3461,-3.173294,0.875747
20210615,27.679,30.506,-0.097249,0.4384,0.006,0.983,1.0,0.4309,-3.170892,0.87539
20210622,25.848,29.3581,-0.127336,0.2829,0.0039,0.9835,1.0,0.2782,-3.167863,0.874939
20210629,25.872,29.1484,-0.119239,0.3245,0.0045,0.9838,1.0,0.3192,-3.164989,0.87451
20210706,26.154,29.5805,-0.123112,0.3042,0.0042,0.9842,1.0,0.2994,-3.161823,0.874038
20210713,26.115,29.7956,-0.131852,0.2588,0.0036,0.9847,1.0,0.2548,-3.158277,0.87351
20210720,24.977,29.8049,-0.176716,0.0267,0.0004,0.9852,1.0,0.0263,-3.153407,0.872786
20210727,24.632,29.6214,-0.18445,-0.0134,-0.0002,0.9858,1.0,-0.0132,-3.148422,0.872043
20210803,25.566,29.8092,-0.153555,0.1466,0.002,0.9863,1.0,0.1446,-3.144262,0.871424
20210810,23.377,28.6119,-0.20207,-0.1049,-0.0014,0.9868,1.0,-0.1035,-3.139213,0.87067
20210817,23.648,29.4004,-0.217731,-0.186,-0.0026,0.9872,1.0,-0.1836,-3.133569,0.869829
20210824,23.89,29.6769,-0.21691,-0.1816,-0.0025,0.9877,1.0,-0.1794,-3.128033,0.869005
20210831,23.96,29.7945,-0.217939,-0.1868,-0.0026,0.9882,1.0,-0.1846,-3.1226,0.868196
20210907,24.334,29.4967,-0.192404,-0.054,-0.0007,0.9886,1.0,-0.0533,-3.118045,0.867518
20210914,23.842,29.6034,-0.21644,-0.1789,-0.0025,0.989,1.0,-0.1769,-3.112926,0.866756
20210921,22.573,29.1752,-0.256564,-0.3876,-0.0053,0.9894,1.0,-0.3835,-3.107197,0.865902
20210928,22.43,28.5772,-0.242209,-0.3125,-0.0043,0.9897,1.0,-0.3093,-3.102318,0.865174
20211005,22.582,28.8938,-0.246474,-0.3345,-0.0046,0.9899,1.0,-0.3311,-3.097414,0.864442
20211012,22.491,28.8549,-0.249165,-0.3482,-0.0048,0.9901,1.0,-0.3448,-3.092654,0.863732
20211019,23.862,28.9977,-0.194929,-0.0649,-0.0009,0.9903,1.0,-0.0643,-3.089021,0.863191
20211026,24.086,29.3089,-0.19626,-0.0718,-0.001,0.9905,1.0,-0.0711,-3.085265,0.862631
20211102,23.5,29.2398,-0.218529,-0.1881,-0.0026,0.9907,1.0,-0.1864,-3.081098,0.862011
20211109,24.313,29.8076,-0.203753,-0.1107,-0.0015,0.9909,1.0,-0.1097,-3.077095,0.861415
20211116,24.944,30.1199,-0.188554,-0.0311,-0.0004,0.9912,1.0,-0.0308,-3.073317,0.860854
20211123,23.435,29.1211,-0.217234,-0.1813,-0.0025,0.9915,1.0,-0.1797,-3.069245,0.860247
20211130,22.765,28.9642,-0.240836,-0.3048,-0.0042,0.9917,1.0,-0.3023,-3.064834,0.859589
20211207,22.487,29.1052,-0.257978,-0.3945,-0.0054,0.9918,1.0,-0.3913,-3.060177,0.858895
20211214,21.887,28.9158,-0.278496,-0.5018,-0.0069,0.992,1.0,-0.4978,-3.055397,0.858183
20211221,22.502,29.1293,-0.258139,-0.3945,-0.0054,0.9921,1.0,-0.3914,-3.051098,0.857542
20211228,23.111,29.4244,-0.241515,-0.3068,-0.0042,0.9922,1.0,-0.3044,-3.047098,0.856947
20220104,23.038,29.4621,-0.245961,-0.3299,-0.0045,0.9924,1.0,-0.3274,-3.043075,0.856348
20220111,22.806,29.5025,-0.257451,-0.3901,-0.0054,0.9925,1.0,-0.3872,-3.038922,0.85573
20220118,23.487,29.4035,-0.224667,-0.2172,-0.003,0.9926,1.0,-0.2156,-3.035404,0.855207
20220125,23.896,29.9467,-0.225708,-0.2225,-0.0031,0.9927,1.0,-0.2209,-3.031734,0.854661
20220201,22.596,29.2279,-0.257352,-0.3891,-0.0053,0.9928,1.0,-0.3864,-3.027775,0.854071
20220208,23.195,29.5797,-0.243153,-0.3139,-0.0043,0.9929,1.0,-0.3117,-3.024011,0.853511
20220215,23.338,29.9569,-0.249678,-0.3481,-0.0048,0.993,1.0,-0.3457,-3.02008,0.852927
20220222,24.311,30.646,-0.231574,-0.2522,-0.0035,0.9931,1.0,-0.2505,-3.016308,0.852368
20220301,25.534,31.1296,-0.198149,-0.0754,-0.001,0.9933,1.0,-0.0749,-3.012987,0.851875
20220308,26.888,32.4688,-0.188599,-0.0248,-0.0003,0.9935,1.0,-0.0246,-3.009516,0.851362
20220315,25.123,30.9118,-0.207355,-0.124,-0.0017,0.9938,1.0,-0.1233,-3.005978,0.850837
20220322,24.885,30.7867,-0.212819,-0.1529,-0.0021,0.9941,1.0,-0.152,-3.002348,0.850299
20220329,24.716,30.6465,-0.215066,-0.1647,-0.0023,0.9943,1.0,-0.1638,-2.998695,0.849757
20220405,24.528,30.8411,-0.229031,-0.2386,-0.0033,0.9945,1.0,-0.2373,-2.99474,0.84917
20220412,25.725,31.485,-0.202047,-0.0952,-0.0013,0.9947,1.0,-0.0947,-2.991123,0.848634
20220419,25.391,31.2396,-0.207291,-0.123,-0.0017,0.995,1.0,-0.1224,-2.987431,0.848087
20220426,23.542,30.4816,-0.258339,-0.3943,-0.0054,0.9952,1.0,-0.3924,-2.983021,0.847433
20220503,22.621,30.0106,-0.282671,-0.5233,-0.0072,0.9954,1.0,-0.521,-2.978454,0.846754
20220510,21.39,29.5919,-0.324576,-0.7458,-0.0102,0.9956,1.0,-0.7426,-2.973547,0.846025
20220517,21.737,29.2741,-0.297687,-0.6019,-0.0083,0.9957,1.0,-0.5993,-2.969411,0.845409
20220524,22.063,29.8911,-0.303657,-0.6331,-0.0087,0.9957,1.0,-0.6304,-2.965151,0.844776
20220531,21.651,29.5685,-0.311658,-0.6751,-0.0093,0.9957,1.0,-0.6722,-2.961034,0.844164
20220607,22.159,29.6813,-0.292275,-0.5711,-0.0078,0.9957,1.0,-0.5687,-2.957286,0.843607
20220614,20.936,29.1457,-0.330837,-0.7762,-0.0106,0.9957,1.0,-0.7729,-2.953305,0.843014
20220621,21.754,29.4744,-0.303723,-0.6307,-0.0087,0.9957,1.0,-0.6279,-2.949716,0.84248
20220628,20.797,29.2241,-0.340186,-0.8246,-0.0113,0.9956,1.0,-0.821,-2.945865,0.841907
20220705,19.052,28.4352,-0.400457,-1.1453,-0.0157,0.9956,1.0,-1.1402,-2.941788,0.841299
20220712,18.899,27.8909,-0.389193,-1.0833,-0.0149,0.9954,1.0,-1.0784,-2.938279,0.840775
20220719,18.67,27.6881,-0.394084,-1.1078,-0.0152,0.9952,1.0,-1.1025,-2.934988,0.840283
20220726,18.487,27.7729,-0.406993,-1.1749,-0.0161,0.995,1.0,-1.169,-2.931742,0.839798
20220802,20.105,28.7367,-0.357208,-0.9074,-0.0124,0.9948,1.0,-0.9027,-2.928811,0.839361
20220809,20.458,29.0311,-0.349995,-0.8678,-0.0119,0.9946,1.0,-0.8631,-2.925941,0.838934
20220816,20.065,28.7175,-0.358529,-0.9122,-0.0125,0.9944,1.0,-0.9071,-2.923129,0.838515
20220823,19.012,28.3243,-0.39865,-1.1251,-0.0154,0.9942,1.0,-1.1185,-2.920168,0.838073
20220830,18.159,27.9788,-0.43228,-1.3027,-0.0179,0.9939,1.0,-1.2948,-2.91717,0.837625
20220906,17.795,27.6531,-0.440822,-1.3458,-0.0185,0.9937,1.0,-1.3373,-2.914348,0.837203
20220913,19.39,27.7051,-0.356859,-0.8957,-0.0123,0.9934,1.0,-0.8898,-2.912163,0.836877
20220920,19.102,27.0719,-0.348704,-0.8512,-0.0117,0.9931,1.0,-0.8453,-2.910171,0.836578
20220927,18.257,26.5922,-0.376069,-0.996,-0.0137,0.9928,1.0,-0.9888,-2.908139,0.836273
20221004,21.037,27.8616,-0.280968,-0.4877,-0.0067,0.9924,1.0,-0.484,-2.906441,0.836019
20221011,19.427,27.2561,-0.338614,-0.7947,-0.0109,0.9921,1.0,-0.7885,-2.904472,0.835725
20221018,18.571,26.8416,-0.36835,-0.9524,-0.0131,0.9918,1.0,-0.9446,-2.90242,0.835417
20221025,19.339,26.8652,-0.328707,-0.7397,-0.0101,0.9915,1.0,-0.7334,-2.900606,0.835145
20221101,19.673,26.7474,-0.30719,-0.6241,-0.0086,0.9912,1.0,-0.6185,-2.898926,0.834893
20221108,21.477,27.6368,-0.252164,-0.3297,-0.0045,0.9908,1.0,-0.3266,-2.897403,0.834665
20221115,21.499,28.4468,-0.280029,-0.4783,-0.0066,0.9905,1.0,-0.4738,-2.895534,0.834386
20221122,21.034,27.947,-0.284169,-0.5,-0.0069,0.9903,1.0,-0.4951,-2.893688,0.834111
20221129,21.204,28.0549,-0.279973,-0.4771,-0.0065,0.99,1.0,-0.4724,-2.891821,0.833832
20221206,22.123,28.503,-0.253391,-0.3345,-0.0046,0.9897,1.0,-0.3311,-2.890037,0.833566
20221213,23.801,29.0704,-0.199992,-0.0483,-0.0007,0.9895,1.0,-0.0478,-2.888526,0.833341
20221220,24.094,29.0639,-0.187534,0.0184,0.0003,0.9893,1.0,0.0182,-2.887056,0.833123
20221227,24.04,29.0284,-0.188554,0.013,0.0002,0.9891,1.0,0.0128,-2.885523,0.832895
20230103,24.059,29.3278,-0.198027,-0.0379,-0.0005,0.9889,1.0,-0.0375,-2.88381,0.83264
20230110,23.507,29.7234,-0.234635,-0.2344,-0.0032,0.9887,1.0,-0.2317,-2.881645,0.832318
20230117,23.944,30.1552,-0.230641,-0.2128,-0.0029,0.9886,1.0,-0.2103,-2.879399,0.831985
20230124,23.649,30.4816,-0.253801,-0.3371,-0.0046,0.9885,1.0,-0.3332,-2.876812,0.831602
20230131,23.748,30.3947,-0.246769,-0.299,-0.0041,0.9884,1.0,-0.2956,-2.874275,0.831225
20230207,22.117,29.799,-0.298129,-0.5752,-0.0079,0.9883,1.0,-0.5685,-2.871289,0.830782
20230214,21.842,29.5334,-0.301688,-0.5939,-0.0081,0.9882,1.0,-0.5869,-2.868342,0.830344
20230221,21.869,29.2218,-0.289845,-0.5295,-0.0073,0.9881,1.0,-0.5232,-2.865594,0.829936
20230228,20.961,29.136,-0.329311,-0.7418,-0.0102,0.988,1.0,-0.7329,-2.862496,0.829475
20230307,20.054,28.9055,-0.365605,-0.9367,-0.0129,0.9878,1.0,-0.9253,-2.859179,0.828981
20230314,21.929,30.0856,-0.316238,-0.6693,-0.0092,0.9876,1.0,-0.6611,-2.856148,0.828532
20230321,22.324,30.4679,-0.311011,-0.6405,-0.0088,0.9875,1.0,-0.6325,-2.853114,0.828082
20230328,23.324,30.877,-0.280527,-0.4754,-0.0065,0.9874,1.0,-0.4694,-2.850317,0.827668
20230404,25.022,31.7015,-0.236608,-0.2379,-0.0033,0.9874,1.0,-0.2349,-2.847815,0.827298
20230411,25.131,31.4443,-0.224114,-0.1702,-0.0023,0.9873,1.0,-0.1681,-2.845431,0.826945
20230418,25.248,31.4439,-0.219457,-0.1449,-0.002,0.9873,1.0,-0.1431,-2.843036,0.826591
20230425,24.877,31.2387,-0.227714,-0.1895,-0.0026,0.9873,1.0,-0.1871,-2.840518,0.826218
20230502,25.404,31.4707,-0.214149,-0.1159,-0.0016,0.9873,1.0,-0.1145,-2.838062,0.825855
20230509,25.698,31.7124,-0.210295,-0.095,-0.0013,0.9873,1.0,-0.0938,-2.835549,0.825483
20230516,23.737,31.0617,-0.268941,-0.4128,-0.0057,0.9873,1.0,-0.4076,-2.832382,0.825015
20230523,23.474,30.8115,-0.271994,-0.429,-0.0059,0.9874,1.0,-0.4236,-2.829221,0.824547
20230530,23.125,30.5871,-0.279663,-0.4703,-0.0065,0.9873,1.0,-0.4643,-2.826015,0.824072
20230606,23.574,30.8771,-0.26987,-0.4167,-0.0057,0.9873,1.0,-0.4115,-2.822867,0.823605
20230613,23.756,30.571,-0.252215,-0.3205,-0.0044,0.9873,1.0,-0.3165,-2.819977,0.823177
20230620,23.193,30.42,-0.27125,-0.4237,-0.0058,0.9873,1.0,-0.4184,-2.81687,0.822717
20230627,22.939,30.1011,-0.271724,-0.426,-0.0058,0.9873,1.0,-0.4206,-2.813823,0.822265
20230704,22.896,30.1633,-0.275663,-0.4471,-0.0061,0.9873,1.0,-0.4414,-2.810715,0.821804
20230711,23.086,30.2494,-0.270251,-0.4173,-0.0057,0.9872,1.0,-0.4119,-2.807651,0.82135
20230718,25.084,30.7973,-0.205196,-0.0626,-0.0009,0.9872,1.0,-0.0618,-2.805233,0.820992
20230725,24.68,30.5697,-0.214015,-0.1106,-0.0015,0.9872,1.0,-0.1092,-2.802682,0.820614
20230801,24.208,30.7528,-0.239297,-0.2484,-0.0034,0.9872,1.0,-0.2453,-2.799729,0.820177
20230808,22.717,30.5005,-0.294629,-0.5502,-0.0075,0.9872,1.0,-0.5432,-2.796111,0.819641
20230815,22.595,30.1716,-0.289174,-0.52,-0.0071,0.9872,1.0,-0.5133,-2.792688,0.819133
20230822,23.42,30.0415,-0.248991,-0.3001,-0.0041,0.9872,1.0,-0.2962,-2.789796,0.818704
20230829,24.777,30.5292,-0.208768,-0.08,-0.0011,0.9872,1.0,-0.079,-2.787267,0.81833
20230905,23.558,30.3607,-0.253684,-0.3256,-0.0045,0.9872,1.0,-0.3214,-2.784155,0.817869
20230912,23.127,30.1265,-0.264404,-0.384,-0.0053,0.9872,1.0,-0.3791,-2.780949,0.817393
20230919,23.194,30.3511,-0.268939,-0.4086,-0.0056,0.9872,1.0,-0.4033,-2.777636,0.816903
20230926,22.95,29.908,-0.264809,-0.3856,-0.0053,0.9872,1.0,-0.3807,-2.774483,0.816435
20231003,21.178,28.8973,-0.310785,-0.6374,-0.0087,0.9872,1.0,-0.6292,-2.771058,0.815925
20231010,21.776,29.3175,-0.297375,-0.5632,-0.0077,0.9871,1.0,-0.556,-2.767745,0.815433
20231017,22.863,30.0733,-0.274117,-0.4352,-0.006,0.987,1.0,-0.4295,-2.764559,0.814961
20231024,22.98,30.698,-0.289572,-0.5197,-0.0071,0.987,1.0,-0.5129,-2.761052,0.814442
20231031,22.841,30.7877,-0.298559,-0.5686,-0.0078,0.987,1.0,-0.5612,-2.757448,0.813908
20231107,22.508,30.5124,-0.304263,-0.5994,-0.0082,0.9871,1.0,-0.5917,-2.753887,0.813381
20231114,23.079,30.411,-0.27588,-0.4429,-0.0061,0.987,1.0,-0.4372,-2.750727,0.812913
20231121,23.843,30.8395,-0.257305,-0.3404,-0.0047,0.987,1.0,-0.336,-2.747695,0.812464
20231128,24.93,31.3074,-0.227784,-0.1778,-0.0024,0.987,1.0,-0.1755,-2.744907,0.812052
20231205,24.201,31.2503,-0.255635,-0.331,-0.0045,0.9871,1.0,-0.3267,-2.741731,0.811583
20231212,22.728,30.7001,-0.300667,-0.5788,-0.0079,0.9871,1.0,-0.5714,-2.738103,0.811046
20231219,24.04,31.4196,-0.267714,-0.3967,-0.0054,0.9871,1.0,-0.3916,-2.734765,0.810552
20231226,24.144,31.6257,-0.269934,-0.4087,-0.0056,0.9872,1.0,-0.4034,-2.731349,0.810048
20240102,23.733,31.6564,-0.288074,-0.5084,-0.007,0.9873,1.0,-0.502,-2.727694,0.809508
20240109,22.904,31.1416,-0.307232,-0.6138,-0.0084,0.9874,1.0,-0.606,-2.723947,0.808954
20240116,22.933,31.0921,-0.304378,-0.5975,-0.0082,0.9874,1.0,-0.5899,-2.720303,0.808415
20240123,22.334,31.0234,-0.328631,-0.7309,-0.01,0.9874,1.0,-0.7217,-2.716438,0.807843
20240130,23.107,31.0788,-0.296389,-0.5521,-0.0076,0.9874,1.0,-0.5451,-2.713023,0.807338
20240206,22.393,31.3108,-0.335215,-0.7662,-0.0105,0.9874,1.0,-0.7566,-2.709128,0.806763
20240213,22.096,30.7502,-0.330499,-0.7394,-0.0101,0.9875,1.0,-0.7301,-2.705516,0.806228
20240220,23.106,31.1381,-0.29834,-0.5608,-0.0077,0.9874,1.0,-0.5537,-2.702237,0.805744
20240227,22.523,31.1781,-0.325177,-0.7088,-0.0097,0.9874,1.0,-0.6999,-2.69867,0.805216
20240305,23.763,32.3591,-0.308765,-0.6173,-0.0085,0.9874,1.0,-0.6095,-2.695088,0.804688
20240312,24.194,32.6376,-0.299361,-0.5647,-0.0077,0.9875,1.0,-0.5576,-2.691586,0.804172
20240319,24.964,32.5449,-0.265187,-0.3749,-0.0051,0.9875,1.0,-0.3702,-2.688509,0.803718
20240326,24.483,32.7434,-0.290723,-0.5162,-0.0071,0.9876,1.0,-0.5098,-2.685061,0.80321
20240402,25.804,33.9855,-0.275405,-0.4308,-0.0059,0.9877,1.0,-0.4255,-2.681572,0.802696
20240409,27.891,34.929,-0.225015,-0.1509,-0.0021,0.9878,1.0,-0.1491,-2.678571,0.802255
20240416,28.318,35.4515,-0.224668,-0.1489,-0.002,0.9881,1.0,-0.1471,-2.675428,0.801794
20240423,27.331,34.6581,-0.237511,-0.2202,-0.003,0.9883,1.0,-0.2176,-2.67215,0.801312
20240430,26.391,34.1768,-0.258524,-0.3368,-0.0046,0.9886,1.0,-0.333,-2.668603,0.80079
20240507,27.303,34.4128,-0.231431,-0.1859,-0.0026,0.9888,1.0,-0.1838,-2.665361,0.800314
20240514,28.485,34.8194,-0.200797,-0.0153,-0.0002,0.989,1.0,-0.0152,-2.662439,0.799884
20240521,31.868,35.5815,-0.110223,0.489,0.0067,0.9893,1.0,0.4838,-2.660731,0.799633
20240528,31.971,34.7566,-0.08354,0.6373,0.0087,0.9897,1.0,0.6307,-2.65942,0.799441
20240604,29.488,34.6428,-0.161108,0.2044,0.0028,0.99,1.0,0.2024,-2.656763,0.79905
20240611,29.133,34.3845,-0.165734,0.1785,0.0024,0.9904,1.0,0.1768,-2.653964,0.798639
20240618,29.505,34.6103,-0.159592,0.2127,0.0029,0.9908,1.0,0.2107,-2.651144,0.798224
20240625,28.837,34.407,-0.176601,0.1176,0.0016,0.9913,1.0,0.1165,-2.647943,0.797754
20240702,29.353,34.4222,-0.159307,0.2141,0.0029,0.9917,1.0,0.2123,-2.644971,0.797317
20240709,30.772,34.8129,-0.123383,0.4148,0.0057,0.9922,1.0,0.4115,-2.642546,0.79696
20240716,31.195,35.9661,-0.14232,0.3086,0.0042,0.9928,1.0,0.3063,-2.639469,0.796509
20240723,29.132,35.2462,-0.190521,0.0387,0.0005,0.9935,1.0,0.0384,-2.635331,0.795901
20240730,28.365,35.1985,-0.215847,-0.1032,-0.0014,0.9942,1.0,-0.1026,-2.630573,0.795203
20240806,27.096,35.4835,-0.269682,-0.4047,-0.0056,0.995,1.0,-0.4027,-2.624528,0.794315
20240813,27.695,36.3322,-0.271452,-0.4143,-0.0057,0.9957,1.0,-0.4126,-2.618381,0.793414
20240820,29.455,36.7898,-0.222358,-0.1387,-0.0019,0.9965,1.0,-0.1382,-2.61338,0.79268
20240827,29.951,36.7885,-0.205624,-0.0447,-0.0006,0.9974,1.0,-0.0446,-2.608741,0.792
20240903,27.951,36.4215,-0.264707,-0.3764,-0.0052,0.9982,1.0,-0.3758,-2.602796,0.791129
20240910,28.257,36.6185,-0.259213,-0.3453,-0.0047,0.999,1.0,-0.345,-2.597049,0.790286
20240917,30.619,37.1465,-0.193248,0.0257,0.0004,0.9998,1.0,0.0257,-2.592742,0.789655
20240924,32.111,38.0756,-0.170374,0.1543,0.0021,1.0007,1.0,0.1544,-2.588737,0.789069
20241001,31.445,38.201,-0.194621,0.0178,0.0002,1.0017,1.0,0.0178,-2.58402,0.788378
20241008,30.355,37.5574,-0.212909,-0.0852,-0.0012,1.0027,1.0,-0.0854,-2.578912,0.78763
20241015,31.527,38.015,-0.187136,0.0601,0.0008,1.0037,1.0,0.0603,-2.574319,0.786958
20241022,34.831,38.8878,-0.110172,0.4939,0.0068,1.0047,1.0,0.4962,-2.57148,0.786543
20241029,34.269,39.106,-0.132035,0.3702,0.0051,1.0059,1.0,0.3724,-2.567897,0.786019
20241105,32.655,38.7363,-0.17078,0.1513,0.0021,1.0072,1.0,0.1524,-2.563157,0.785325
20241112,30.686,37.1129,-0.190158,0.0418,0.0006,1.0085,1.0,0.0422,-2.558098,0.784584
20241119,31.208,37.3598,-0.17992,0.0996,0.0014,1.0096,1.0,0.1006,-2.553218,0.783869
20241126,30.388,37.2239,-0.202903,-0.0304,-0.0004,1.0108,1.0,-0.0307,-2.547667,0.783056
20241203,31.077,37.709,-0.193431,0.0232,0.0003,1.012,1.0,0.0235,-2.542267,0.782266
20241210,32.363,38.2342,-0.166716,0.1744,0.0024,1.0132,1.0,0.1767,-2.537491,0.781567
20241217,30.573,37.5846,-0.206477,-0.0509,-0.0007,1.0145,1.0,-0.0516,-2.53161,0.780706
20241224,29.974,37.2583,-0.217543,-0.1135,-0.0016,1.0158,1.0,-0.1153,-2.525512,0.779812
20241231,28.94,37.2839,-0.253338,-0.3164,-0.0043,1.0171,1.0,-0.3218,-2.518469,0.778781
20250107,30.447,37.5112,-0.208653,-0.0627,-0.0009,1.0183,1.0,-0.0639,-2.5128,0.777951
20250114,30.132,37.6631,-0.223092,-0.1446,-0.002,1.0195,1.0,-0.1474,-2.506713,0.77706
20250121,31.311,38.463,-0.205727,-0.0459,-0.0006,1.0207,1.0,-0.0469,-2.500985,0.776222
20250128,30.727,38.5177,-0.225977,-0.161,-0.0022,1.022,1.0,-0.1645,-2.49468,0.7753
20250204,32.888,39.6415,-0.186768,0.0621,0.0009,1.0233,1.0,0.0635,-2.489319,0.774517
20250211,32.231,40.2112,-0.221218,-0.134,-0.0018,1.0248,1.0,-0.1373,-2.482778,0.773561
20250218,33.317,40.3412,-0.191306,0.0364,0.0005,1.0263,1.0,0.0374,-2.47715,0.772739
20250225,31.801,39.9841,-0.228984,-0.1782,-0.0024,1.0279,1.0,-0.1832,-2.470443,0.77176
20250304,32.108,39.9588,-0.218743,-0.1198,-0.0016,1.0294,1.0,-0.1233,-2.464133,0.770838
20250311,32.888,39.9202,-0.193775,0.0227,0.0003,1.0309,1.0,0.0234,-2.458591,0.770029
20250318,34.579,41.1384,-0.173696,0.1373,0.0019,1.0324,1.0,0.1417,-2.453385,0.769269
20250325,34.002,40.947,-0.185858,0.0677,0.0009,1.0341,1.0,0.0701,-2.44776,0.768448
20250401,34.158,42.1499,-0.210236,-0.0716,-0.001,1.0358,1.0,-0.0741,-2.441095,0.767476
20250408,29.592,40.4914,-0.313585,-0.6623,-0.0091,1.0376,1.0,-0.6873,-2.431707,0.766106
20250415,32.227,42.9944,-0.288266,-0.517,-0.0071,1.0393,1.0,-0.5373,-2.423077,0.764848
20250422,32.88,44.7307,-0.307795,-0.6283,-0.0086,1.0411,1.0,-0.6541,-2.413877,0.763509
20250429,33.275,43.7967,-0.274752,-0.4387,-0.006,1.043,1.0,-0.4576,-2.406322,0.762408
20250506,33.113,44.6261,-0.298394,-0.5738,-0.0079,1.0447,1.0,-0.5994,-2.398182,0.761223
20250513,32.868,42.8141,-0.264367,-0.3784,-0.0052,1.0464,1.0,-0.396,-2.391612,0.760266
20250520,32.98,43.1318,-0.26836,-0.401,-0.0055,1.0478,1.0,-0.4202,-2.385004,0.759303
20250527,33.146,43.2379,-0.265796,-0.3861,-0.0053,1.0493,1.0,-0.4051,-2.378565,0.758365
20250603,34.503,43.9468,-0.241933,-0.2489,-0.0034,1.0507,1.0,-0.2615,-2.372686,0.757509
20250610,36.542,43.5673,-0.175844,0.1306,0.0018,1.0521,1.0,0.1374,-2.368471,0.756895
20250617,37.09,44.1583,-0.174433,0.1386,0.0019,1.0535,1.0,0.146,-2.364111,0.756261
20250624,35.701,43.406,-0.195419,0.0179,0.0002,1.0551,1.0,0.0189,-2.359207,0.755546
20250701,36.082,43.5235,-0.187508,0.0634,0.0009,1.0565,1.0,0.067,-2.354411,0.754848
20250708,36.472,43.1628,-0.168434,0.1731,0.0024,1.0581,1.0,0.1831,-2.350069,0.754215
20250715,37.834,43.3229,-0.135474,0.3627,0.005,1.0596,1.0,0.3843,-2.346472,0.753692
20250722,39.32,44.337,-0.120085,0.4511,0.0062,1.0612,1.0,0.4787,-2.343074,0.753197
20250729,38.084,43.1439,-0.124748,0.4239,0.0058,1.0631,1.0,0.4506,-2.33952,0.752679
20250805,37.687,44.1926,-0.159242,0.2248,0.0031,1.0648,1.0,0.2394,-2.334672,0.751973
20250812,37.899,43.8074,-0.144878,0.3075,0.0042,1.0668,1.0,0.328,-2.330206,0.751323
20250819,37.261,43.3809,-0.152073,0.2658,0.0036,1.0688,1.0,0.2841,-2.325443,0.75063
20250826,38.582,44.061,-0.13279,0.3769,0.0052,1.0709,1.0,0.4037,-2.321103,0.749998
20250902,41.071,45.5482,-0.103468,0.5461,0.0075,1.0731,1.0,0.586,-2.317475,0.74947
20250909,40.878,46.3687,-0.126033,0.4153,0.0057,1.0756,1.0,0.4466,-2.312783,0.748788
20250916,42.471,46.7302,-0.095568,0.5911,0.0081,1.0784,1.0,0.6374,-2.309084,0.748251
20250923,44.192,47.5437,-0.073105,0.7206,0.0099,1.0813,1.0,0.7792,-2.306081,0.747814
20250930,46.253,48.0498,-0.038113,0.9224,0.0127,1.0846,1.0,1.0004,-2.304424,0.747574
20251007,47.179,49.2452,-0.042862,0.8939,0.0123,1.0881,1.0,0.9727,-2.302409,0.747281
20251014,50.314,50.6783,-0.007215,1.0993,0.0151,1.0921,1.0,1.2005,-2.302042,0.747228
20251021,47.45,50.1798,-0.055935,0.816,0.0112,1.0966,1.0,0.8948,-2.299077,0.746798
20251028,47.125,48.996,-0.038935,0.9136,0.0125,1.1013,1.0,1.0062,-2.296971,0.746492
20251104,47.13,48.7674,-0.034153,0.9404,0.0129,1.106,1.0,1.04,-2.295043,0.746212
20251111,50.618,50.1723,0.008844,1.1882,0.0163,1.1109,1.0,1.3199,-2.295583,0.74629
20251118,50.45,49.7242,0.014491,1.2193,0.0167,1.1164,1.0,1.3612,-2.296503,0.746424
20251125,50.934,50.4031,0.010478,1.1943,0.0164,1.1222,1.0,1.3402,-2.297212,0.746527
20251202,57.983,51.1432,0.12552,1.858,0.0255,1.1285,1.0,2.0967,-2.306246,0.747837
20251209,60.169,51.3804,0.1579,2.0404,0.028,1.1353,1.0,2.3165,-2.317613,0.749486
20251216,62.7,52.3771,0.179892,2.1612,0.0297,1.1422,1.0,2.4686,-2.330379,0.751336
20251223,70.485,54.0921,0.264712,2.6423,0.0363,1.1492,1.0,3.0365,-2.348743,0.753997
20251230,77.374,53.2212,0.374193,3.2583,0.0447,1.1562,1.0,3.7673,-2.370678,0.757176
20260106,80.53,54.484,0.390723,3.3314,0.0457,1.162,1.0,3.871,-2.388478,0.759755
20260113,85.877,55.6458,0.433909,3.5539,0.0488,1.1664,1.0,4.1453,-2.404552,0.762084
20260120,94.206,57.3803,0.495783,3.8756,0.0532,1.17,1.0,4.5343,-2.419671,0.764272
20260127,105.523,60.4795,0.556625,4.1813,0.0574,1.1729,1.0,4.9042,-2.433748,0.766308
20260203,83.042,59.3242,0.336329,2.9182,0.04,1.1754,1.0,3.4299,-2.440356,0.767264
20260210,80.218,60.2994,0.285426,2.6219,0.036,1.1771,1.0,3.0863,-2.445843,0.768058
20260217,73.447,59.22,0.215304,2.2249,0.0305,1.1788,1.0,2.6227,-2.44988,0.768642
20260224,87.457,61.7705,0.347721,2.944,0.0404,1.1804,1.0,3.4752,-2.456785,0.76964
20260303,82.923,61.387,0.300714,2.6714,0.0367,1.1823,1.0,3.1584,-2.462483,0.770464
20260310,89.083,62.5609,0.353428,2.9464,0.0404,1.184,1.0,3.4885,-2.469193,0.771434
20260317,79.53,60.4928,0.273609,2.4979,0.0343,1.1857,1.0,2.9618,-2.474037,0.772135
20260324,69.274,54.8187,0.234038,2.2739,0.0312,1.1873,1.0,2.6998,-2.477815,0.772682
20260331,74.69,57.214,0.266548,2.4415,0.0335,1.1884,1.0,2.9016,-2.482372,0.773342
20260407,71.826,57.6254,0.220284,2.1833,0.03,1.1898,1.0,2.5977,-2.486173,0.773893
20260414,79.391,59.2441,0.292719,2.5651,0.0352,1.1912,1.0,3.0555,-2.491457,0.774658
20260421,76.411,58.0754,0.274384,2.4563,0.0337,1.1927,1.0,2.9297,-2.496265,0.775354
20260428,73.205,57.0733,0.248927,2.311,0.0317,1.1941,1.0,2.7596,-2.500547,0.775974
20260505,73.108,56.7434,0.253399,2.3267,0.0319,1.1955,1.0,2.7815,-2.504916,0.776607
20260512,85.13,57.9361,0.384839,3.0165,0.0414,1.1968,1.0,3.6103,-2.511723,0.777593
20260519,74.828,56.3278,0.284005,2.4667,0.0338,1.1983,1.0,2.9558,-2.516328,0.77826
20260526,76.305,56.2981,0.304079,2.563,0.0352,1.1995,1.0,3.0743,-2.521236,0.778971
20260602,75.311,56.5301,0.286853,2.4618,0.0338,1.2007,1.0,2.9559,-2.525825,0.779636
20260609,65.094,54.2947,0.181406,1.8996,0.0261,1.2019,1.0,2.2831,-2.528601,0.780038
20260616,69.899,54.9979,0.239756,2.2002,0.0302,1.2029,1.0,2.6467,-2.532443,0.780595
20260623,62.02,53.0098,0.156979,1.7608,0.0242,1.2041,1.0,2.1202,-2.534897,0.780951
20260630,59.477,51.9268,0.135756,1.6462,0.0226,1.2051,1.0,1.9838,-2.537055,0.781265
20260707,60.931,53.1409,0.136794,1.6482,0.0226,1.2061,1.0,1.988,-2.539382,0.781603
20260714,58.772,52.2882,0.116895,1.5413,0.0211,1.2073,1.0,1.8608,-2.54142,0.781898
20260721,58.835,52.3775,0.116259,1.5351,0.0211,1.2085,1.0,1.8552,-2.543546,0.782207
20260728,57.296,52.0211,0.096581,1.43,0.0196,1.2098,1.0,1.73,-2.545381,0.782473
20260804,60.056,53.1857,0.121489,1.5571,0.0214,1.2112,1.0,1.8859,-2.54786,0.782833
20260811,64.769,56.0861,0.143939,1.6708,0.0229,1.2127,1.0,2.0261,-2.55109,0.783301
20260818,63.941,55.9224,0.133995,1.6157,0.0222,1.2146,1.0,1.9625,-2.55419,0.783751
20260825,68.636,58.6597,0.157064,1.7322,0.0238,1.2165,1.0,2.1072,-2.558132,0.784321
20260901,64.618,55.7669,0.147313,1.6779,0.023,1.2188,1.0,2.0451,-2.561747,0.784845
20260908,66.297,56.2344,0.164615,1.764,0.0242,1.221,1.0,2.1537,-2.56594,0.785453
20260915,63.236,55.2252,0.135454,1.6094,0.0221,1.2232,1.0,1.9685,-2.5694,0.785955
20260922,65.932,55.7028,0.168593,1.7773,0.0244,1.2254,1.0,2.1779,-2.573883,0.786605
