# QUALITY=CLEAN | XAG ~ const+log_xau | Kalman TVP δ=0.999 | IC4w=0.0263 IC8w=0.0635 hit8w=0.5121 | var_ratio=0.255 HL=55.8w | cot_as_of=20260623 | generated by metals_fairvalue_g8.py v3
DATE,PX,FAIR,RESID,MDP_Z,MDP_ADJ,RISK_W,COT_MULT,SIGNAL,B_CONST,B_LOG_XAU
20060103,9.16,10.217,-0.109203,,,0.0782,1.0,,-3.349801,0.900169
20060110,9.015,10.2076,-0.124239,,,0.0855,1.0,,-3.698993,0.952453
20060117,9.073,10.1586,-0.11302,,,0.0906,1.0,,-3.95946,0.991395
20060124,9.228,10.0811,-0.088416,,,0.0944,1.0,,-4.137366,1.017973
20060131,9.885,10.2995,-0.041079,,,0.0976,1.0,,-4.203176,1.027756
20060207,9.41,9.883,-0.049041,,,0.0996,1.0,,-4.294841,1.041468
20060214,9.315,9.7245,-0.043025,,,0.1025,1.0,,-4.375247,1.053514
20060221,9.545,9.8248,-0.028889,,,0.1054,1.0,,-4.423194,1.060681
20060228,9.805,9.9352,-0.013194,,,0.1078,1.0,,-4.442809,1.063604
20060307,10.107,9.7485,0.036114,,,0.1097,1.0,,-4.384629,1.054899
20060314,10.245,9.7517,0.049353,,,0.1119,1.0,,-4.306453,1.043195
20060321,10.565,9.797,0.07547,,,0.114,1.0,,-4.191603,1.026002
20060328,10.87,10.111,0.072385,,,0.1159,1.0,,-4.104758,1.013101
20060404,11.73,10.5908,0.102166,,,0.1171,1.0,,-4.030158,1.002315
20060411,12.6,10.8112,0.153116,,,0.1175,1.0,,-3.94843,0.990757
20060418,13.785,11.3262,0.196462,,,0.1177,1.0,,-3.931916,0.989484
20060425,12.56,11.6184,0.077924,,,0.1177,1.0,,-3.938203,0.990889
20060502,14.21,12.255,0.148013,,,0.1176,1.0,,-4.017627,1.00403
20060509,14.465,12.9617,0.109731,,,0.1179,1.0,,-4.117246,1.020041
20060516,13.54,12.8677,0.050925,,,0.1187,1.0,,-4.156403,1.026363
20060523,13.17,12.5294,0.04986,,,0.1193,1.0,,-4.182911,1.030722
20060530,13.07,12.2996,0.060753,,,0.1195,1.0,,-4.204625,1.034397
20060606,11.845,11.8283,0.001411,,,0.1196,1.0,,-4.204595,1.034399
20060613,9.625,10.5224,-0.089139,,,0.1195,1.0,,-4.307284,1.049854
20060620,10.27,10.7389,-0.044645,,,0.1207,1.0,,-4.346497,1.055707
20060627,10.195,10.7938,-0.057075,,,0.1214,1.0,,-4.392982,1.062621
20060704,11.0,11.3873,-0.0346,,,0.1219,1.0,,-4.401517,1.063762
20060711,11.55,11.9026,-0.030073,,,0.1219,1.0,,-4.394327,1.062484
20060718,10.525,11.6267,-0.099549,,,0.1219,1.0,,-4.395473,1.062112
20060725,10.945,11.3609,-0.037296,,,0.1219,1.0,,-4.40415,1.063262
20060801,11.74,12.1444,-0.033867,,,0.1218,1.0,,-4.384841,1.060084
20060808,12.26,12.0991,0.013209,,,0.122,1.0,,-4.392079,1.061279
20060815,12.085,11.629,0.038462,,,0.1222,1.0,,-4.393207,1.06167
20060822,12.265,11.6667,0.050013,,,0.1221,1.0,,-4.395976,1.062383
20060829,12.15,11.3965,0.064025,,,0.1221,1.0,,-4.376124,1.059667
20060905,13.14,11.9681,0.093418,,,0.1221,1.0,,-4.412086,1.06577
20060912,11.14,10.9725,0.015147,,,0.1221,1.0,,-4.397891,1.063647
20060919,10.945,10.7616,0.016902,,,0.1226,1.0,,-4.376778,1.060462
20060926,11.495,11.0429,0.040127,,,0.1234,1.0,,-4.341753,1.055247
20061003,11.045,10.7568,0.026437,,,0.1238,1.0,,-4.306659,1.049944
20061010,11.22,10.6682,0.050433,,,0.1247,1.0,,-4.231466,1.038547
20061017,11.78,11.0313,0.065669,,,0.1259,1.0,,-4.170573,1.029455
20061024,11.85,10.9494,0.079047,,,0.1263,1.0,,-4.085178,1.016615
20061031,12.27,11.3531,0.077664,,,0.1268,1.0,,-4.050934,1.011701
20061107,12.675,11.785,0.072802,,,0.1269,1.0,,-4.065302,1.014305
20061114,12.89,11.7639,0.09142,,,0.1268,1.0,,-4.075883,1.016401
20061121,13.085,11.8633,0.098014,,,0.1268,1.0,,-4.09584,1.019956
20061128,13.62,12.0645,0.121276,,,0.1267,1.0,,-4.146426,1.028342
20061205,14.025,12.3146,0.130054,,,0.1268,1.0,,-4.227392,1.041425
20061212,13.98,12.039,0.149478,,,0.127,1.0,,-4.257197,1.046565
20061219,12.71,11.9532,0.061393,,,0.1269,1.0,,-4.260208,1.047213
20061226,12.725,11.9971,0.058904,,,0.1269,1.0,,-4.264927,1.048121
20070102,12.935,12.2337,0.055745,,,0.1268,1.0,,-4.282288,1.050987
20070109,12.595,11.7841,0.066547,,,0.1268,1.0,,-4.270131,1.049301
20070116,12.625,12.0193,0.049162,,,0.1268,1.0,,-4.273136,1.049919
20070123,13.26,12.435,0.064237,,,0.1267,1.0,,-4.306306,1.055275
20070130,13.375,12.541,0.064381,,,0.1268,1.0,,-4.345812,1.061616
20070206,13.675,12.7351,0.071206,,,0.127,1.0,,-4.40313,1.070746
20070213,13.915,12.9632,0.070855,,,0.1274,1.0,,-4.474808,1.082102
20070220,13.83,12.8339,0.074746,,,0.128,1.0,,-4.536599,1.09193
20070227,14.69,13.4177,0.090595,,,0.1284,1.0,,-4.661395,1.111584
20070306,12.985,12.5759,0.03201,,,0.1296,1.0,,-4.675036,1.113796
20070313,12.96,12.6538,0.023907,,,0.1297,1.0,,-4.687341,1.115779
20070320,13.37,12.8696,0.038143,,,0.1298,1.0,,-4.716588,1.120438
20070327,13.28,12.9592,0.024456,,,0.1301,1.0,,-4.737849,1.123817
20070403,13.43,13.1265,0.022854,,,0.1305,1.0,,-4.762508,1.127719
20070410,13.93,13.3975,0.038978,,,0.1311,1.0,,-4.817617,1.136402
20070417,14.02,13.6645,0.025682,,,0.1322,1.0,,-4.86134,1.143272
20070424,13.782,13.5727,0.015303,,,0.1337,1.0,,-4.885591,1.147087
20070501,13.37,13.3465,0.00176,,,0.1351,1.0,,-4.887904,1.147452
20070508,13.6,13.576,0.001765,,,0.1359,1.0,,-4.890805,1.147908
20070515,13.315,13.285,0.002253,,,0.1372,1.0,,-4.893666,1.148361
20070522,12.99,12.9564,0.002587,,,0.138,1.0,,-4.89574,1.148693
20070529,13.223,12.8966,0.024993,,,0.1382,1.0,,-4.913884,1.151611
20070605,13.812,13.3124,0.036839,,,0.1383,1.0,,-4.966123,1.159861
20070612,13.09,12.8299,0.020068,,,0.1391,1.0,,-4.977154,1.161658
20070619,13.325,13.1031,0.016793,,,0.1392,1.0,,-4.994725,1.164454
20070626,12.28,12.6665,-0.030986,,,0.1395,1.0,,-4.988294,1.163313
20070703,12.685,12.8852,-0.015657,,,0.1395,1.0,,-4.977646,1.161592
20070710,12.975,13.0842,-0.008378,,,0.1396,1.0,,-4.9682,1.160089
20070717,13.018,13.1143,-0.00737,,,0.1399,1.0,,-4.959155,1.158654
20070724,13.443,13.5426,-0.007383,,,0.1404,1.0,,-4.942834,1.156092
20070731,13.017,13.4115,-0.029859,,,0.1418,1.0,,-4.884945,1.146986
20070807,13.095,13.4594,-0.027448,,,0.1429,1.0,,-4.828197,1.138072
20070814,12.748,13.382,-0.048537,,,0.1441,1.0,,-4.736037,1.123577
20070821,11.51,13.0528,-0.125784,,,0.1451,1.0,,-4.603557,1.102479
20070828,11.765,13.1487,-0.111194,,,0.1454,1.0,,-4.492631,1.084964
20070904,12.448,13.488,-0.080243,,,0.1457,1.0,,-4.383214,1.067844
20070911,12.835,14.0698,-0.091854,,,0.1467,1.0,,-4.194861,1.038527
20070918,12.925,14.058,-0.084027,,,0.1491,1.0,,-4.037784,1.014084
20070925,13.62,14.3002,-0.048732,,,0.1513,1.0,,-3.939469,0.998806
20071002,13.45,14.2149,-0.055309,,,0.1543,1.0,,-3.833684,0.982364
20071009,13.583,14.3043,-0.051739,,,0.157,1.0,,-3.7313,0.966459
20071016,13.658,14.6153,-0.067745,,,0.1601,1.0,,-3.578252,0.942712
20071023,13.65,14.569,-0.065157,,,0.1644,1.0,,-3.440599,0.921356
20071030,14.328,14.9416,-0.041931,,,0.1685,1.0,,-3.341947,0.906068
20071106,15.38,15.5007,-0.00782,,,0.1742,1.0,,-3.320688,0.902777
20071113,14.61,15.0729,-0.031193,,,0.1827,1.0,,-3.249221,0.891706
20071120,14.5,14.9073,-0.027703,,,0.189,1.0,,-3.190783,0.88265
20071127,14.485,15.2519,-0.051591,,,0.1946,1.0,,-3.069645,0.863897
20071204,14.465,15.0795,-0.041607,,,0.2019,1.0,,-2.982103,0.850341
20071211,14.865,15.1815,-0.02107,,,0.2083,1.0,,-2.937521,0.84344
20071218,14.165,15.004,-0.05754,,,0.2153,1.0,,-2.825508,0.826094
20071225,14.66,15.0816,-0.02835,,,0.2213,1.0,,-2.771486,0.817732
20080101,14.92,15.3741,-0.02998,,,0.2277,1.0,,-2.709195,0.8081
20080108,15.815,15.9576,-0.008977,,,0.2357,1.0,,-2.687847,0.804804
20080115,16.3,16.2659,0.002095,,,0.2476,1.0,,-2.692954,0.805592
20080122,16.105,16.0912,0.000858,,,0.2616,1.0,,-2.694845,0.805884
20080129,16.8,16.5977,0.012116,,,0.2738,1.0,,-2.723433,0.810292
20080205,16.345,16.1144,0.014211,,,0.2895,1.0,,-2.751331,0.814599
20080212,17.25,16.4426,0.047936,,,0.3008,1.0,,-2.848986,0.829661
20080219,17.508,16.8058,0.040934,,,0.3141,1.0,,-2.928856,0.841972
20080226,18.72,17.1692,0.086477,,,0.328,1.0,,-3.092691,0.867206
20080304,19.84,17.6022,0.119675,,,0.3429,1.0,,-3.280989,0.89619
20080311,19.763,17.9555,0.095912,,,0.3561,1.0,,-3.392082,0.913284
20080318,19.96,18.552,0.073152,,,0.3662,1.0,,-3.469294,0.925154
20080325,17.8,17.4487,0.019935,,,0.3764,1.0,,-3.484626,0.927518
20080401,16.89,16.6441,0.014666,,,0.3821,1.0,,-3.493865,0.928947
20080408,17.708,17.1774,0.030422,,,0.3857,1.0,,-3.516576,0.932452
20080415,17.85,17.4425,0.023095,,,0.3909,1.0,,-3.534932,0.935282
20080422,17.71,17.3407,0.021075,,,0.3967,1.0,,-3.551335,0.937812
20080429,16.64,16.503,0.008266,,,0.4023,1.0,,-3.556418,0.9386
20080506,16.86,16.5231,0.020182,,,0.4055,1.0,,-3.569261,0.940591
20080513,16.828,16.3902,0.026358,,,0.4089,1.0,,-3.58551,0.943112
20080520,17.725,17.3023,0.024136,,,0.412,1.0,,-3.605434,0.946185
20080527,17.465,17.1013,0.021041,,,0.4177,1.0,,-3.621838,0.948718
20080603,16.835,16.715,0.007153,,,0.4227,1.0,,-3.626801,0.949486
20080610,16.635,16.4628,0.010408,,,0.4265,1.0,,-3.633538,0.950532
20080617,17.075,16.7504,0.019196,,,0.4296,1.0,,-3.647679,0.952721
20080624,16.633,16.847,-0.012784,,,0.4337,1.0,,-3.637867,0.951203
20080701,18.29,17.7876,0.027855,,,0.438,1.0,,-3.666373,0.955588
20080708,17.955,17.4325,0.029531,,,0.4458,1.0,,-3.693173,0.959718
20080715,19.013,18.4611,0.02946,,,0.4519,1.0,,-3.726473,0.964827
20080722,18.005,17.9448,0.003349,,,0.462,1.0,,-3.729708,0.965324
20080729,17.375,17.3631,0.000687,,,0.4694,1.0,,-3.730276,0.965412
20080805,16.572,16.8072,-0.014096,,,0.4746,1.0,,-3.72056,0.963904
20080812,14.485,15.49,-0.067084,,,0.478,1.0,,-3.701125,0.960759
20080819,13.105,15.5047,-0.168147,,,0.4784,1.0,,-3.657553,0.953729
20080826,13.575,15.6533,-0.142452,,,0.4787,1.0,,-3.635798,0.950264
20080902,13.145,15.3136,-0.1527,,,0.4788,1.0,,-3.623637,0.948282
20080909,11.715,14.9652,-0.244858,,,0.4787,1.0,,-3.615513,0.946869
20080916,10.517,14.7401,-0.337579,,,0.4785,1.0,,-3.612433,0.946244
20080923,13.17,16.6931,-0.237053,,,0.4783,1.0,,-3.597204,0.943887
20080930,12.275,16.4962,-0.295568,,,0.4784,1.0,,-3.582275,0.94157
20081007,11.38,16.5046,-0.371779,,,0.4784,1.0,,-3.567015,0.939203
20081014,11.06,15.744,-0.353125,,,0.4784,1.0,,-3.560126,0.938116
20081021,10.075,14.4764,-0.362463,,,0.4782,1.0,,-3.560484,0.938127
20081028,8.79,13.9856,-0.464411,,,0.4779,1.0,,-3.563682,0.938561
20081104,10.13,14.2784,-0.34325,,,0.4777,1.0,,-3.564544,0.938663
20081111,9.805,13.8418,-0.344803,,,0.4775,1.0,,-3.566727,0.938966
20081118,9.55,13.8375,-0.370841,,,0.4772,1.0,,-3.568928,0.939271
20081125,10.27,15.3514,-0.40198,,,0.477,1.0,,-3.56644,0.938871
20081202,9.615,14.7278,-0.426414,,,0.4768,1.0,,-3.565835,0.938754
20081209,9.85,14.5647,-0.391127,,,0.4765,1.0,,-3.565732,0.938718
20081216,10.705,15.769,-0.387332,,,0.4763,1.0,,-3.562907,0.938273
20081223,10.26,15.6855,-0.424483,,,0.4761,1.0,,-3.560144,0.937836
20081230,10.98,16.2419,-0.391519,,,0.4759,1.0,,-3.556672,0.937296
20090106,11.445,16.1689,-0.345538,,,0.4757,1.0,,-3.553842,0.936855
20090113,10.68,15.3729,-0.36423,,,0.4755,1.0,,-3.552277,0.936604
20090120,11.175,15.9754,-0.357371,,,0.4752,1.0,,-3.549765,0.936211
20090127,12.175,16.7465,-0.318806,,,0.475,1.0,,-3.546477,0.935703
20090203,12.3,16.6218,-0.301114,,,0.4748,1.0,,-3.543532,0.935247
20090210,13.13,16.9969,-0.25813,,,0.4747,1.0,,-3.540571,0.934791
20090217,14.01,17.9188,-0.246079,,,0.4745,1.0,,-3.536724,0.934202
20090224,13.995,17.9497,-0.248875,,,0.4744,1.0,,-3.532707,0.933586
20090303,12.715,16.978,-0.289135,,,0.4743,1.0,,-3.529183,0.933043
20090310,12.54,16.6679,-0.284561,,,0.4741,1.0,,-3.526098,0.932566
20090317,12.67,17.0275,-0.295595,,,0.4739,1.0,,-3.522367,0.931991
20090324,13.357,17.1454,-0.249691,,,0.4738,1.0,,-3.519064,0.931483
20090331,12.985,17.1633,-0.278978,,,0.4736,1.0,,-3.515273,0.9309
20090407,12.21,16.4387,-0.297383,,,0.4735,1.0,,-3.512241,0.93043
20090414,12.765,16.5867,-0.261894,,,0.4733,1.0,,-3.509372,0.929986
20090421,12.06,16.4234,-0.308813,,,0.4731,1.0,,-3.506191,0.929492
20090428,12.4,16.6091,-0.292253,,,0.4729,1.0,,-3.502919,0.928986
20090505,13.42,16.791,-0.224094,,,0.4727,1.0,,-3.500198,0.928566
20090512,14.215,17.1263,-0.186315,,,0.4726,1.0,,-3.497559,0.92816
20090519,14.125,17.1721,-0.195341,,,0.4724,1.0,,-3.49464,0.927711
20090526,14.6,17.6263,-0.188371,,,0.4723,1.0,,-3.491278,0.927195
20090602,15.955,18.1557,-0.12921,,,0.4722,1.0,,-3.488528,0.926775
20090609,15.14,17.6448,-0.153101,,,0.4721,1.0,,-3.485541,0.926317
20090616,14.13,17.2566,-0.199892,,,0.472,1.0,,-3.481934,0.925762
20090623,13.845,17.118,-0.212205,,,0.4719,1.0,,-3.47818,0.925184
20090630,13.6,17.1678,-0.232966,,,0.4718,1.0,,-3.473892,0.924525
20090707,13.22,17.1931,-0.262779,,,0.4717,1.0,,-3.468949,0.923764
20090714,12.855,17.0811,-0.284239,,,0.4716,1.0,,-3.46381,0.922974
20090721,13.478,17.4878,-0.260447,,,0.4714,1.0,,-3.458482,0.922156
20090728,13.74,17.3502,-0.233291,,,0.4714,1.0,,-3.453906,0.921453
20090804,14.695,17.8662,-0.195406,,,0.4713,1.0,,-3.449388,0.920761
20090811,14.345,17.4868,-0.198043,,,0.4712,1.0,,-3.445167,0.920113
20090818,13.96,17.3403,-0.216837,,,0.4711,1.0,,-3.44064,0.919418
20090825,14.31,17.4516,-0.198474,0.9946,0.0134,0.471,1.0,0.4685,-3.436275,0.918748
20090901,15.06,17.6255,-0.157306,1.6583,0.0224,0.471,1.0,0.781,-3.432544,0.918175
20090908,16.51,18.3532,-0.105838,2.4211,0.0327,0.4709,1.0,1.1401,-3.429399,0.917695
20090915,17.0,18.4594,-0.082363,2.5819,0.0348,0.4709,1.0,1.2159,-3.426763,0.917292
20090922,17.115,18.6114,-0.08382,2.3289,0.0314,0.471,1.0,1.0969,-3.423836,0.916845
20090929,16.178,18.2535,-0.120705,1.6477,0.0222,0.4711,1.0,0.7762,-3.419738,0.916219
20091006,17.295,19.0096,-0.094529,1.9265,0.026,0.4712,1.0,0.9077,-3.415794,0.915617
20091013,17.84,19.4282,-0.085283,1.9427,0.0262,0.4714,1.0,0.9157,-3.411756,0.915002
20091020,17.558,19.3165,-0.09545,1.7101,0.0231,0.4717,1.0,0.8066,-3.407096,0.914292
20091027,16.54,18.9237,-0.134632,1.1505,0.0155,0.472,1.0,0.543,-3.400696,0.913315
20091103,17.18,19.7408,-0.138941,1.0674,0.0144,0.4722,1.0,0.5041,-3.392781,0.91211
20091110,17.222,20.0225,-0.15067,0.8979,0.0121,0.4727,1.0,0.4244,-3.383526,0.910702
20091117,18.387,20.6193,-0.114585,1.326,0.0179,0.4732,1.0,0.6275,-3.375663,0.909507
20091124,18.455,21.0418,-0.131177,1.0846,0.0146,0.4739,1.0,0.514,-3.365781,0.908005
20091201,19.21,21.5893,-0.116767,1.2366,0.0167,0.4748,1.0,0.5871,-3.356101,0.906536
20091208,17.807,20.6457,-0.147916,0.8261,0.0111,0.4758,1.0,0.3931,-3.344834,0.904823
20091215,17.455,20.296,-0.150799,0.7771,0.0105,0.4766,1.0,0.3704,-3.333688,0.903128
20091222,17.03,19.6876,-0.145014,0.8358,0.0113,0.4774,1.0,0.399,-3.323769,0.901618
20091229,17.11,19.8611,-0.149098,0.772,0.0104,0.478,1.0,0.369,-3.313065,0.899989
20100105,17.8,20.1819,-0.125587,1.0508,0.0142,0.4786,1.0,0.5029,-3.303429,0.898523
20100112,18.255,20.342,-0.108247,1.2445,0.0168,0.4794,1.0,0.5966,-3.294685,0.897193
20100119,18.8,20.5008,-0.086609,1.4819,0.02,0.4803,1.0,0.7117,-3.287276,0.896067
20100126,16.86,19.8173,-0.161611,0.5288,0.0071,0.4812,1.0,0.2545,-3.274271,0.894088
20100202,16.743,20.1176,-0.183617,0.2537,0.0034,0.482,1.0,0.1223,-3.258746,0.891726
20100209,15.435,19.4412,-0.230758,-0.3301,-0.0045,0.4828,1.0,-0.1594,-3.24152,0.889103
20100216,16.148,20.1013,-0.21899,-0.1808,-0.0024,0.4835,1.0,-0.0874,-3.22422,0.886472
20100223,15.888,19.8137,-0.220809,-0.202,-0.0027,0.4843,1.0,-0.0978,-3.20815,0.884026
20100302,17.064,20.3341,-0.175329,0.3742,0.005,0.485,1.0,0.1815,-3.194796,0.881996
20100309,17.338,20.0771,-0.146681,0.7351,0.0099,0.4858,1.0,0.3571,-3.184039,0.88036
20100316,17.354,20.0656,-0.145183,0.7452,0.0101,0.4865,1.0,0.3626,-3.173219,0.878715
20100323,17.027,19.7554,-0.148627,0.6921,0.0093,0.4873,1.0,0.3372,-3.162489,0.877082
20100330,17.33,19.7728,-0.131866,0.8998,0.0121,0.4879,1.0,0.4391,-3.152794,0.875606
20100406,17.931,20.2334,-0.120802,1.0301,0.0139,0.4886,1.0,0.5034,-3.14302,0.874121
20100413,18.249,20.4901,-0.115831,1.0784,0.0146,0.4895,1.0,0.5279,-3.133017,0.872601
20100420,17.821,20.2553,-0.12804,0.9044,0.0122,0.4905,1.0,0.4436,-3.122016,0.870928
20100427,18.119,20.5952,-0.128096,0.8918,0.012,0.4915,1.0,0.4383,-3.110206,0.869134
20100504,17.842,20.6853,-0.147868,0.6253,0.0084,0.4926,1.0,0.308,-3.09612,0.866995
20100511,19.294,21.4448,-0.105688,1.1658,0.0157,0.4938,1.0,0.5756,-3.08495,0.8653
20100518,18.879,21.3394,-0.122506,0.9295,0.0125,0.4953,1.0,0.4603,-3.071784,0.863302
20100525,17.781,21.0658,-0.169521,0.3091,0.0042,0.4968,1.0,0.1536,-3.053826,0.860576
20100601,18.551,21.4731,-0.146277,0.6096,0.0082,0.4982,1.0,0.3037,-3.037755,0.858138
20100608,18.477,21.726,-0.161984,0.3986,0.0054,0.4998,1.0,0.1992,-3.01936,0.855348
20100615,18.578,21.5267,-0.147318,0.5884,0.0079,0.5016,1.0,0.2951,-3.003151,0.852889
20100622,18.902,21.5939,-0.133145,0.7704,0.0104,0.5032,1.0,0.3877,-2.988347,0.850643
20100629,18.635,21.5919,-0.147276,0.5755,0.0078,0.5049,1.0,0.2905,-2.971784,0.848131
20100706,17.857,20.8648,-0.155667,0.459,0.0062,0.5066,1.0,0.2325,-2.955774,0.845701
20100713,18.257,21.1105,-0.145222,0.5951,0.008,0.508,1.0,0.3023,-2.940418,0.84337
20100720,17.693,20.7654,-0.16012,0.3902,0.0053,0.5095,1.0,0.1988,-2.924186,0.840906
20100727,17.626,20.2457,-0.138568,0.6782,0.0092,0.5108,1.0,0.3465,-2.911246,0.83894
20100803,18.422,20.6583,-0.11457,0.9971,0.0135,0.512,1.0,0.5105,-2.899788,0.8372
20100810,18.158,20.7932,-0.135515,0.7018,0.0095,0.5133,1.0,0.3602,-2.885666,0.835056
20100817,18.595,21.2087,-0.131517,0.7499,0.0101,0.5147,1.0,0.386,-2.871081,0.832843
20100824,18.378,21.2574,-0.145552,0.5521,0.0075,0.5164,1.0,0.2851,-2.854684,0.830356
20100831,19.432,21.471,-0.09978,1.1735,0.0158,0.5181,1.0,0.608,-2.843162,0.828609
20100907,19.914,21.5787,-0.080283,1.4237,0.0192,0.5199,1.0,0.7402,-2.83351,0.827146
20100914,20.432,21.737,-0.061915,1.649,0.0223,0.5219,1.0,0.8605,-2.825653,0.825955
20100921,20.64,21.7594,-0.052817,1.7378,0.0235,0.524,1.0,0.9106,-2.818647,0.824893
20100928,21.707,22.2242,-0.023547,2.0894,0.0282,0.5262,1.0,1.0995,-2.815213,0.824372
20101005,22.737,22.6646,0.003191,2.3796,0.0321,0.5289,1.0,1.2585,-2.815724,0.82445
20101012,23.147,22.7548,0.017089,2.475,0.0334,0.532,1.0,1.3167,-2.818619,0.824888
20101019,23.78,22.6115,0.050385,2.7988,0.0378,0.5353,1.0,1.4983,-2.82742,0.826221
20101026,23.83,22.6658,0.050088,2.6723,0.0361,0.5388,1.0,1.4397,-2.836523,0.827599
20101102,24.836,22.9408,0.079379,2.9056,0.0392,0.5424,1.0,1.5758,-2.851841,0.829918
20101109,28.906,23.7182,0.197809,4.1012,0.0554,0.5463,1.0,2.2406,-2.893341,0.836196
20101116,25.233,22.797,0.101524,2.7664,0.0373,0.551,1.0,1.5243,-2.910476,0.838791
20101123,27.572,23.3919,0.164413,3.2863,0.0444,0.5544,1.0,1.8219,-2.939868,0.843239
20101130,28.212,23.5785,0.179412,3.2508,0.0439,0.5582,1.0,1.8147,-2.970305,0.847845
20101207,29.777,23.9774,0.216625,3.4205,0.0462,0.5619,1.0,1.9219,-3.005337,0.853145
20101214,29.788,23.9904,0.216452,3.2223,0.0435,0.5655,1.0,1.8222,-3.036276,0.857825
20101221,29.394,23.8341,0.209674,2.9993,0.0405,0.5686,1.0,1.7056,-3.062852,0.861847
20101228,30.323,24.1432,0.227903,3.0112,0.0406,0.5714,1.0,1.7204,-3.090111,0.865971
20110104,29.508,23.8066,0.214697,2.7722,0.0374,0.574,1.0,1.5911,-3.112763,0.869399
20110111,29.499,23.9401,0.2088,2.6195,0.0354,0.5761,1.0,1.5092,-3.13355,0.872545
20110118,28.912,23.7436,0.196942,2.44,0.0329,0.5782,1.0,1.4108,-3.151753,0.8753
20110125,26.805,23.2367,0.142854,1.9743,0.0266,0.5801,1.0,1.1452,-3.16385,0.877132
20110201,28.514,23.3844,0.198324,2.3259,0.0314,0.5816,1.0,1.3528,-3.180966,0.879724
20110208,30.271,23.7861,0.241087,2.559,0.0345,0.5833,1.0,1.4926,-3.201718,0.882866
20110215,30.696,23.9861,0.246658,2.5134,0.0339,0.585,1.0,1.4703,-3.22172,0.885893
20110222,32.862,24.4489,0.295732,2.7614,0.0373,0.5866,1.0,1.6197,-3.244876,0.889396
20110301,34.427,24.971,0.321126,2.8253,0.0381,0.5882,1.0,1.6618,-3.268246,0.89293
20110308,35.658,24.9663,0.356448,2.9414,0.0397,0.5897,1.0,1.7346,-3.291152,0.896394
20110315,34.117,24.4813,0.331885,2.6746,0.0361,0.5911,1.0,1.5809,-3.309004,0.899096
20110322,36.269,25.0733,0.369162,2.8059,0.0379,0.5921,1.0,1.6613,-3.327945,0.90196
20110329,36.987,24.9391,0.39413,2.8485,0.0384,0.5931,1.0,1.6894,-3.345819,0.904664
20110405,39.183,25.5612,0.427168,2.9289,0.0395,0.5939,1.0,1.7395,-3.363901,0.907397
20110412,40.066,25.6254,0.446945,2.9243,0.0395,0.5947,1.0,1.7391,-3.380689,0.909935
20110419,43.913,26.3348,0.511319,3.1532,0.0426,0.5954,1.0,1.8774,-3.398609,0.912643
20110426,45.05,26.5194,0.529895,3.1132,0.042,0.5961,1.0,1.8556,-3.414861,0.915099
20110503,42.585,27.1609,0.449725,2.5895,0.0349,0.5966,1.0,1.5449,-3.427445,0.916999
20110510,38.486,26.8173,0.361249,2.0856,0.0281,0.5971,1.0,1.2454,-3.436698,0.918397
20110517,33.491,26.2434,0.243863,1.4842,0.02,0.5975,1.0,0.8869,-3.442599,0.919289
20110524,36.128,26.9648,0.292535,1.6955,0.0229,0.5979,1.0,1.0137,-3.450202,0.920437
20110531,38.305,27.2068,0.342113,1.9024,0.0257,0.5983,1.0,1.1383,-3.45929,0.92181
20110607,37.046,27.3512,0.3034,1.6887,0.0228,0.5988,1.0,1.0112,-3.46732,0.923023
20110614,35.411,27.0542,0.269181,1.5058,0.0203,0.5993,1.0,0.9024,-3.474333,0.924082
20110621,36.379,27.4354,0.282158,1.5465,0.0209,0.5997,1.0,0.9274,-3.481969,0.925235
20110628,33.638,26.6984,0.231053,1.2932,0.0175,0.6002,1.0,0.7762,-3.487992,0.926145
20110705,35.41,26.9214,0.274074,1.4761,0.0199,0.6006,1.0,0.8865,-3.495424,0.927268
20110712,35.634,27.7608,0.249674,1.3478,0.0182,0.6011,1.0,0.8101,-3.502623,0.928355
20110719,40.221,28.4229,0.347194,1.7746,0.024,0.6016,1.0,1.0676,-3.5132,0.929952
20110726,40.698,28.7165,0.348707,1.7543,0.0237,0.6023,1.0,1.0566,-3.523761,0.931545
20110802,40.092,29.21,0.316665,1.5856,0.0214,0.6029,1.0,0.9559,-3.533396,0.932999
20110809,37.883,30.874,0.204587,1.069,0.0144,0.6036,1.0,0.6452,-3.540096,0.934009
20110816,39.819,31.5949,0.23135,1.1792,0.0159,0.6044,1.0,0.7127,-3.548154,0.935224
20110823,42.291,32.8902,0.251398,1.2576,0.017,0.6053,1.0,0.7613,-3.557578,0.936644
20110830,41.464,32.4096,0.24637,1.2238,0.0165,0.6064,1.0,0.7422,-3.566756,0.938027
20110906,41.868,33.172,0.232816,1.1533,0.0156,0.6075,1.0,0.7007,-3.575815,0.939392
20110913,41.193,32.4927,0.237254,1.1634,0.0157,0.6087,1.0,0.7081,-3.58496,0.94077
20110920,40.137,32.1806,0.220934,1.0821,0.0146,0.6098,1.0,0.6599,-3.593497,0.942057
20110927,31.536,29.5825,0.063945,0.3847,0.0052,0.6109,1.0,0.235,-3.595737,0.942395
20111004,29.839,28.974,0.029416,0.2311,0.0031,0.6118,1.0,0.1414,-3.596792,0.942554
20111011,31.998,29.7375,0.073264,0.424,0.0057,0.6126,1.0,0.2597,-3.599687,0.942991
20111018,31.831,29.6092,0.072354,0.4182,0.0056,0.6136,1.0,0.2566,-3.602682,0.943442
20111025,33.052,30.4238,0.082855,0.4632,0.0063,0.6146,1.0,0.2847,-3.60644,0.944009
20111101,32.731,30.6304,0.06633,0.3877,0.0052,0.6158,1.0,0.2388,-3.609632,0.944491
20111108,35.153,32.118,0.090293,0.4932,0.0067,0.6172,1.0,0.3044,-3.614513,0.945226
20111115,34.456,31.8512,0.078607,0.4389,0.0059,0.6189,1.0,0.2716,-3.618911,0.945889
20111122,32.951,30.5178,0.076711,0.4286,0.0058,0.6206,1.0,0.266,-3.623155,0.946529
20111129,31.95,30.8137,0.036214,0.2446,0.0033,0.6222,1.0,0.1522,-3.625286,0.946851
20111206,32.744,31.0407,0.053419,0.3215,0.0043,0.6239,1.0,0.2006,-3.628633,0.947355
20111213,31.26,29.8854,0.04497,0.282,0.0038,0.6258,1.0,0.1765,-3.631441,0.947779
20111220,29.536,29.1196,0.014197,0.1412,0.0019,0.6276,1.0,0.0886,-3.632339,0.947915
20111227,28.74,28.7454,-0.000186,0.0752,0.001,0.6293,1.0,0.0473,-3.632327,0.947913
20120103,29.572,28.8307,0.025387,0.1919,0.0026,0.631,1.0,0.1211,-3.634091,0.948179
20120110,29.815,29.3658,0.015181,0.1445,0.0019,0.6329,1.0,0.0914,-3.635235,0.948352
20120117,30.135,29.781,0.011817,0.1285,0.0017,0.6351,1.0,0.0816,-3.636194,0.948496
20120124,31.975,29.9362,0.065885,0.3776,0.0051,0.6375,1.0,0.2407,-3.64187,0.949353
20120131,33.262,31.2518,0.062339,0.3599,0.0049,0.6401,1.0,0.2304,-3.647822,0.95025
20120207,34.194,31.4116,0.084872,0.4632,0.0063,0.6432,1.0,0.2979,-3.656321,0.951531
20120214,33.348,30.9196,0.075608,0.4183,0.0056,0.6466,1.0,0.2705,-3.663968,0.952684
20120221,34.429,31.6487,0.084202,0.4569,0.0062,0.6499,1.0,0.297,-3.673069,0.954056
20120228,37.205,32.1989,0.14451,0.7371,0.0099,0.6536,1.0,0.4818,-3.689521,0.956536
20120306,32.783,30.2571,0.080178,0.4326,0.0058,0.6576,1.0,0.2845,-3.697823,0.957788
20120313,33.581,30.6705,0.090659,0.4802,0.0065,0.6609,1.0,0.3174,-3.707697,0.959278
20120320,31.834,29.8862,0.063139,0.3491,0.0047,0.6645,1.0,0.2319,-3.714486,0.960302
20120327,32.616,30.5707,0.06476,0.3555,0.0048,0.6679,1.0,0.2375,-3.721951,0.961428
20120403,33.265,30.373,0.090951,0.4782,0.0065,0.6717,1.0,0.3212,-3.732699,0.96305
20120410,31.679,30.2141,0.047344,0.2698,0.0036,0.6755,1.0,0.1823,-3.738363,0.963904
20120417,31.674,30.066,0.052101,0.2916,0.0039,0.6794,1.0,0.1981,-3.744801,0.964876
20120424,30.746,29.9605,0.025881,0.1658,0.0022,0.6834,1.0,0.1133,-3.748101,0.965374
20120501,30.93,30.2994,0.020598,0.1401,0.0019,0.6876,1.0,0.0963,-3.750892,0.965795
20120508,29.459,29.2893,0.005776,0.0687,0.0009,0.6921,1.0,0.0475,-3.75167,0.965912
20120515,28.08,28.4557,-0.01329,-0.0231,-0.0003,0.6963,1.0,-0.0161,-3.74988,0.965642
20120522,28.179,28.794,-0.02159,-0.063,-0.0009,0.7004,1.0,-0.0441,-3.746774,0.965173
20120529,27.791,28.2922,-0.017874,-0.0449,-0.0006,0.7049,1.0,-0.0316,-3.744162,0.964778
20120605,28.405,29.4848,-0.037311,-0.1389,-0.0019,0.7093,1.0,-0.0985,-3.738077,0.96386
20120612,28.949,29.4097,-0.015789,-0.034,-0.0005,0.7147,1.0,-0.0243,-3.735415,0.963458
20120619,28.368,29.5657,-0.041353,-0.1584,-0.0021,0.7202,1.0,-0.1141,-3.72809,0.962352
20120626,27.038,28.6942,-0.059453,-0.2464,-0.0033,0.7262,1.0,-0.1789,-3.717708,0.960784
20120703,28.28,29.4804,-0.041572,-0.1581,-0.0021,0.7318,1.0,-0.1157,-3.709962,0.959615
20120710,26.882,28.7217,-0.066196,-0.2786,-0.0038,0.7382,1.0,-0.2056,-3.697758,0.957772
20120717,27.316,28.851,-0.054671,-0.221,-0.003,0.7442,1.0,-0.1645,-3.687464,0.956217
20120724,26.811,28.5868,-0.064132,-0.2671,-0.0036,0.7505,1.0,-0.2004,-3.675307,0.954381
20120731,27.914,29.2112,-0.045425,-0.1738,-0.0023,0.7568,1.0,-0.1315,-3.666277,0.953018
20120807,28.086,29.1499,-0.03718,-0.1324,-0.0018,0.7637,1.0,-0.1011,-3.658724,0.951877
20120814,27.763,28.9458,-0.041721,-0.1546,-0.0021,0.7707,1.0,-0.1192,-3.650097,0.950575
20120821,29.428,29.6116,-0.006221,0.0228,0.0003,0.7779,1.0,0.0177,-3.64873,0.950369
20120828,30.875,30.0657,0.026562,0.1866,0.0025,0.7859,1.0,0.1466,-3.654923,0.951303
20120904,32.411,30.5386,0.059507,0.3512,0.0047,0.7947,1.0,0.2791,-3.6695,0.9535
20120911,33.566,31.2612,0.071136,0.4086,0.0055,0.8042,1.0,0.3286,-3.687445,0.956204
20120918,34.718,31.9573,0.082858,0.4663,0.0063,0.8145,1.0,0.3798,-3.70853,0.95938
20120925,33.948,31.9593,0.060368,0.3514,0.0047,0.8253,1.0,0.29,-3.72327,0.9616
20121002,34.669,32.179,0.07453,0.422,0.0057,0.8356,1.0,0.3526,-3.741501,0.964345
20121009,33.985,32.0678,0.058068,0.3374,0.0046,0.8461,1.0,0.2855,-3.755242,0.966414
20121016,32.959,31.7943,0.035976,0.2243,0.003,0.8563,1.0,0.192,-3.76361,0.967675
20121023,31.793,31.1765,0.019581,0.1402,0.0019,0.8661,1.0,0.1215,-3.768112,0.968354
20121030,31.816,31.2414,0.018226,0.133,0.0018,0.8756,1.0,0.1164,-3.772437,0.969006
20121106,32.034,31.3092,0.022885,0.1565,0.0021,0.8854,1.0,0.1385,-3.778038,0.96985
20121113,32.487,31.5043,0.030715,0.1962,0.0026,0.8957,1.0,0.1757,-3.785809,0.971021
20121120,32.93,31.5132,0.043977,0.2638,0.0036,0.9064,1.0,0.2392,-3.797125,0.972727
20121127,33.981,31.8901,0.063505,0.3637,0.0049,0.9174,1.0,0.3337,-3.813777,0.975235
20121204,32.808,31.1242,0.052687,0.3069,0.0041,0.9289,1.0,0.2851,-3.826693,0.977183
20121211,33.017,31.4209,0.04955,0.2898,0.0039,0.9392,1.0,0.2722,-3.838898,0.979023
20121218,31.669,30.7666,0.028908,0.1821,0.0025,0.9497,1.0,0.1729,-3.845741,0.980056
20121225,29.897,30.5895,-0.0229,-0.0876,-0.0012,0.9594,1.0,-0.084,-3.840267,0.979229
20130101,30.227,30.8636,-0.020842,-0.0767,-0.001,0.9691,1.0,-0.0743,-3.835079,0.978447
20130108,30.465,30.5994,-0.004403,0.0094,0.0001,0.9794,1.0,0.0092,-3.83397,0.978279
20130115,31.529,30.9861,0.01737,0.1233,0.0017,0.9898,1.0,0.122,-3.838576,0.978974
20130122,32.177,31.1709,0.031767,0.1985,0.0027,1.001,1.0,0.1987,-3.847278,0.980286
20130129,31.184,30.6183,0.018306,0.1272,0.0017,1.0127,1.0,0.1289,-3.852178,0.981026
20130205,31.875,30.866,0.032166,0.2,0.0027,1.0237,1.0,0.2047,-3.861096,0.982372
20130212,31.019,30.4655,0.018005,0.1247,0.0017,1.0354,1.0,0.1291,-3.865997,0.983112
20130219,29.422,29.6583,-0.007998,-0.0132,-0.0002,1.0465,1.0,-0.0139,-3.86388,0.982791
20130226,29.26,29.8562,-0.020171,-0.0778,-0.001,1.0567,1.0,-0.0822,-3.858313,0.98195
20130305,28.604,29.1003,-0.017202,-0.0618,-0.0008,1.0675,1.0,-0.066,-3.853702,0.981251
20130312,29.171,29.3893,-0.007455,-0.0097,-0.0001,1.0774,1.0,-0.0105,-3.851616,0.980936
20130319,28.843,29.7371,-0.030527,-0.133,-0.0018,1.088,1.0,-0.1447,-3.842626,0.979576
20130326,28.679,29.4242,-0.025651,-0.1066,-0.0014,1.0994,1.0,-0.1171,-3.835217,0.978455
20130402,27.248,29.0419,-0.06376,-0.3108,-0.0042,1.1103,1.0,-0.3451,-3.81712,0.975714
20130409,27.881,29.1752,-0.045374,-0.2112,-0.0029,1.1207,1.0,-0.2367,-3.805238,0.973915
20130416,23.628,25.565,-0.07879,-0.3908,-0.0053,1.1303,1.0,-0.4417,-3.790845,0.971701
20130423,22.817,25.9058,-0.126962,-0.6498,-0.0088,1.1348,1.0,-0.7374,-3.769605,0.968442
20130430,24.185,26.9677,-0.108906,-0.5502,-0.0074,1.139,1.0,-0.6266,-3.754717,0.966171
20130507,23.806,26.5107,-0.107612,-0.5416,-0.0073,1.1428,1.0,-0.6189,-3.742787,0.964348
20130514,23.379,26.0469,-0.108059,-0.5425,-0.0073,1.1456,1.0,-0.6214,-3.732781,0.962815
20130521,22.455,25.1923,-0.115024,-0.5788,-0.0078,1.1476,1.0,-0.6642,-3.724185,0.96149
20130528,22.193,25.1905,-0.126688,-0.6405,-0.0086,1.149,1.0,-0.736,-3.715713,0.960184
20130604,22.409,25.4868,-0.128697,-0.6495,-0.0088,1.1502,1.0,-0.747,-3.707811,0.95897
20130611,21.646,25.1109,-0.14848,-0.7554,-0.0102,1.1512,1.0,-0.8696,-3.70003,0.957771
20130618,21.677,24.9123,-0.139111,-0.7017,-0.0095,1.152,1.0,-0.8084,-3.693852,0.956817
20130625,19.526,23.2926,-0.17639,-0.9031,-0.0122,1.1525,1.0,-1.0409,-3.688407,0.955961
20130702,19.309,22.7233,-0.162821,-0.8255,-0.0111,1.1525,1.0,-0.9514,-3.684603,0.955357
20130709,19.138,22.7556,-0.173134,-0.879,-0.0119,1.1523,1.0,-1.0129,-3.680924,0.954773
20130716,19.935,23.5196,-0.165357,-0.8331,-0.0112,1.1521,1.0,-0.9599,-3.677221,0.954193
20130723,20.254,24.2785,-0.181239,-0.9171,-0.0124,1.152,1.0,-1.0565,-3.672938,0.953528
20130730,19.68,24.0947,-0.20239,-1.0295,-0.0139,1.152,1.0,-1.1859,-3.668704,0.95287
20130806,19.523,23.3495,-0.178981,-0.8968,-0.0121,1.1518,1.0,-1.033,-3.665773,0.95241
20130813,21.343,23.9992,-0.117298,-0.5555,-0.0075,1.1516,1.0,-0.6397,-3.663741,0.952094
20130820,23.071,24.894,-0.076049,-0.3277,-0.0044,1.1514,1.0,-0.3773,-3.662213,0.951858
20130827,24.651,25.7105,-0.042083,-0.1402,-0.0019,1.1513,1.0,-0.1614,-3.661234,0.951708
20130903,24.429,25.5664,-0.045509,-0.1588,-0.0021,1.1514,1.0,-0.1828,-3.660138,0.95154
20130910,23.016,24.7357,-0.072058,-0.305,-0.0041,1.1514,1.0,-0.3512,-3.658505,0.951288
20130917,21.784,23.7884,-0.088023,-0.3926,-0.0053,1.1514,1.0,-0.452,-3.656728,0.951011
20130924,21.586,23.9025,-0.101939,-0.4688,-0.0063,1.1512,1.0,-0.5397,-3.654574,0.950676
20131001,21.175,23.3749,-0.098842,-0.4504,-0.0061,1.1511,1.0,-0.5185,-3.652656,0.950375
20131008,22.443,24.0338,-0.068481,-0.2806,-0.0038,1.1509,1.0,-0.323,-3.651136,0.950138
20131015,21.191,23.1427,-0.088101,-0.3892,-0.0053,1.1508,1.0,-0.4479,-3.649417,0.949868
20131022,22.79,24.334,-0.065554,-0.2626,-0.0035,1.1506,1.0,-0.3022,-3.647794,0.949616
20131029,22.492,24.3793,-0.080577,-0.346,-0.0047,1.1506,1.0,-0.3981,-3.645706,0.949293
20131105,21.636,23.7299,-0.092376,-0.4113,-0.0056,1.1506,1.0,-0.4732,-3.643506,0.94895
20131112,20.778,23.0881,-0.105423,-0.4834,-0.0065,1.1505,1.0,-0.5562,-3.641262,0.948596
20131119,20.334,23.1212,-0.128455,-0.6116,-0.0083,1.1503,1.0,-0.7035,-3.638509,0.948163
20131126,19.848,22.5604,-0.128095,-0.6079,-0.0082,1.1501,1.0,-0.6992,-3.636161,0.947789
20131203,19.065,22.1985,-0.15217,-0.7418,-0.01,1.1498,1.0,-0.8529,-3.633685,0.947391
20131210,20.315,22.8841,-0.119084,-0.5532,-0.0075,1.1495,1.0,-0.6359,-3.631513,0.947048
20131217,19.84,22.3448,-0.118894,-0.5507,-0.0074,1.1492,1.0,-0.6329,-3.629626,0.946747
20131224,19.484,21.878,-0.115887,-0.5324,-0.0072,1.1489,1.0,-0.6116,-3.628026,0.946487
20131231,19.37,21.8555,-0.120729,-0.5584,-0.0075,1.1485,1.0,-0.6414,-3.626377,0.94622
20140107,19.787,22.3193,-0.120427,-0.5553,-0.0075,1.1481,1.0,-0.6376,-3.624514,0.945922
20140114,20.282,22.5847,-0.10754,-0.4809,-0.0065,1.1478,1.0,-0.5519,-3.622748,0.945642
20140121,19.87,22.5177,-0.125091,-0.5794,-0.0078,1.1474,1.0,-0.6649,-3.620715,0.945318
20140128,19.503,22.6658,-0.150289,-0.7212,-0.0097,1.1471,1.0,-0.8273,-3.618215,0.944922
20140204,19.422,22.6652,-0.154426,-0.7427,-0.01,1.1468,1.0,-0.8518,-3.615753,0.944531
20140211,20.153,23.3176,-0.145856,-0.6917,-0.0093,1.1465,1.0,-0.7931,-3.613186,0.944129
20140218,21.898,23.9002,-0.087494,-0.3571,-0.0048,1.1463,1.0,-0.4093,-3.611517,0.94387
20140225,21.963,24.2071,-0.097287,-0.4123,-0.0056,1.1461,1.0,-0.4725,-3.609505,0.943558
20140304,21.222,24.1199,-0.127997,-0.587,-0.0079,1.146,1.0,-0.6727,-3.606844,0.943146
20140311,20.815,24.262,-0.153237,-0.7301,-0.0099,1.1458,1.0,-0.8366,-3.603618,0.942647
20140318,20.862,24.4618,-0.159182,-0.7621,-0.0103,1.1457,1.0,-0.8732,-3.60029,0.942133
20140325,19.979,23.6448,-0.168461,-0.8131,-0.011,1.1456,1.0,-0.9316,-3.597358,0.941676
20140401,19.688,23.1032,-0.159964,-0.7619,-0.0103,1.1454,1.0,-0.8727,-3.594981,0.941303
20140408,20.057,23.5904,-0.16226,-0.7729,-0.0104,1.1451,1.0,-0.8851,-3.592411,0.940902
20140415,19.489,23.434,-0.184336,-0.8976,-0.0121,1.1448,1.0,-1.0276,-3.589673,0.940474
20140422,19.361,23.1008,-0.176605,-0.8502,-0.0115,1.1445,1.0,-0.9731,-3.587356,0.94011
20140429,19.538,23.3516,-0.178306,-0.8573,-0.0116,1.1442,1.0,-0.981,-3.584992,0.93974
20140506,19.645,23.5531,-0.181433,-0.8727,-0.0118,1.1439,1.0,-0.9982,-3.582584,0.939365
20140513,19.547,23.313,-0.176188,-0.8397,-0.0113,1.1436,1.0,-0.9603,-3.580439,0.939029
20140520,19.399,23.3035,-0.183383,-0.8786,-0.0119,1.1432,1.0,-1.0045,-3.578274,0.938691
20140527,19.067,22.8055,-0.179042,-0.8509,-0.0115,1.1429,1.0,-0.9724,-3.576441,0.938401
20140603,18.763,22.4449,-0.179178,-0.8491,-0.0115,1.1425,1.0,-0.97,-3.574804,0.938141
20140610,19.168,22.7038,-0.169291,-0.7895,-0.0107,1.142,1.0,-0.9016,-3.573195,0.937886
20140617,19.732,22.9001,-0.148899,-0.6695,-0.009,1.1416,1.0,-0.7643,-3.571733,0.937656
20140624,21.043,23.727,-0.120044,-0.501,-0.0068,1.1412,1.0,-0.5718,-3.570333,0.937438
20140701,21.117,23.8123,-0.120122,-0.5004,-0.0068,1.1409,1.0,-0.5709,-3.568876,0.937212
20140708,21.013,23.6383,-0.117727,-0.4854,-0.0066,1.1406,1.0,-0.5537,-3.567461,0.936992
20140715,20.889,23.3079,-0.109568,-0.4371,-0.0059,1.1402,1.0,-0.4983,-3.566198,0.936794
20140722,21.008,23.4591,-0.110356,-0.4407,-0.0059,1.1399,1.0,-0.5024,-3.56485,0.936584
20140729,20.583,23.3208,-0.124879,-0.5243,-0.0071,1.1395,1.0,-0.5975,-3.563326,0.936346
20140805,19.833,23.0978,-0.152391,-0.6834,-0.0092,1.1392,1.0,-0.7786,-3.561525,0.936063
20140812,19.905,23.5179,-0.166792,-0.7657,-0.0103,1.1388,1.0,-0.872,-3.559393,0.935731
20140819,19.412,23.2785,-0.181641,-0.8503,-0.0115,1.1385,1.0,-0.968,-3.557224,0.935392
20140826,19.386,23.0793,-0.174386,-0.8054,-0.0109,1.1382,1.0,-0.9167,-3.555293,0.935089
20140902,19.152,22.7345,-0.171478,-0.7862,-0.0106,1.1378,1.0,-0.8945,-3.553576,0.934818
20140909,18.92,22.4523,-0.171173,-0.7823,-0.0106,1.1374,1.0,-0.8897,-3.552007,0.934568
20140916,18.721,22.2493,-0.172663,-0.7889,-0.0106,1.1369,1.0,-0.8969,-3.550531,0.934333
20140923,17.779,21.9976,-0.212917,-1.0223,-0.0138,1.1365,1.0,-1.1619,-3.548866,0.934065
20140930,17.057,21.8175,-0.246153,-1.2133,-0.0164,1.136,1.0,-1.3784,-3.547139,0.933786
20141007,17.24,21.8254,-0.235842,-1.1481,-0.0155,1.1356,1.0,-1.3037,-3.54561,0.933539
20141014,17.403,22.1882,-0.242919,-1.185,-0.016,1.1351,1.0,-1.3451,-3.543958,0.933275
20141021,17.549,22.4749,-0.247402,-1.2065,-0.0163,1.1346,1.0,-1.3689,-3.542247,0.933003
20141028,17.226,22.0961,-0.248982,-1.2109,-0.0163,1.1341,1.0,-1.3733,-3.54078,0.932768
20141104,15.953,21.0556,-0.277521,-1.3724,-0.0185,1.1336,1.0,-1.5559,-3.539705,0.932589
20141111,15.678,20.9725,-0.290954,-1.4442,-0.0195,1.1331,1.0,-1.6365,-3.538693,0.932419
20141118,16.174,21.5413,-0.286566,-1.4115,-0.019,1.1326,1.0,-1.5986,-3.537531,0.932229
20141125,16.553,21.5374,-0.263221,-1.2692,-0.0171,1.1321,1.0,-1.4368,-3.536528,0.932065
20141202,16.456,21.5725,-0.270731,-1.3074,-0.0176,1.1315,1.0,-1.4793,-3.535521,0.931901
20141209,17.134,22.115,-0.255191,-1.2117,-0.0164,1.131,1.0,-1.3704,-3.534436,0.931728
20141216,15.752,21.4806,-0.310182,-1.5251,-0.0206,1.1305,1.0,-1.7242,-3.533387,0.931556
20141223,15.767,21.2038,-0.296262,-1.4366,-0.0194,1.13,1.0,-1.6234,-3.532537,0.931416
20141230,16.276,21.576,-0.281889,-1.3468,-0.0182,1.1294,1.0,-1.5211,-3.531647,0.931271
20150106,16.637,21.8908,-0.274439,-1.2979,-0.0175,1.1289,1.0,-1.4652,-3.530715,0.931121
20150113,17.156,22.1385,-0.25497,-1.1804,-0.0159,1.1284,1.0,-1.3319,-3.529805,0.930975
20150120,17.956,23.1324,-0.253311,-1.1664,-0.0157,1.1279,1.0,-1.3155,-3.528662,0.930796
20150127,18.084,23.0876,-0.24427,-1.1101,-0.015,1.1274,1.0,-1.2515,-3.52758,0.930627
20150203,17.321,22.5619,-0.264344,-1.2215,-0.0165,1.1269,1.0,-1.3765,-3.526545,0.930463
20150210,16.873,22.0905,-0.269435,-1.246,-0.0168,1.1264,1.0,-1.4035,-3.525627,0.930317
20150217,16.378,21.6939,-0.281093,-1.3078,-0.0177,1.1259,1.0,-1.4725,-3.524793,0.930181
20150224,16.188,21.5025,-0.283899,-1.3184,-0.0178,1.1254,1.0,-1.4837,-3.524019,0.930055
20150303,16.296,21.6184,-0.282627,-1.3055,-0.0176,1.1248,1.0,-1.4685,-3.523232,0.929927
20150310,15.633,20.8755,-0.289194,-1.3376,-0.0181,1.1243,1.0,-1.5039,-3.522645,0.929828
20150317,15.578,20.674,-0.28302,-1.2966,-0.0175,1.1238,1.0,-1.4571,-3.522135,0.929741
20150324,16.983,21.394,-0.2309,-0.9941,-0.0134,1.1232,1.0,-1.1166,-3.521571,0.929649
20150331,16.598,21.2552,-0.24732,-1.0847,-0.0146,1.1227,1.0,-1.2178,-3.520992,0.929553
20150407,16.84,21.7103,-0.254029,-1.1194,-0.0151,1.1221,1.0,-1.2561,-3.52029,0.929439
20150414,16.161,21.4079,-0.281157,-1.2701,-0.0171,1.1216,1.0,-1.4246,-3.51959,0.929325
20150421,16.008,21.5806,-0.298704,-1.365,-0.0184,1.1211,1.0,-1.5303,-3.518809,0.929198
20150428,16.591,21.7579,-0.271117,-1.2022,-0.0162,1.1206,1.0,-1.3472,-3.518074,0.929079
20150505,16.579,21.4107,-0.255753,-1.1105,-0.015,1.12,1.0,-1.2438,-3.517462,0.928979
20150512,16.526,21.3953,-0.258235,-1.1209,-0.0151,1.1195,1.0,-1.2548,-3.516846,0.928878
20150519,17.071,21.6314,-0.236763,-0.9952,-0.0134,1.119,1.0,-1.1136,-3.516231,0.928779
20150526,16.746,21.2995,-0.240526,-1.0136,-0.0137,1.1184,1.0,-1.1336,-3.515671,0.928687
20150602,16.799,21.4225,-0.243124,-1.0253,-0.0138,1.1179,1.0,-1.1462,-3.515074,0.928589
20150609,15.957,21.1406,-0.281298,-1.2389,-0.0167,1.1174,1.0,-1.3843,-3.51445,0.928486
20150616,15.965,21.1933,-0.283288,-1.2455,-0.0168,1.1168,1.0,-1.391,-3.513815,0.928381
20150623,15.737,21.1194,-0.294178,-1.3025,-0.0176,1.1163,1.0,-1.454,-3.513183,0.928276
20150630,15.581,21.0371,-0.300237,-1.3317,-0.018,1.1158,1.0,-1.4858,-3.512571,0.928174
20150707,14.969,20.7148,-0.324865,-1.4656,-0.0198,1.1152,1.0,-1.6344,-3.512011,0.928079
20150714,15.315,20.7274,-0.302626,-1.3333,-0.018,1.1147,1.0,-1.4862,-3.511502,0.927992
20150721,14.785,19.8903,-0.296621,-1.294,-0.0175,1.1141,1.0,-1.4417,-3.511224,0.927939
20150728,14.642,19.7664,-0.30009,-1.3085,-0.0177,1.1136,1.0,-1.4571,-3.510978,0.927891
20150804,14.557,19.6726,-0.301154,-1.3094,-0.0177,1.113,1.0,-1.4573,-3.510757,0.927847
20150811,15.284,19.9551,-0.26668,-1.1104,-0.015,1.1125,1.0,-1.2353,-3.510501,0.927799
20150818,14.79,20.1073,-0.30713,-1.3342,-0.018,1.1119,1.0,-1.4835,-3.510164,0.927737
20150825,14.61,20.4625,-0.336889,-1.4959,-0.0202,1.1114,1.0,-1.6625,-3.509701,0.927657
20150901,14.62,20.4854,-0.337323,-1.4914,-0.0201,1.1108,1.0,-1.6567,-3.509243,0.927578
20150908,14.755,20.1698,-0.312603,-1.3463,-0.0182,1.1103,1.0,-1.4947,-3.508906,0.927517
20150915,14.326,19.8608,-0.32667,-1.4195,-0.0192,1.1097,1.0,-1.5752,-3.508637,0.927466
20150922,14.756,20.2295,-0.315494,-1.351,-0.0182,1.1092,1.0,-1.4986,-3.508291,0.927404
20150929,14.573,20.2611,-0.329534,-1.4239,-0.0192,1.1086,1.0,-1.5786,-3.507926,0.927339
20151006,15.984,20.5859,-0.253017,-0.9919,-0.0134,1.1081,1.0,-1.0991,-3.50759,0.927281
20151013,15.907,20.9006,-0.273018,-1.1005,-0.0149,1.1075,1.0,-1.2188,-3.507158,0.927209
20151020,15.917,21.1001,-0.281888,-1.1464,-0.0155,1.107,1.0,-1.2691,-3.506667,0.927128
20151027,15.863,20.9038,-0.275944,-1.1096,-0.015,1.1065,1.0,-1.2278,-3.506225,0.927054
20151103,15.239,20.0414,-0.273942,-1.095,-0.0148,1.1059,1.0,-1.211,-3.505961,0.927005
20151110,14.356,19.6127,-0.312007,-1.3033,-0.0176,1.1054,1.0,-1.4406,-3.505763,0.926965
20151117,14.171,19.2784,-0.30779,-1.275,-0.0172,1.1048,1.0,-1.4086,-3.505651,0.926937
20151124,14.159,19.3638,-0.313055,-1.2996,-0.0175,1.1043,1.0,-1.4351,-3.505516,0.926906
20151201,14.083,19.19,-0.309421,-1.2746,-0.0172,1.1037,1.0,-1.4068,-3.505426,0.926882
20151208,14.116,19.3857,-0.317228,-1.3132,-0.0177,1.1032,1.0,-1.4487,-3.505286,0.92685
20151215,13.77,19.1551,-0.330078,-1.3794,-0.0186,1.1026,1.0,-1.521,-3.5052,0.926825
20151222,14.314,19.3625,-0.302098,-1.2193,-0.0165,1.1021,1.0,-1.3437,-3.505074,0.926797
20151229,13.928,19.2591,-0.324081,-1.3366,-0.018,1.1015,1.0,-1.4722,-3.504964,0.926769
20160105,13.971,19.4312,-0.329898,-1.3636,-0.0184,1.101,1.0,-1.5013,-3.50481,0.926735
20160112,13.751,19.5431,-0.351513,-1.4774,-0.0199,1.1004,1.0,-1.6258,-3.504619,0.926695
20160119,14.121,19.6065,-0.328199,-1.3428,-0.0181,1.0999,1.0,-1.4769,-3.504429,0.926657
20160126,14.564,20.1232,-0.323319,-1.3109,-0.0177,1.0993,1.0,-1.4411,-3.504126,0.926602
20160202,14.289,20.238,-0.348074,-1.442,-0.0195,1.0988,1.0,-1.5844,-3.503773,0.92654
20160209,15.449,21.4212,-0.326838,-1.3196,-0.0178,1.0982,1.0,-1.4492,-3.503194,0.926445
20160216,15.334,21.5782,-0.341611,-1.3956,-0.0188,1.0977,1.0,-1.532,-3.502558,0.926342
20160223,15.24,21.8143,-0.35864,-1.4833,-0.02,1.0972,1.0,-1.6275,-3.501846,0.926228
20160301,14.756,21.9475,-0.397005,-1.6865,-0.0228,1.0967,1.0,-1.8495,-3.501039,0.926099
20160308,15.39,22.4746,-0.378669,-1.578,-0.0213,1.0961,1.0,-1.7297,-3.50018,0.925963
20160315,15.261,21.9461,-0.363287,-1.4871,-0.0201,1.0956,1.0,-1.6293,-3.499482,0.925852
20160322,15.885,22.2343,-0.33626,-1.334,-0.018,1.0951,1.0,-1.4609,-3.498791,0.925742
20160329,15.233,22.0212,-0.368541,-1.5042,-0.0203,1.0946,1.0,-1.6465,-3.498078,0.925628
20160405,15.116,21.9168,-0.371498,-1.5138,-0.0204,1.0941,1.0,-1.6562,-3.497392,0.925518
20160412,16.222,22.4305,-0.324053,-1.2508,-0.0169,1.0935,1.0,-1.3678,-3.496712,0.925411
20160419,16.972,22.3199,-0.273913,-0.9758,-0.0132,1.093,1.0,-1.0665,-3.496152,0.925322
20160426,17.11,22.1387,-0.257666,-0.8855,-0.012,1.0925,1.0,-0.9674,-3.495639,0.925241
20160503,17.499,22.9334,-0.270449,-0.9525,-0.0129,1.092,1.0,-1.0402,-3.494968,0.925136
20160510,17.092,22.4877,-0.27436,-0.9713,-0.0131,1.0915,1.0,-1.0602,-3.494343,0.925037
20160517,17.25,22.6849,-0.273887,-0.9663,-0.013,1.091,1.0,-1.0542,-3.493677,0.924932
20160524,16.254,21.8982,-0.298064,-1.0946,-0.0148,1.0905,1.0,-1.1936,-3.493077,0.924837
20160531,15.994,21.7035,-0.305261,-1.1303,-0.0153,1.0899,1.0,-1.232,-3.492495,0.924743
20160607,16.394,22.1875,-0.302614,-1.1127,-0.015,1.0894,1.0,-1.2122,-3.491825,0.924636
20160614,17.424,22.8608,-0.271577,-0.9419,-0.0127,1.0889,1.0,-1.0257,-3.491112,0.924525
20160621,17.319,22.6028,-0.266269,-0.911,-0.0123,1.0884,1.0,-0.9915,-3.490442,0.924419
20160628,17.843,23.3453,-0.268785,-0.9225,-0.0124,1.0879,1.0,-1.0035,-3.489633,0.924294
20160705,19.907,24.0103,-0.187412,-0.4806,-0.0065,1.0874,1.0,-0.5226,-3.488985,0.924194
20160712,20.171,23.6262,-0.158109,-0.3214,-0.0043,1.0869,1.0,-0.3493,-3.488455,0.924112
20160719,20.007,23.5757,-0.164134,-0.3536,-0.0048,1.0865,1.0,-0.3841,-3.487884,0.924023
20160726,19.683,23.3861,-0.172385,-0.3978,-0.0054,1.086,1.0,-0.432,-3.48728,0.923929
20160802,20.701,24.2305,-0.157431,-0.3161,-0.0043,1.0855,1.0,-0.3431,-3.486612,0.923827
20160809,19.85,23.8061,-0.181737,-0.4477,-0.006,1.0851,1.0,-0.4857,-3.485864,0.923711
20160816,19.874,23.9706,-0.187414,-0.4779,-0.0064,1.0846,1.0,-0.5183,-3.485041,0.923584
20160823,18.922,23.7921,-0.229028,-0.7036,-0.0095,1.0841,1.0,-0.7628,-3.484033,0.923429
20160830,18.673,23.3059,-0.221629,-0.662,-0.0089,1.0837,1.0,-0.7174,-3.483128,0.923288
20160906,20.138,23.9157,-0.171926,-0.3899,-0.0053,1.0832,1.0,-0.4224,-3.482326,0.923164
20160913,18.975,23.4191,-0.210429,-0.5994,-0.0081,1.0828,1.0,-0.6491,-3.481398,0.92302
20160920,19.277,23.3267,-0.190688,-0.4906,-0.0066,1.0823,1.0,-0.531,-3.480553,0.922889
20160927,19.165,23.5236,-0.204919,-0.5677,-0.0077,1.0819,1.0,-0.6141,-3.479584,0.922739
20161004,17.775,22.529,-0.237009,-0.7423,-0.01,1.0814,1.0,-0.8027,-3.478659,0.922593
20161011,17.509,22.3004,-0.241889,-0.7676,-0.0104,1.0809,1.0,-0.8297,-3.477762,0.922451
20161018,17.638,22.4124,-0.239559,-0.7533,-0.0102,1.0804,1.0,-0.8139,-3.476843,0.922306
20161025,17.78,22.5849,-0.239205,-0.7499,-0.0101,1.08,1.0,-0.8099,-3.47588,0.922155
20161101,18.418,22.8175,-0.214199,-0.6114,-0.0083,1.0795,1.0,-0.66,-3.474965,0.922011
20161108,18.356,22.5944,-0.207745,-0.575,-0.0078,1.079,1.0,-0.6204,-3.474108,0.921877
20161115,17.043,21.7736,-0.24496,-0.7784,-0.0105,1.0785,1.0,-0.8395,-3.473286,0.921745
20161122,16.632,21.553,-0.259189,-0.855,-0.0115,1.078,1.0,-0.9218,-3.472476,0.921614
20161129,16.74,21.2157,-0.236942,-0.731,-0.0099,1.0775,1.0,-0.7877,-3.471826,0.921507
20161206,16.81,20.8734,-0.216504,-0.6173,-0.0083,1.077,1.0,-0.6648,-3.471308,0.921421
20161213,16.977,20.689,-0.197743,-0.513,-0.0069,1.0765,1.0,-0.5523,-3.470869,0.921346
20161220,16.117,20.2692,-0.229226,-0.6856,-0.0093,1.076,1.0,-0.7377,-3.470461,0.921274
20161227,15.989,20.3528,-0.24132,-0.7511,-0.0101,1.0755,1.0,-0.8077,-3.470004,0.921195
20170103,16.409,20.7324,-0.233866,-0.7086,-0.0096,1.0749,1.0,-0.7616,-3.469457,0.921103
20170110,16.848,21.1161,-0.225802,-0.6628,-0.0089,1.0744,1.0,-0.7121,-3.468829,0.920999
20170117,17.148,21.5629,-0.229093,-0.6798,-0.0092,1.0739,1.0,-0.7301,-3.46807,0.920877
20170124,17.185,21.5261,-0.225231,-0.6573,-0.0089,1.0734,1.0,-0.7056,-3.467329,0.920757
20170131,17.543,21.5336,-0.204959,-0.5441,-0.0073,1.0729,1.0,-0.5838,-3.466648,0.920647
20170207,17.756,21.9353,-0.211372,-0.5788,-0.0078,1.0724,1.0,-0.6207,-3.465837,0.920517
20170214,17.889,21.758,-0.195796,-0.4916,-0.0066,1.0719,1.0,-0.527,-3.465116,0.920402
20170221,18.001,21.9763,-0.199538,-0.5117,-0.0069,1.0714,1.0,-0.5482,-3.464315,0.920274
20170228,18.469,22.2187,-0.184839,-0.4294,-0.0058,1.0709,1.0,-0.4598,-3.463508,0.920146
20170307,17.536,21.5993,-0.208406,-0.5596,-0.0076,1.0705,1.0,-0.5991,-3.462735,0.920022
20170314,16.923,21.3762,-0.233606,-0.6988,-0.0094,1.07,1.0,-0.7477,-3.461923,0.91989
20170321,17.583,22.0903,-0.228204,-0.6675,-0.009,1.0695,1.0,-0.7139,-3.460931,0.919732
20170328,18.252,22.2356,-0.197421,-0.4952,-0.0067,1.069,1.0,-0.5293,-3.460038,0.919591
20170404,18.323,22.2786,-0.195471,-0.4836,-0.0065,1.0685,1.0,-0.5167,-3.459129,0.919447
20170411,18.254,22.5331,-0.2106,-0.5672,-0.0077,1.0681,1.0,-0.6058,-3.458067,0.91928
20170418,18.272,22.8534,-0.223728,-0.6396,-0.0086,1.0676,1.0,-0.6828,-3.456842,0.919088
20170425,17.591,22.4131,-0.242258,-0.7419,-0.01,1.0672,1.0,-0.7918,-3.455646,0.9189
20170502,16.831,22.2439,-0.278846,-0.9449,-0.0128,1.0667,1.0,-1.008,-3.454342,0.918694
20170509,16.067,21.5745,-0.294743,-1.0317,-0.0139,1.0662,1.0,-1.1,-3.453246,0.918517
20170516,16.747,21.9015,-0.268338,-0.8818,-0.0119,1.0657,1.0,-0.9397,-3.452182,0.918347
20170523,17.139,22.2088,-0.259134,-0.8286,-0.0112,1.0653,1.0,-0.8826,-3.451081,0.918173
20170530,17.427,22.3713,-0.249756,-0.7746,-0.0105,1.0648,1.0,-0.8248,-3.449987,0.918
20170606,17.71,22.8835,-0.256289,-0.8097,-0.0109,1.0643,1.0,-0.8618,-3.448726,0.917803
20170613,16.767,22.4119,-0.290181,-0.9977,-0.0135,1.0639,1.0,-1.0614,-3.44746,0.917604
20170620,16.417,22.0012,-0.29278,-1.01,-0.0136,1.0634,1.0,-1.074,-3.446348,0.917427
20170627,16.588,22.0531,-0.284775,-0.9629,-0.013,1.0629,1.0,-1.0235,-3.445278,0.917257
20170704,15.896,21.6409,-0.308517,-1.0936,-0.0148,1.0624,1.0,-1.1619,-3.444274,0.917096
20170711,15.745,21.5241,-0.312649,-1.114,-0.015,1.0619,1.0,-1.1831,-3.443326,0.916943
20170718,16.268,21.9626,-0.300139,-1.0413,-0.0141,1.0614,1.0,-1.1053,-3.442312,0.916781
20170725,16.542,22.1249,-0.290799,-0.9867,-0.0133,1.061,1.0,-1.0468,-3.441305,0.916622
20170801,16.764,22.5637,-0.297108,-1.0198,-0.0138,1.0605,1.0,-1.0815,-3.44017,0.916444
20170808,16.389,22.2889,-0.307478,-1.0754,-0.0145,1.06,1.0,-1.14,-3.439092,0.916273
20170815,16.714,22.5622,-0.300031,-1.0312,-0.0139,1.0595,1.0,-1.0926,-3.437988,0.9161
20170822,16.982,22.7416,-0.292042,-0.9842,-0.0133,1.0591,1.0,-1.0424,-3.436883,0.915927
20170829,17.426,23.1883,-0.285683,-0.9466,-0.0128,1.0586,1.0,-1.002,-3.435705,0.915744
20170905,17.941,23.5969,-0.274026,-0.8794,-0.0119,1.0581,1.0,-0.9305,-3.434489,0.915557
20170912,17.89,23.404,-0.268665,-0.8477,-0.0114,1.0577,1.0,-0.8966,-3.43334,0.915379
20170919,17.279,23.0455,-0.287977,-0.9541,-0.0129,1.0572,1.0,-1.0087,-3.432192,0.9152
20170926,16.883,22.8991,-0.304792,-1.0462,-0.0141,1.0568,1.0,-1.1056,-3.431023,0.915018
20171003,16.65,22.4594,-0.2993,-1.0131,-0.0137,1.0563,1.0,-1.0701,-3.430001,0.914857
20171010,17.207,22.7658,-0.279945,-0.9026,-0.0122,1.0558,1.0,-0.953,-3.428984,0.914698
20171017,17.041,22.6407,-0.284128,-0.9242,-0.0125,1.0554,1.0,-0.9754,-3.427982,0.914541
20171024,16.966,22.5108,-0.282783,-0.9148,-0.0123,1.0549,1.0,-0.965,-3.427018,0.91439
20171031,16.693,22.3825,-0.293289,-0.9718,-0.0131,1.0544,1.0,-1.0247,-3.426051,0.914238
20171107,16.94,22.4651,-0.282286,-0.9082,-0.0123,1.0539,1.0,-0.9572,-3.425106,0.914089
20171114,17.073,22.5767,-0.279422,-0.8904,-0.012,1.0535,1.0,-0.938,-3.424146,0.913939
20171121,16.96,22.5548,-0.28509,-0.9204,-0.0124,1.053,1.0,-0.9691,-3.423172,0.913786
20171128,16.822,22.7642,-0.302503,-1.016,-0.0137,1.0525,1.0,-1.0694,-3.422087,0.913617
20171205,16.068,22.279,-0.326816,-1.1499,-0.0155,1.052,1.0,-1.2098,-3.421056,0.913454
20171212,15.668,21.9026,-0.334985,-1.1928,-0.0161,1.0516,1.0,-1.2543,-3.420123,0.913305
20171219,16.153,22.262,-0.320776,-1.1102,-0.015,1.0511,1.0,-1.1669,-3.419158,0.913153
20171226,16.604,22.6336,-0.309792,-1.0462,-0.0141,1.0506,1.0,-1.0991,-3.41815,0.912995
20180102,17.206,23.0894,-0.294114,-0.9562,-0.0129,1.0501,1.0,-1.0041,-3.417099,0.912832
20180109,17.01,23.0481,-0.303783,-1.0083,-0.0136,1.0496,1.0,-1.0584,-3.416023,0.912665
20180116,17.189,23.4196,-0.309303,-1.037,-0.014,1.0492,1.0,-1.088,-3.414849,0.912483
20180123,16.913,23.4101,-0.325085,-1.123,-0.0152,1.0487,1.0,-1.1777,-3.413625,0.912294
20180130,17.058,23.4596,-0.318659,-1.0844,-0.0146,1.0483,1.0,-1.1368,-3.412429,0.912109
20180206,16.58,23.2887,-0.339771,-1.1999,-0.0162,1.0478,1.0,-1.2573,-3.411207,0.91192
20180213,16.528,23.2998,-0.34339,-1.2171,-0.0164,1.0474,1.0,-1.2747,-3.409991,0.911731
20180220,16.438,23.3094,-0.34926,-1.2467,-0.0168,1.0469,1.0,-1.3052,-3.408774,0.911543
20180227,16.434,23.105,-0.340696,-1.1956,-0.0161,1.0464,1.0,-1.2511,-3.407657,0.91137
20180306,16.784,23.3669,-0.330894,-1.1379,-0.0154,1.046,1.0,-1.1902,-3.406529,0.911195
20180313,16.627,23.2347,-0.33462,-1.1559,-0.0156,1.0455,1.0,-1.2085,-3.405427,0.911024
20180320,16.185,22.9893,-0.350942,-1.2441,-0.0168,1.045,1.0,-1.3002,-3.404338,0.910855
20180327,16.541,23.4662,-0.349721,-1.234,-0.0167,1.0446,1.0,-1.2891,-3.403163,0.910673
20180403,16.392,23.3883,-0.355442,-1.2627,-0.017,1.0441,1.0,-1.3184,-3.402002,0.910494
20180410,16.596,23.5221,-0.348779,-1.2222,-0.0165,1.0437,1.0,-1.2756,-3.400851,0.910316
20180417,16.787,23.5763,-0.339639,-1.1682,-0.0158,1.0432,1.0,-1.2187,-3.399732,0.910144
20180424,16.703,23.3109,-0.333333,-1.1303,-0.0153,1.0427,1.0,-1.1787,-3.398694,0.909983
20180501,16.127,22.8909,-0.350245,-1.2217,-0.0165,1.0423,1.0,-1.2734,-3.397698,0.909828
20180508,16.472,22.9982,-0.333752,-1.127,-0.0152,1.0418,1.0,-1.1741,-3.396737,0.909678
20180515,16.269,22.6227,-0.329692,-1.1018,-0.0149,1.0413,1.0,-1.1473,-3.395866,0.909542
20180522,16.575,22.6474,-0.31215,-1.0019,-0.0135,1.0408,1.0,-1.0428,-3.395038,0.909413
20180529,16.373,22.7567,-0.329226,-1.0947,-0.0148,1.0404,1.0,-1.1389,-3.394137,0.909272
20180605,16.543,22.8052,-0.321027,-1.0467,-0.0141,1.0399,1.0,-1.0885,-3.393249,0.909134
20180612,16.891,22.7583,-0.298147,-0.9175,-0.0124,1.0394,1.0,-0.9536,-3.392432,0.909006
20180619,16.323,22.4247,-0.317587,-1.0237,-0.0138,1.0389,1.0,-1.0636,-3.391619,0.908878
20180626,16.25,22.1242,-0.308579,-0.9716,-0.0131,1.0385,1.0,-1.0089,-3.390886,0.908763
20180703,16.043,22.02,-0.316677,-1.0146,-0.0137,1.038,1.0,-1.0532,-3.390152,0.908646
20180710,16.087,22.0482,-0.315218,-1.0045,-0.0136,1.0375,1.0,-1.0421,-3.389412,0.908529
20180717,15.617,21.5973,-0.324207,-1.0524,-0.0142,1.037,1.0,-1.0913,-3.388746,0.908422
20180724,15.52,21.5665,-0.32901,-1.0768,-0.0145,1.0365,1.0,-1.1161,-3.388077,0.908315
20180731,15.559,21.6938,-0.332389,-1.0932,-0.0148,1.036,1.0,-1.1326,-3.387374,0.908203
20180807,15.373,21.4473,-0.332984,-1.0942,-0.0148,1.0355,1.0,-1.133,-3.386727,0.908098
20180814,15.053,21.1637,-0.340711,-1.1346,-0.0153,1.035,1.0,-1.1744,-3.386131,0.908001
20180821,14.766,21.1506,-0.359339,-1.2354,-0.0167,1.0345,1.0,-1.278,-3.38551,0.9079
20180828,14.774,21.3788,-0.36953,-1.2888,-0.0174,1.034,1.0,-1.3326,-3.384822,0.907789
20180904,14.18,21.132,-0.398955,-1.4485,-0.0195,1.0335,1.0,-1.497,-3.384156,0.90768
20180911,14.153,21.1793,-0.403099,-1.467,-0.0198,1.033,1.0,-1.5154,-3.383488,0.907571
20180918,14.185,21.1883,-0.401266,-1.4523,-0.0196,1.0325,1.0,-1.4995,-3.382838,0.907465
20180925,14.493,21.2214,-0.381342,-1.3378,-0.0181,1.032,1.0,-1.3807,-3.382226,0.907366
20181002,14.693,21.2497,-0.368973,-1.2659,-0.0171,1.0315,1.0,-1.3058,-3.381636,0.90727
20181009,14.4,21.0001,-0.377299,-1.3086,-0.0177,1.031,1.0,-1.3492,-3.381093,0.907181
20181016,14.701,21.6288,-0.38611,-1.3537,-0.0183,1.0305,1.0,-1.395,-3.3804,0.90707
20181023,14.793,21.7191,-0.384039,-1.3386,-0.0181,1.03,1.0,-1.3787,-3.3797,0.906958
20181030,14.462,21.5338,-0.3981,-1.4123,-0.0191,1.0295,1.0,-1.454,-3.379023,0.906849
20181106,14.5,21.5477,-0.39612,-1.3973,-0.0189,1.029,1.0,-1.4379,-3.378357,0.906742
20181113,13.977,21.1486,-0.41416,-1.4924,-0.0201,1.0285,1.0,-1.535,-3.377761,0.906645
20181120,14.269,21.4624,-0.408212,-1.4551,-0.0196,1.028,1.0,-1.4959,-3.377114,0.906541
20181127,14.084,21.3361,-0.41536,-1.4899,-0.0201,1.0275,1.0,-1.5309,-3.376494,0.906441
20181204,14.64,21.8626,-0.401018,-1.4068,-0.019,1.027,1.0,-1.4448,-3.375795,0.90633
20181211,14.628,21.8701,-0.402181,-1.4091,-0.019,1.0265,1.0,-1.4465,-3.375099,0.906219
20181218,14.701,21.9697,-0.401749,-1.4027,-0.0189,1.0261,1.0,-1.4393,-3.374391,0.906107
20181225,14.82,22.2565,-0.406655,-1.4255,-0.0192,1.0256,1.0,-1.462,-3.373622,0.905986
20190101,15.54,22.4049,-0.365862,-1.199,-0.0162,1.0251,1.0,-1.229,-3.372911,0.905875
20190108,15.713,22.4758,-0.35795,-1.153,-0.0156,1.0246,1.0,-1.1814,-3.3722,0.905763
20190115,15.62,22.5134,-0.365559,-1.1919,-0.0161,1.0241,1.0,-1.2207,-3.371462,0.905648
20190122,15.325,22.4323,-0.381016,-1.2734,-0.0172,1.0236,1.0,-1.3035,-3.370705,0.905529
20190129,15.839,22.8334,-0.365749,-1.1871,-0.016,1.0231,1.0,-1.2146,-3.369908,0.905405
20190205,15.836,22.9939,-0.372942,-1.2235,-0.0165,1.0227,1.0,-1.2513,-3.369063,0.905274
20190212,15.69,22.9096,-0.378532,-1.2511,-0.0169,1.0222,1.0,-1.2788,-3.36822,0.905143
20190219,15.967,23.3928,-0.381905,-1.2664,-0.0171,1.0217,1.0,-1.2939,-3.367282,0.904998
20190226,15.832,23.1336,-0.379255,-1.2489,-0.0169,1.0213,1.0,-1.2754,-3.366398,0.904861
20190305,15.105,22.4401,-0.395826,-1.3358,-0.018,1.0208,1.0,-1.3636,-3.365609,0.904737
20190312,15.413,22.6496,-0.384932,-1.2732,-0.0172,1.0203,1.0,-1.2991,-3.364806,0.904612
20190319,15.372,22.78,-0.393335,-1.3157,-0.0178,1.0198,1.0,-1.3418,-3.363962,0.904481
20190326,15.429,22.9117,-0.3954,-1.3235,-0.0179,1.0194,1.0,-1.3491,-3.363093,0.904346
20190402,15.061,22.6004,-0.405859,-1.3768,-0.0186,1.0189,1.0,-1.4028,-3.362265,0.904216
20190409,15.211,22.8016,-0.40481,-1.3674,-0.0185,1.0184,1.0,-1.3925,-3.361407,0.904083
20190416,14.915,22.3087,-0.40261,-1.3518,-0.0182,1.0179,1.0,-1.3761,-3.360653,0.903964
20190423,14.791,22.2435,-0.40803,-1.3776,-0.0186,1.0174,1.0,-1.4016,-3.359905,0.903847
20190430,14.984,22.4387,-0.403803,-1.3511,-0.0182,1.017,1.0,-1.374,-3.359133,0.903726
20190507,14.926,22.435,-0.407518,-1.3676,-0.0185,1.0165,1.0,-1.3901,-3.358359,0.903604
20190514,14.812,22.6015,-0.42258,-1.4451,-0.0195,1.016,1.0,-1.4683,-3.357527,0.903475
20190521,14.41,22.2351,-0.433751,-1.5012,-0.0203,1.0155,1.0,-1.5245,-3.356756,0.903353
20190528,14.32,22.2945,-0.442683,-1.5447,-0.0208,1.015,1.0,-1.568,-3.355966,0.903229
20190604,14.769,23.1043,-0.447489,-1.5657,-0.0211,1.0146,1.0,-1.5885,-3.355021,0.903083
20190611,14.74,23.1411,-0.451044,-1.5799,-0.0213,1.0141,1.0,-1.6021,-3.354075,0.902936
20190618,14.993,23.4444,-0.447049,-1.5534,-0.021,1.0136,1.0,-1.5746,-3.353095,0.902785
20190625,15.3,24.5047,-0.471013,-1.6768,-0.0226,1.0131,1.0,-1.6988,-3.351877,0.9026
20190702,15.238,24.3347,-0.46811,-1.6555,-0.0223,1.0127,1.0,-1.6765,-3.35072,0.902423
20190709,15.147,24.2147,-0.469156,-1.6554,-0.0223,1.0122,1.0,-1.6757,-3.349602,0.902252
20190716,15.678,24.3786,-0.441447,-1.5023,-0.0203,1.0118,1.0,-1.52,-3.348539,0.90209
20190723,16.476,24.5394,-0.398374,-1.2688,-0.0171,1.0113,1.0,-1.2832,-3.347563,0.901941
20190730,16.558,24.8495,-0.405968,-1.3062,-0.0176,1.0109,1.0,-1.3204,-3.346515,0.901781
20190806,16.445,25.5047,-0.438841,-1.4776,-0.0199,1.0104,1.0,-1.493,-3.345273,0.901593
20190813,16.985,25.9641,-0.424383,-1.3966,-0.0188,1.01,1.0,-1.4106,-3.34401,0.901403
20190820,17.148,25.9853,-0.415651,-1.3466,-0.0182,1.0096,1.0,-1.3595,-3.342771,0.901216
20190827,18.153,26.539,-0.379779,-1.1532,-0.0156,1.0091,1.0,-1.1637,-3.341565,0.901034
20190903,19.237,26.5987,-0.324028,-0.8555,-0.0115,1.0087,1.0,-0.863,-3.340517,0.900876
20190910,18.186,25.721,-0.346657,-0.9741,-0.0131,1.0083,1.0,-0.9822,-3.339477,0.900719
20190917,18.14,25.9375,-0.357571,-1.0302,-0.0139,1.0079,1.0,-1.0383,-3.338355,0.90055
20190924,18.628,26.3477,-0.346714,-0.9708,-0.0131,1.0075,1.0,-0.978,-3.337198,0.900375
20191001,17.302,25.5546,-0.389996,-1.1984,-0.0162,1.0071,1.0,-1.2069,-3.335993,0.900193
20191008,17.7,25.7814,-0.376089,-1.1222,-0.0151,1.0066,1.0,-1.1296,-3.334792,0.900011
20191015,17.384,25.4632,-0.381685,-1.1495,-0.0155,1.0062,1.0,-1.1567,-3.333611,0.899833
20191022,17.5,25.5218,-0.377332,-1.1241,-0.0152,1.0058,1.0,-1.1306,-3.332428,0.899654
20191029,17.831,25.568,-0.360403,-1.0323,-0.0139,1.0054,1.0,-1.0378,-3.331283,0.89948
20191105,17.568,25.4569,-0.370908,-1.086,-0.0147,1.0049,1.0,-1.0914,-3.330107,0.899302
20191112,16.692,24.9904,-0.403563,-1.2567,-0.017,1.0045,1.0,-1.2624,-3.328894,0.899118
20191119,17.118,25.3053,-0.390885,-1.1868,-0.016,1.0041,1.0,-1.1916,-3.327672,0.898933
20191126,17.045,25.086,-0.386452,-1.1609,-0.0157,1.0037,1.0,-1.1651,-3.326496,0.898754
20191203,17.248,25.4546,-0.3892,-1.173,-0.0158,1.0032,1.0,-1.1768,-3.325248,0.898565
20191210,16.702,25.2,-0.411314,-1.2874,-0.0174,1.0028,1.0,-1.291,-3.323969,0.898371
20191217,17.072,25.3892,-0.396885,-1.2082,-0.0163,1.0024,1.0,-1.2111,-3.32271,0.898181
20191224,17.853,25.7582,-0.366582,-1.0457,-0.0141,1.002,1.0,-1.0477,-3.321492,0.897997
20191231,17.921,26.036,-0.373506,-1.0803,-0.0146,1.0015,1.0,-1.082,-3.320198,0.897801
20200107,18.393,26.8167,-0.377056,-1.097,-0.0148,1.0011,1.0,-1.0983,-3.318765,0.897586
20200114,17.742,26.3582,-0.395844,-1.194,-0.0161,1.0007,1.0,-1.1949,-3.317325,0.897369
20200121,17.808,26.5577,-0.399671,-1.2117,-0.0164,1.0003,1.0,-1.2121,-3.315839,0.897145
20200128,17.458,26.7354,-0.42619,-1.3489,-0.0182,0.9999,1.0,-1.3489,-3.314228,0.896903
20200204,17.561,26.5123,-0.411928,-1.2705,-0.0171,0.9995,1.0,-1.27,-3.312722,0.896676
20200211,17.597,26.731,-0.418097,-1.3002,-0.0175,0.9992,1.0,-1.299,-3.311165,0.896442
20200218,18.15,27.2372,-0.405915,-1.233,-0.0166,0.9988,1.0,-1.2315,-3.309583,0.896205
20200225,18.191,27.9378,-0.429052,-1.3521,-0.0182,0.9984,1.0,-1.3499,-3.307802,0.895938
20200303,17.188,27.8474,-0.482528,-1.6299,-0.022,0.998,1.0,-1.6266,-3.305833,0.895644
20200310,16.955,28.0824,-0.504581,-1.7405,-0.0235,0.9976,1.0,-1.7364,-3.303785,0.895337
20200317,12.495,26.0309,-0.733954,-2.9364,-0.0396,0.9973,1.0,-2.9284,-3.301437,0.894983
20200324,14.257,28.0759,-0.677663,-2.6195,-0.0354,0.9969,1.0,-2.6112,-3.29908,0.894631
20200331,14.156,27.096,-0.649246,-2.4549,-0.0331,0.9965,1.0,-2.4462,-3.297176,0.894345
20200407,15.48,28.4084,-0.607137,-2.2231,-0.03,0.9961,1.0,-2.2144,-3.295284,0.894062
20200414,16.13,29.6841,-0.609932,-2.2263,-0.03,0.9957,1.0,-2.2167,-3.293263,0.893761
20200421,14.876,28.4582,-0.648688,-2.4137,-0.0326,0.9953,1.0,-2.4024,-3.291378,0.893479
20200428,15.171,28.9699,-0.646871,-2.3906,-0.0323,0.9949,1.0,-2.3784,-3.289503,0.8932
20200505,15.11,28.7895,-0.644654,-2.3659,-0.0319,0.9945,1.0,-2.3529,-3.287732,0.892935
20200512,15.709,28.7267,-0.603595,-2.1449,-0.0289,0.9941,1.0,-2.1322,-3.286137,0.892697
20200519,17.901,29.3038,-0.492861,-1.5758,-0.0213,0.9937,1.0,-1.5659,-3.284803,0.892498
20200526,17.595,28.6995,-0.489263,-1.5531,-0.021,0.9933,1.0,-1.5427,-3.283529,0.892308
20200602,18.26,29.1214,-0.46676,-1.4353,-0.0194,0.9929,1.0,-1.4251,-3.282262,0.892119
20200609,17.794,28.9359,-0.486222,-1.5296,-0.0206,0.9925,1.0,-1.5181,-3.280945,0.891923
20200616,17.652,29.1504,-0.501618,-1.6027,-0.0216,0.9921,1.0,-1.59,-3.279552,0.891715
20200623,18.063,29.8258,-0.501509,-1.5974,-0.0216,0.9917,1.0,-1.5841,-3.278081,0.891496
20200630,18.637,30.0967,-0.479266,-1.4812,-0.02,0.9913,1.0,-1.4683,-3.276643,0.891282
20200707,18.699,30.2317,-0.48042,-1.483,-0.02,0.9909,1.0,-1.4696,-3.275175,0.891064
20200714,19.53,30.2786,-0.438491,-1.2693,-0.0171,0.9905,1.0,-1.2573,-3.273821,0.890863
20200721,21.557,30.7271,-0.354444,-0.8463,-0.0114,0.9902,1.0,-0.838,-3.272673,0.890692
20200728,24.3,32.2131,-0.281895,-0.4823,-0.0065,0.9898,1.0,-0.4773,-3.271641,0.890539
20200804,26.028,33.3335,-0.247391,-0.3091,-0.0042,0.9895,1.0,-0.3058,-3.270637,0.890391
20200811,26.049,32.2302,-0.212924,-0.1362,-0.0018,0.9892,1.0,-0.1347,-3.269785,0.890265
20200818,28.075,33.2097,-0.167963,0.0893,0.0012,0.9888,1.0,0.0883,-3.26904,0.890154
20200825,26.273,31.8818,-0.193494,-0.0388,-0.0005,0.9885,1.0,-0.0384,-3.268197,0.89003
20200901,28.645,32.7005,-0.132412,0.2679,0.0036,0.9882,1.0,0.2647,-3.267562,0.889936
20200908,26.991,32.1725,-0.175608,0.0506,0.0007,0.988,1.0,0.05,-3.266696,0.889807
20200915,27.464,32.5077,-0.1686,0.0858,0.0012,0.9877,1.0,0.0847,-3.265804,0.889675
20200922,24.523,31.6408,-0.254836,-0.3483,-0.0047,0.9874,1.0,-0.3439,-3.264453,0.889475
20200929,24.445,31.5707,-0.255805,-0.3528,-0.0048,0.9871,1.0,-0.3483,-3.26305,0.889267
20201006,23.921,31.648,-0.279919,-0.4741,-0.0064,0.9869,1.0,-0.4678,-3.26145,0.88903
20201013,24.129,31.4326,-0.26443,-0.3955,-0.0053,0.9866,1.0,-0.3902,-3.259912,0.888801
20201020,24.98,31.7333,-0.23929,-0.2682,-0.0036,0.9864,1.0,-0.2646,-3.258447,0.888584
20201027,24.57,31.6762,-0.254038,-0.3425,-0.0046,0.9861,1.0,-0.3377,-3.256837,0.888345
20201103,24.334,31.6479,-0.262799,-0.3864,-0.0052,0.9859,1.0,-0.381,-3.255118,0.888091
20201110,24.462,31.1408,-0.241398,-0.2779,-0.0037,0.9857,1.0,-0.2739,-3.25354,0.887856
20201117,24.651,31.2631,-0.237621,-0.2585,-0.0035,0.9855,1.0,-0.2547,-3.251921,0.887616
20201124,23.3,30.0694,-0.255055,-0.3466,-0.0047,0.9852,1.0,-0.3415,-3.250257,0.887369
20201201,24.09,30.275,-0.228524,-0.2118,-0.0029,0.985,1.0,-0.2086,-3.2487,0.887137
20201208,24.736,31.0948,-0.228782,-0.2129,-0.0029,0.9848,1.0,-0.2097,-3.246997,0.886885
20201215,24.644,30.8002,-0.222986,-0.1833,-0.0025,0.9846,1.0,-0.1805,-3.245312,0.886634
20201222,25.535,31.0147,-0.194411,-0.038,-0.0005,0.9844,1.0,-0.0374,-3.243771,0.886406
20201229,26.217,31.1941,-0.173822,0.0667,0.0009,0.9842,1.0,0.0657,-3.24232,0.88619
20210105,27.64,32.2361,-0.153822,0.1684,0.0023,0.9841,1.0,0.1658,-3.240893,0.885979
20210112,25.435,30.615,-0.185365,0.0077,0.0001,0.984,1.0,0.0075,-3.239261,0.885736
20210119,25.32,30.5504,-0.187783,-0.0047,-0.0001,0.9838,1.0,-0.0046,-3.237549,0.885482
20210126,25.538,30.7015,-0.184143,0.0139,0.0002,0.9837,1.0,0.0137,-3.235788,0.88522
20210202,26.402,30.4381,-0.142255,0.2277,0.0031,0.9836,1.0,0.224,-3.234399,0.885014
20210209,27.402,30.4934,-0.106894,0.4082,0.0055,0.9835,1.0,0.4014,-3.233302,0.884851
20210216,27.325,29.9235,-0.090843,0.4898,0.0066,0.9834,1.0,0.4817,-3.232357,0.884711
20210223,27.688,30.0218,-0.080924,0.5401,0.0073,0.9833,1.0,0.5311,-3.231461,0.884577
20210302,26.879,28.9531,-0.074332,0.5733,0.0077,0.9832,1.0,0.5637,-3.230658,0.884458
20210309,26.183,28.7037,-0.091915,0.4827,0.0065,0.9831,1.0,0.4745,-3.229627,0.884304
20210316,26.003,28.9072,-0.105881,0.4106,0.0055,0.983,1.0,0.4036,-3.228354,0.884114
20210323,25.227,28.8175,-0.133067,0.2709,0.0037,0.9829,1.0,0.2662,-3.226684,0.883865
20210330,24.137,28.2341,-0.156786,0.149,0.002,0.9828,1.0,0.1464,-3.224728,0.883572
20210406,25.227,29.0696,-0.141779,0.2259,0.003,0.9828,1.0,0.222,-3.222768,0.88328
20210413,25.426,29.1309,-0.136029,0.2553,0.0034,0.9828,1.0,0.2509,-3.220804,0.882987
20210420,25.84,29.5773,-0.135082,0.2599,0.0035,0.9828,1.0,0.2554,-3.218706,0.882675
20210427,26.41,29.5761,-0.113223,0.3722,0.005,0.9828,1.0,0.3658,-3.216878,0.882403
20210504,26.558,29.5288,-0.106036,0.4089,0.0055,0.9829,1.0,0.4019,-3.215096,0.882138
20210511,27.667,30.4024,-0.094281,0.4691,0.0063,0.9831,1.0,0.4611,-3.21333,0.881875
20210518,28.333,30.8614,-0.085478,0.514,0.0069,0.9833,1.0,0.5054,-3.211598,0.881618
20210525,28.056,31.2915,-0.109145,0.3914,0.0053,0.9836,1.0,0.385,-3.209209,0.881264
20210601,28.102,31.3842,-0.110465,0.3842,0.0052,0.984,1.0,0.3781,-3.206674,0.880888
20210608,27.731,31.2209,-0.118536,0.3422,0.0046,0.9845,1.0,0.3369,-3.20387,0.880472
20210615,27.693,30.6585,-0.101732,0.4288,0.0058,0.9849,1.0,0.4223,-3.201464,0.880115
20210622,25.857,29.4989,-0.131773,0.273,0.0037,0.9854,1.0,0.269,-3.198469,0.879669
20210629,25.901,29.2874,-0.122875,0.3188,0.0043,0.9857,1.0,0.3143,-3.195642,0.879248
20210706,26.174,29.7242,-0.127194,0.2962,0.004,0.986,1.0,0.2921,-3.192519,0.878783
20210713,26.14,29.9419,-0.135792,0.2514,0.0034,0.9865,1.0,0.248,-3.189035,0.878265
20210720,24.995,29.9516,-0.180908,0.0172,0.0002,0.9869,1.0,0.017,-3.184281,0.877558
20210727,24.649,29.7669,-0.18866,-0.0231,-0.0003,0.9874,1.0,-0.0228,-3.179421,0.876835
20210803,25.582,29.9574,-0.157888,0.1368,0.0018,0.9879,1.0,0.1351,-3.175344,0.876229
20210810,23.392,28.7481,-0.206179,-0.1143,-0.0015,0.9884,1.0,-0.113,-3.170443,0.875498
20210817,23.659,29.5456,-0.222192,-0.1976,-0.0027,0.9887,1.0,-0.1953,-3.164959,0.874682
20210824,23.894,29.8259,-0.22175,-0.1951,-0.0026,0.9891,1.0,-0.193,-3.159567,0.87388
20210831,24.006,29.9456,-0.221078,-0.1915,-0.0026,0.9895,1.0,-0.1894,-3.154316,0.873099
20210907,24.373,29.6455,-0.195834,-0.0597,-0.0008,0.9899,1.0,-0.0591,-3.149895,0.872442
20210914,23.885,29.754,-0.219713,-0.1842,-0.0025,0.9902,1.0,-0.1824,-3.144936,0.871704
20210921,22.611,29.322,-0.259902,-0.3939,-0.0053,0.9906,1.0,-0.3902,-3.139395,0.870879
20210928,22.467,28.7185,-0.245494,-0.3183,-0.0043,0.9908,1.0,-0.3154,-3.13467,0.870175
20211005,22.608,29.0393,-0.250347,-0.3434,-0.0046,0.991,1.0,-0.3403,-3.129904,0.869465
20211012,22.514,29.0007,-0.253183,-0.358,-0.0048,0.9912,1.0,-0.3548,-3.125273,0.868775
20211019,23.883,29.1457,-0.199141,-0.0748,-0.001,0.9913,1.0,-0.0741,-3.121717,0.868245
20211026,24.088,29.4608,-0.201348,-0.0863,-0.0012,0.9915,1.0,-0.0855,-3.118025,0.867696
20211102,23.507,29.3914,-0.223402,-0.2018,-0.0027,0.9917,1.0,-0.2001,-3.113947,0.867089
20211109,24.318,29.9661,-0.208849,-0.1253,-0.0017,0.9918,1.0,-0.1243,-3.110018,0.866505
20211116,24.944,30.2824,-0.193934,-0.0469,-0.0006,0.992,1.0,-0.0465,-3.106298,0.865953
20211123,23.435,29.2728,-0.222428,-0.1966,-0.0027,0.9923,1.0,-0.1951,-3.102315,0.86536
20211130,22.815,29.1558,-0.245236,-0.3164,-0.0043,0.9924,1.0,-0.314,-3.098012,0.864719
20211207,22.523,29.2578,-0.261609,-0.4023,-0.0054,0.9926,1.0,-0.3993,-3.0935,0.864048
20211214,21.924,29.0671,-0.282024,-0.5094,-0.0069,0.9927,1.0,-0.5057,-3.088871,0.863358
20211221,22.529,29.2837,-0.262228,-0.4046,-0.0055,0.9928,1.0,-0.4017,-3.084688,0.862736
20211228,23.121,29.5828,-0.246452,-0.3211,-0.0043,0.9929,1.0,-0.3188,-3.080774,0.862154
20220104,23.056,29.6215,-0.250575,-0.3426,-0.0046,0.9929,1.0,-0.3402,-3.076845,0.86157
20220111,22.812,29.6629,-0.26261,-0.4059,-0.0055,0.993,1.0,-0.403,-3.072783,0.860966
20220118,23.492,29.5633,-0.229874,-0.2326,-0.0031,0.9931,1.0,-0.231,-3.069334,0.860453
20220125,23.896,30.1133,-0.231255,-0.2397,-0.0032,0.9932,1.0,-0.2381,-3.065729,0.859918
20220201,22.595,29.3866,-0.262809,-0.4064,-0.0055,0.9933,1.0,-0.4037,-3.061858,0.859342
20220208,23.2,29.743,-0.248441,-0.3301,-0.0045,0.9933,1.0,-0.3279,-3.058175,0.858795
20220215,23.342,30.1251,-0.255106,-0.3651,-0.0049,0.9934,1.0,-0.3627,-3.054328,0.858224
20220222,24.311,30.823,-0.237332,-0.2706,-0.0037,0.9935,1.0,-0.2688,-3.050625,0.857675
20220301,25.541,31.3129,-0.203746,-0.0923,-0.0012,0.9936,1.0,-0.0917,-3.047354,0.85719
20220308,26.895,32.669,-0.194486,-0.0431,-0.0006,0.9938,1.0,-0.0428,-3.043924,0.856684
20220315,25.158,31.0932,-0.211815,-0.1351,-0.0018,0.9941,1.0,-0.1343,-3.040467,0.856172
20220322,24.904,30.9672,-0.217899,-0.1673,-0.0023,0.9943,1.0,-0.1664,-3.036912,0.855645
20220329,24.736,30.8257,-0.220089,-0.1788,-0.0024,0.9944,1.0,-0.1778,-3.033338,0.855115
20220405,24.534,31.0232,-0.234675,-0.2563,-0.0035,0.9946,1.0,-0.2549,-3.029464,0.854541
20220412,25.735,31.6756,-0.207695,-0.1125,-0.0015,0.9948,1.0,-0.1119,-3.025907,0.854015
20220419,25.391,31.4277,-0.213293,-0.1422,-0.0019,0.995,1.0,-0.1415,-3.022277,0.853478
20220426,23.544,30.6608,-0.264114,-0.4131,-0.0056,0.9952,1.0,-0.4111,-3.017974,0.85284
20220503,22.665,30.1846,-0.286511,-0.5323,-0.0072,0.9954,1.0,-0.5298,-3.013556,0.852184
20220510,21.424,29.7616,-0.328707,-0.757,-0.0102,0.9955,1.0,-0.7536,-3.008807,0.851479
20220517,21.75,29.4408,-0.302767,-0.6177,-0.0083,0.9955,1.0,-0.6149,-3.004781,0.85088
20220524,22.063,30.066,-0.309492,-0.653,-0.0088,0.9955,1.0,-0.6501,-3.00062,0.850263
20220531,21.688,29.8182,-0.31836,-0.6997,-0.0094,0.9956,1.0,-0.6966,-2.996566,0.849661
20220607,22.178,29.8547,-0.297243,-0.5861,-0.0079,0.9955,1.0,-0.5834,-2.992913,0.849118
20220614,20.954,29.313,-0.335702,-0.7912,-0.0107,0.9955,1.0,-0.7877,-2.989042,0.848542
20220621,21.768,29.6464,-0.308899,-0.6469,-0.0087,0.9954,1.0,-0.6439,-2.985539,0.848022
20220628,20.806,29.3936,-0.345534,-0.8423,-0.0114,0.9954,1.0,-0.8384,-2.981785,0.847464
20220705,19.121,28.5955,-0.402461,-1.1461,-0.0155,0.9953,1.0,-1.1407,-2.977851,0.846878
20220712,18.958,28.0452,-0.391591,-1.086,-0.0147,0.9951,1.0,-1.0807,-2.974453,0.846371
20220719,18.713,27.8404,-0.397269,-1.1147,-0.015,0.9949,1.0,-1.109,-2.971252,0.845893
20220726,18.535,27.9267,-0.409922,-1.1807,-0.0159,0.9947,1.0,-1.1744,-2.968092,0.845421
20220802,20.139,28.9029,-0.361285,-0.9185,-0.0124,0.9944,1.0,-0.9134,-2.965218,0.844993
20220809,20.482,29.2014,-0.35467,-0.8819,-0.0119,0.9942,1.0,-0.8768,-2.962397,0.844573
20220816,20.085,28.8841,-0.363319,-0.9271,-0.0125,0.994,1.0,-0.9215,-2.959633,0.844162
20220823,19.026,28.4863,-0.403618,-1.1415,-0.0154,0.9938,1.0,-1.1344,-2.956727,0.843729
20220830,18.287,28.1368,-0.430889,-1.2856,-0.0174,0.9935,1.0,-1.2773,-2.953829,0.843297
20220906,17.908,27.8076,-0.440063,-1.3323,-0.018,0.9932,1.0,-1.3233,-2.95109,0.842888
20220913,19.491,27.8606,-0.357262,-0.8871,-0.012,0.9929,1.0,-0.8809,-2.948956,0.842569
20220920,19.183,27.2199,-0.349924,-0.8468,-0.0114,0.9926,1.0,-0.8406,-2.947006,0.842277
20220927,18.337,26.7345,-0.377034,-0.9907,-0.0134,0.9923,1.0,-0.9831,-2.945017,0.841979
20221004,21.099,28.0199,-0.28369,-0.4903,-0.0066,0.992,1.0,-0.4863,-2.943339,0.841728
20221011,19.487,27.407,-0.341051,-0.7967,-0.0108,0.9917,1.0,-0.7901,-2.9414,0.841438
20221018,18.6,26.9875,-0.372212,-0.9626,-0.013,0.9914,1.0,-0.9542,-2.939373,0.841135
20221025,19.349,27.0116,-0.333626,-0.7548,-0.0102,0.991,1.0,-0.748,-2.937574,0.840865
20221101,19.667,26.8925,-0.312905,-0.643,-0.0087,0.9907,1.0,-0.6371,-2.935902,0.840614
20221108,21.502,27.793,-0.256639,-0.3411,-0.0046,0.9904,1.0,-0.3378,-2.934387,0.840388
20221115,21.518,28.6134,-0.284986,-0.4927,-0.0067,0.99,1.0,-0.4878,-2.932529,0.840112
20221122,21.049,28.1074,-0.289179,-0.5148,-0.0069,0.9898,1.0,-0.5095,-2.930695,0.839838
20221129,21.436,28.424,-0.282164,-0.4767,-0.0064,0.9895,1.0,-0.4717,-2.928826,0.839559
20221206,22.335,28.6708,-0.249723,-0.3022,-0.0041,0.9892,1.0,-0.299,-2.927108,0.839304
20221213,23.99,29.2458,-0.198098,-0.0248,-0.0003,0.989,1.0,-0.0245,-2.925644,0.839086
20221220,24.271,29.2394,-0.186237,0.039,0.0005,0.9887,1.0,0.0386,-2.924213,0.838874
20221227,24.217,29.2037,-0.18724,0.0336,0.0005,0.9885,1.0,0.0332,-2.922721,0.838652
20230103,24.236,29.5073,-0.196797,-0.0179,-0.0002,0.9883,1.0,-0.0177,-2.92105,0.838403
20230110,23.665,29.9083,-0.234137,-0.2189,-0.003,0.9882,1.0,-0.2163,-2.918927,0.838089
20230117,24.068,30.3462,-0.231787,-0.2061,-0.0028,0.988,1.0,-0.2036,-2.916706,0.837759
20230124,23.749,30.6771,-0.255975,-0.3364,-0.0045,0.9879,1.0,-0.3323,-2.914138,0.837379
20230131,23.836,30.7989,-0.256281,-0.3378,-0.0046,0.9878,1.0,-0.3337,-2.911508,0.83699
20230207,22.177,29.9855,-0.301659,-0.5825,-0.0079,0.9877,1.0,-0.5753,-2.908544,0.83655
20230214,21.873,29.7167,-0.306456,-0.6079,-0.0082,0.9876,1.0,-0.6003,-2.905609,0.836115
20230221,21.89,29.4012,-0.295005,-0.5454,-0.0074,0.9875,1.0,-0.5386,-2.90287,0.835708
20230228,21.071,29.3144,-0.330183,-0.7351,-0.0099,0.9873,1.0,-0.7258,-2.899831,0.835256
20230307,20.199,29.0814,-0.364464,-0.9197,-0.0124,0.9872,1.0,-0.9079,-2.896593,0.834775
20230314,22.04,30.2776,-0.317548,-0.6649,-0.009,0.987,1.0,-0.6562,-2.893603,0.834332
20230321,22.425,30.6653,-0.312956,-0.6394,-0.0086,0.9869,1.0,-0.631,-2.8906,0.833887
20230328,23.42,31.0803,-0.282982,-0.4765,-0.0064,0.9868,1.0,-0.4702,-2.887823,0.833476
20230404,25.101,31.9164,-0.240212,-0.2445,-0.0033,0.9867,1.0,-0.2413,-2.885323,0.833107
20230411,25.186,31.6558,-0.228633,-0.1816,-0.0025,0.9867,1.0,-0.1792,-2.882929,0.832754
20230418,25.263,31.6555,-0.225571,-0.1649,-0.0022,0.9866,1.0,-0.1627,-2.880509,0.832396
20230425,24.882,31.4476,-0.234178,-0.2115,-0.0029,0.9866,1.0,-0.2087,-2.877967,0.83202
20230502,25.619,31.6828,-0.21244,-0.0933,-0.0013,0.9866,1.0,-0.0921,-2.875578,0.831667
20230509,25.898,31.9284,-0.209329,-0.0764,-0.001,0.9866,1.0,-0.0753,-2.873123,0.831305
20230516,23.893,31.269,-0.269043,-0.4009,-0.0054,0.9866,1.0,-0.3955,-2.87001,0.830845
20230523,23.624,31.0158,-0.272234,-0.418,-0.0056,0.9866,1.0,-0.4124,-2.8669,0.830384
20230530,23.239,31.0379,-0.289377,-0.5109,-0.0069,0.9866,1.0,-0.5041,-2.86358,0.829893
20230606,23.67,31.0825,-0.272438,-0.4183,-0.0056,0.9866,1.0,-0.4127,-2.860463,0.829432
20230613,23.822,30.7725,-0.256013,-0.3285,-0.0044,0.9865,1.0,-0.3241,-2.857585,0.829006
20230620,23.234,30.6198,-0.276029,-0.4373,-0.0059,0.9865,1.0,-0.4314,-2.854486,0.828548
20230627,22.96,30.2967,-0.277286,-0.4439,-0.006,0.9865,1.0,-0.4378,-2.851441,0.828097
20230704,23.402,30.3287,-0.259271,-0.3452,-0.0047,0.9864,1.0,-0.3405,-2.848588,0.827674
20230711,23.281,30.4484,-0.268396,-0.3948,-0.0053,0.9864,1.0,-0.3894,-2.845587,0.82723
20230718,25.256,31.0043,-0.205061,-0.0485,-0.0007,0.9863,1.0,-0.0478,-2.843198,0.826876
20230725,24.824,30.7738,-0.214852,-0.102,-0.0014,0.9863,1.0,-0.1006,-2.840666,0.826502
20230801,24.326,30.9597,-0.241139,-0.2457,-0.0033,0.9863,1.0,-0.2423,-2.837723,0.826066
20230808,22.807,30.7041,-0.297329,-0.5531,-0.0075,0.9863,1.0,-0.5455,-2.834113,0.825532
20230815,22.656,30.3709,-0.293062,-0.5292,-0.0071,0.9863,1.0,-0.522,-2.830685,0.825025
20230822,23.45,30.2393,-0.254271,-0.3163,-0.0043,0.9863,1.0,-0.3119,-2.82777,0.824593
20230829,24.788,30.7338,-0.215003,-0.1008,-0.0014,0.9863,1.0,-0.0994,-2.825202,0.824213
20230905,23.873,30.563,-0.247042,-0.2765,-0.0037,0.9862,1.0,-0.2727,-2.822219,0.823771
20230912,23.402,30.3262,-0.25919,-0.3429,-0.0046,0.9862,1.0,-0.3382,-2.819115,0.823312
20230919,23.456,30.5545,-0.264386,-0.3712,-0.005,0.9862,1.0,-0.3661,-2.815888,0.822834
20230926,23.196,30.1058,-0.260737,-0.3509,-0.0047,0.9862,1.0,-0.3461,-2.812804,0.822377
20231003,21.377,29.0815,-0.307787,-0.6093,-0.0082,0.9862,1.0,-0.6009,-2.809429,0.821876
20231010,21.953,29.5079,-0.295753,-0.5426,-0.0073,0.9861,1.0,-0.5351,-2.806144,0.821388
20231017,23.024,30.2745,-0.273769,-0.4212,-0.0057,0.986,1.0,-0.4153,-2.802966,0.820918
20231024,23.116,30.9083,-0.290499,-0.513,-0.0069,0.986,1.0,-0.5058,-2.79945,0.820398
20231031,22.952,30.9995,-0.300566,-0.568,-0.0077,0.986,1.0,-0.5601,-2.795824,0.819862
20231107,22.589,30.7205,-0.307466,-0.6055,-0.0082,0.986,1.0,-0.5971,-2.792233,0.81933
20231114,23.132,30.6177,-0.280361,-0.4556,-0.0061,0.986,1.0,-0.4492,-2.789032,0.818857
20231121,23.869,31.0523,-0.263093,-0.36,-0.0049,0.986,1.0,-0.3549,-2.785945,0.818401
20231128,24.935,31.527,-0.234572,-0.2023,-0.0027,0.986,1.0,-0.1995,-2.783092,0.817979
20231205,24.546,31.469,-0.248453,-0.2788,-0.0038,0.986,1.0,-0.2749,-2.780032,0.817527
20231212,23.016,30.9115,-0.29494,-0.5355,-0.0072,0.9861,1.0,-0.528,-2.776492,0.817004
20231219,24.321,31.642,-0.263146,-0.3593,-0.0048,0.9861,1.0,-0.3543,-2.773217,0.81652
20231226,24.396,31.8516,-0.266667,-0.3785,-0.0051,0.9861,1.0,-0.3733,-2.769841,0.816022
20240102,23.953,31.8831,-0.285983,-0.4851,-0.0065,0.9862,1.0,-0.4784,-2.766204,0.815486
20240109,23.091,31.3611,-0.306126,-0.5963,-0.008,0.9863,1.0,-0.5881,-2.76246,0.814933
20240116,23.093,31.3113,-0.304448,-0.5865,-0.0079,0.9863,1.0,-0.5784,-2.758804,0.814393
20240123,22.462,31.2417,-0.329929,-0.7272,-0.0098,0.9863,1.0,-0.7172,-2.754911,0.813818
20240130,23.225,31.5411,-0.306061,-0.5942,-0.008,0.9863,1.0,-0.586,-2.751321,0.813288
20240206,22.478,31.5331,-0.3385,-0.7735,-0.0104,0.9864,1.0,-0.763,-2.747396,0.812708
20240213,22.154,30.9645,-0.334823,-0.7524,-0.0102,0.9864,1.0,-0.7421,-2.74375,0.812169
20240220,23.136,31.3581,-0.304084,-0.5811,-0.0078,0.9863,1.0,-0.5731,-2.740425,0.811678
20240227,22.532,31.3987,-0.33183,-0.7346,-0.0099,0.9863,1.0,-0.7245,-2.73681,0.811145
20240305,23.984,32.5971,-0.306835,-0.5951,-0.008,0.9863,1.0,-0.5869,-2.733282,0.810625
20240312,24.394,32.8802,-0.298534,-0.5485,-0.0074,0.9863,1.0,-0.541,-2.729814,0.810114
20240319,25.135,32.7866,-0.265758,-0.3659,-0.0049,0.9864,1.0,-0.3609,-2.726749,0.809663
20240326,24.623,32.9883,-0.292472,-0.5142,-0.0069,0.9864,1.0,-0.5072,-2.7233,0.809155
20240402,25.923,34.2494,-0.278538,-0.4362,-0.0059,0.9865,1.0,-0.4304,-2.719791,0.808639
20240409,27.984,35.2076,-0.229628,-0.1637,-0.0022,0.9867,1.0,-0.1615,-2.716746,0.808192
20240416,28.376,35.7381,-0.230675,-0.1694,-0.0023,0.9869,1.0,-0.1672,-2.71354,0.807722
20240423,27.362,34.9325,-0.244261,-0.245,-0.0033,0.9871,1.0,-0.2419,-2.710198,0.807231
20240430,26.654,34.4437,-0.256387,-0.3125,-0.0042,0.9874,1.0,-0.3085,-2.706717,0.80672
20240507,27.544,34.6839,-0.23049,-0.1678,-0.0023,0.9876,1.0,-0.1657,-2.703517,0.80625
20240514,28.702,35.0972,-0.201156,-0.0039,-0.0001,0.9878,1.0,-0.0039,-2.700613,0.805824
20240521,32.078,35.8715,-0.111773,0.4953,0.0067,0.9881,1.0,0.4894,-2.698894,0.805572
20240528,32.137,35.0339,-0.086307,0.6372,0.0086,0.9884,1.0,0.6299,-2.697549,0.805374
20240604,29.617,34.9183,-0.164663,0.1987,0.0027,0.9888,1.0,0.1964,-2.694856,0.804979
20240611,29.231,34.656,-0.170241,0.1673,0.0023,0.9892,1.0,0.1655,-2.692006,0.80456
20240618,29.564,34.8853,-0.165509,0.1937,0.0026,0.9895,1.0,0.1917,-2.68911,0.804135
20240625,28.868,34.6787,-0.183393,0.0934,0.0013,0.99,1.0,0.0925,-2.685825,0.803653
20240702,29.658,34.694,-0.156835,0.2422,0.0033,0.9904,1.0,0.2399,-2.682938,0.803229
20240709,31.056,35.0914,-0.122164,0.4364,0.0059,0.9909,1.0,0.4325,-2.680565,0.80288
20240716,31.458,36.2631,-0.142147,0.324,0.0044,0.9914,1.0,0.3212,-2.677524,0.802435
20240723,29.331,35.5323,-0.191798,0.0451,0.0006,0.9921,1.0,0.0448,-2.673402,0.80183
20240730,28.525,36.0381,-0.233795,-0.1908,-0.0026,0.9928,1.0,-0.1894,-2.668176,0.801064
20240806,27.216,35.7719,-0.273358,-0.413,-0.0056,0.9936,1.0,-0.4103,-2.662163,0.800182
20240813,27.786,36.6346,-0.27646,-0.4301,-0.0058,0.9943,1.0,-0.4277,-2.65602,0.799282
20240820,29.519,37.1,-0.228583,-0.1605,-0.0022,0.9951,1.0,-0.1597,-2.650979,0.798544
20240827,29.98,37.0989,-0.213057,-0.073,-0.001,0.9959,1.0,-0.0727,-2.646275,0.797855
20240903,28.344,36.7261,-0.259073,-0.3321,-0.0045,0.9967,1.0,-0.331,-2.640591,0.797023
20240910,28.614,36.9282,-0.25508,-0.3094,-0.0042,0.9975,1.0,-0.3086,-2.635036,0.796209
20240917,30.979,37.4662,-0.19013,0.057,0.0008,0.9982,1.0,0.0569,-2.630856,0.795598
20240924,32.43,38.4116,-0.169276,0.1746,0.0024,0.9991,1.0,0.1745,-2.626921,0.795022
20241001,31.742,38.5399,-0.194052,0.0347,0.0005,1.0,1.0,0.0347,-2.622265,0.794341
20241008,30.6,37.8865,-0.213595,-0.0758,-0.001,1.001,1.0,-0.0758,-2.617187,0.793599
20241015,31.756,38.3523,-0.188733,0.0648,0.0009,1.002,1.0,0.0649,-2.612595,0.792927
20241022,35.041,39.24,-0.113178,0.492,0.0066,1.003,1.0,0.4935,-2.609702,0.792504
20241029,34.441,39.4618,-0.136087,0.3621,0.0049,1.0041,1.0,0.3636,-2.606043,0.79197
20241105,32.775,39.0859,-0.176095,0.1353,0.0018,1.0054,1.0,0.1361,-2.601203,0.791262
20241112,30.759,37.4355,-0.196437,0.02,0.0003,1.0066,1.0,0.0202,-2.596039,0.790507
20241119,31.262,37.6863,-0.186893,0.0741,0.001,1.0077,1.0,0.0747,-2.591041,0.789776
20241126,30.405,37.548,-0.211012,-0.0627,-0.0008,1.0089,1.0,-0.0633,-2.585364,0.788945
20241203,31.492,38.0408,-0.188926,0.0627,0.0008,1.01,1.0,0.0633,-2.580193,0.788189
20241210,32.747,38.5766,-0.163833,0.2051,0.0028,1.0112,1.0,0.2074,-2.575572,0.787513
20241217,30.921,37.9175,-0.203978,-0.0231,-0.0003,1.0125,1.0,-0.0234,-2.56984,0.786675
20241224,30.283,37.5872,-0.216077,-0.0919,-0.0012,1.0137,1.0,-0.0931,-2.563848,0.785798
20241231,29.242,37.6145,-0.251783,-0.2949,-0.004,1.0149,1.0,-0.2993,-2.556909,0.784783
20250107,30.686,37.8468,-0.209741,-0.0555,-0.0007,1.0161,1.0,-0.0563,-2.551245,0.783955
20250114,30.351,38.0017,-0.224803,-0.1412,-0.0019,1.0173,1.0,-0.1436,-2.545147,0.783063
20250121,31.496,38.8157,-0.208964,-0.0509,-0.0007,1.0185,1.0,-0.0518,-2.539362,0.782218
20250128,30.882,38.8716,-0.230089,-0.1713,-0.0023,1.0198,1.0,-0.1747,-2.532985,0.781286
20250204,33.022,40.0147,-0.192073,0.0457,0.0006,1.0211,1.0,0.0467,-2.527514,0.780488
20250211,32.322,40.5941,-0.227875,-0.1587,-0.0021,1.0225,1.0,-0.1622,-2.520841,0.779514
20250218,33.373,40.7262,-0.199124,0.0056,0.0001,1.024,1.0,0.0058,-2.515055,0.77867
20250225,31.826,40.3624,-0.237615,-0.2143,-0.0029,1.0255,1.0,-0.2198,-2.508202,0.77767
20250304,32.381,40.3363,-0.219681,-0.1117,-0.0015,1.027,1.0,-0.1147,-2.501983,0.776763
20250311,33.147,40.2984,-0.195359,0.0275,0.0004,1.0285,1.0,0.0283,-2.496492,0.775962
20250318,34.818,41.5387,-0.176491,0.1355,0.0018,1.0299,1.0,0.1396,-2.491291,0.775204
20250325,34.187,41.3445,-0.190093,0.0576,0.0008,1.0315,1.0,0.0594,-2.485634,0.774379
20250401,34.309,42.569,-0.215719,-0.0893,-0.0012,1.0332,1.0,-0.0923,-2.478914,0.7734
20250408,29.686,40.8816,-0.320006,-0.6873,-0.0093,1.035,1.0,-0.7114,-2.469515,0.77203
20250415,32.297,43.4299,-0.296174,-0.55,-0.0074,1.0365,1.0,-0.5701,-2.460825,0.770765
20250422,32.905,45.1981,-0.317431,-0.6716,-0.0091,1.0383,1.0,-0.6973,-2.451546,0.769415
20250429,33.577,44.2476,-0.275961,-0.433,-0.0058,1.0402,1.0,-0.4503,-2.444149,0.768339
20250506,33.381,45.0944,-0.300771,-0.5751,-0.0078,1.0418,1.0,-0.5992,-2.436132,0.767173
20250513,33.1,43.2512,-0.267492,-0.3835,-0.0052,1.0434,1.0,-0.4001,-2.429624,0.766226
20250520,33.174,43.576,-0.27274,-0.4134,-0.0056,1.0448,1.0,-0.4319,-2.423045,0.765268
20250527,33.311,43.685,-0.271117,-0.4038,-0.0054,1.0462,1.0,-0.4224,-2.416611,0.764332
20250603,34.633,44.4077,-0.248606,-0.274,-0.0037,1.0475,1.0,-0.287,-2.410695,0.763471
20250610,36.642,44.0216,-0.183485,0.1011,0.0014,1.0489,1.0,0.106,-2.406394,0.762846
20250617,37.151,44.6233,-0.183266,0.1023,0.0014,1.0502,1.0,0.1074,-2.401921,0.762195
20250624,35.732,43.8568,-0.204883,-0.0224,-0.0003,1.0517,1.0,-0.0235,-2.39691,0.761466
20250701,36.397,43.9762,-0.189163,0.0683,0.0009,1.0531,1.0,0.0719,-2.392207,0.760782
20250708,36.749,43.6102,-0.171179,0.172,0.0023,1.0546,1.0,0.1814,-2.387913,0.760157
20250715,38.11,43.7741,-0.138567,0.3602,0.0049,1.0561,1.0,0.3804,-2.384332,0.759636
20250722,39.555,44.8075,-0.124683,0.4402,0.0059,1.0576,1.0,0.4656,-2.380896,0.759137
20250729,38.286,43.5925,-0.129801,0.4103,0.0055,1.0594,1.0,0.4347,-2.377298,0.758613
20250805,37.823,44.6606,-0.166174,0.1997,0.0027,1.0611,1.0,0.2119,-2.372378,0.757898
20250812,38.002,44.2683,-0.152629,0.278,0.0038,1.063,1.0,0.2955,-2.36781,0.757233
20250819,37.332,43.8337,-0.160551,0.2319,0.0031,1.0649,1.0,0.247,-2.362935,0.756524
20250826,38.606,44.526,-0.142665,0.3354,0.0045,1.0668,1.0,0.3578,-2.358423,0.755868
20250902,41.592,46.0398,-0.101599,0.5731,0.0077,1.0689,1.0,0.6126,-2.354985,0.755369
20250909,41.341,46.878,-0.125693,0.433,0.0058,1.0713,1.0,0.4639,-2.350459,0.754711
20250916,42.917,47.2484,-0.096151,0.604,0.0082,1.0739,1.0,0.6487,-2.346854,0.754188
20250923,44.608,48.0789,-0.074931,0.7267,0.0098,1.0767,1.0,0.7824,-2.34387,0.753755
20250930,46.64,48.5955,-0.041072,0.9225,0.0125,1.0798,1.0,0.9962,-2.342138,0.753504
20251007,47.515,49.8136,-0.047242,0.8857,0.012,1.0832,1.0,0.9595,-2.339985,0.753191
20251014,50.622,51.2737,-0.012792,1.0848,0.0146,1.087,1.0,1.1792,-2.339354,0.7531
20251021,47.704,50.7626,-0.062145,0.797,0.0108,1.0914,1.0,0.8698,-2.336158,0.752637
20251028,47.324,49.5539,-0.046044,0.8897,0.012,1.0959,1.0,0.975,-2.333745,0.752287
20251104,47.291,49.3182,-0.041973,0.9125,0.0123,1.1003,1.0,1.004,-2.33145,0.751954
20251111,50.744,50.7466,-5.1e-05,1.1549,0.0156,1.105,1.0,1.2762,-2.331447,0.751954
20251118,50.521,50.2842,0.004698,1.181,0.0159,1.1103,1.0,1.3113,-2.331736,0.751995
20251125,50.965,50.9692,-8.2e-05,1.1516,0.0155,1.1158,1.0,1.285,-2.331731,0.751995
20251202,58.703,51.7154,0.126736,1.886,0.0255,1.1218,1.0,2.1158,-2.340581,0.753277
20251209,60.84,51.9537,0.157895,2.0617,0.0278,1.1284,1.0,2.3265,-2.351631,0.754878
20251216,63.323,52.9637,0.178643,2.1756,0.0294,1.1351,1.0,2.4694,-2.364005,0.75667
20251223,71.137,54.7039,0.262673,2.6536,0.0358,1.1418,1.0,3.0298,-2.381896,0.75926
20251230,77.919,53.8089,0.370232,3.2603,0.044,1.1486,1.0,3.7448,-2.403412,0.762375
20260106,81.039,55.0862,0.386032,3.3295,0.0449,1.1543,1.0,3.8431,-2.421088,0.764934
20260113,86.338,56.2648,0.428201,3.547,0.0479,1.1587,1.0,4.1098,-2.437186,0.767263
20260120,94.636,58.0284,0.489105,3.8644,0.0522,1.1623,1.0,4.4915,-2.452437,0.769469
20260127,105.957,61.1838,0.549151,4.1671,0.0562,1.1652,1.0,4.8557,-2.466729,0.771534
20260203,83.301,60.0078,0.327985,2.8955,0.0391,1.1678,1.0,3.3813,-2.47339,0.772496
20260210,80.384,61.0007,0.27593,2.5923,0.035,1.1696,1.0,3.0319,-2.478892,0.773291
20260217,73.54,59.9007,0.205141,2.1906,0.0296,1.1714,1.0,2.5659,-2.482893,0.77387
20260224,87.506,62.4972,0.336585,2.9072,0.0392,1.173,1.0,3.4103,-2.489864,0.774877
20260303,83.473,62.1063,0.295675,2.6677,0.036,1.175,1.0,3.1345,-2.495729,0.775724
20260310,89.592,63.3036,0.347324,2.9379,0.0397,1.1768,1.0,3.4573,-2.502635,0.776721
20260317,79.921,61.1986,0.266914,2.4847,0.0335,1.1786,1.0,2.9286,-2.507587,0.777437
20260324,69.569,55.4214,0.227353,2.2602,0.0305,1.1803,1.0,2.6676,-2.511436,0.777994
20260331,74.919,58.1604,0.253203,2.3925,0.0323,1.1815,1.0,2.8267,-2.516003,0.778655
20260407,71.987,58.2786,0.21125,2.1571,0.0291,1.183,1.0,2.5517,-2.519844,0.779211
20260414,79.533,59.927,0.283045,2.5372,0.0342,1.1844,1.0,3.0052,-2.525237,0.779991
20260421,76.488,58.7374,0.264057,2.4248,0.0327,1.1861,1.0,2.876,-2.530131,0.780698
20260428,73.219,57.7173,0.237898,2.2755,0.0307,1.1876,1.0,2.7023,-2.534466,0.781326
20260505,73.581,57.3813,0.248668,2.3253,0.0314,1.189,1.0,2.7649,-2.53902,0.781985
20260512,85.591,58.5976,0.378887,3.0116,0.0406,1.1905,1.0,3.5853,-2.546134,0.783014
20260519,75.159,56.9626,0.277212,2.4551,0.0331,1.192,1.0,2.9266,-2.550899,0.783704
20260526,76.606,56.9336,0.29679,2.5493,0.0344,1.1934,1.0,3.0423,-2.555978,0.784439
20260602,75.556,57.1713,0.278823,2.444,0.033,1.1947,1.0,2.9198,-2.560708,0.785124
20260609,65.24,54.8959,0.172634,1.8757,0.0253,1.1959,1.0,2.2432,-2.563512,0.78553
20260616,70.013,55.6118,0.230285,2.1741,0.0293,1.1971,1.0,2.6026,-2.567433,0.786098
20260623,64.91,53.8264,0.187237,1.9415,0.0262,1.1983,1.0,2.3265,-2.570561,0.786551
