Date,Value
2018-01-03,2.07
2018-01-04,2.07
2018-01-05,2.08
2018-01-08,2.08
2018-01-09,2.06
2018-01-10,2.09
2018-01-11,2.1
2018-01-12,2.09
2018-01-15,2.1
2018-01-16,2.1
2018-01-17,2.08
2018-01-18,2.08
2018-01-19,2.12
2018-01-22,2.12
2018-01-23,2.11
2018-01-24,2.05
2018-01-25,2.07
2018-01-26,2.07
2018-01-29,2.07
2018-01-30,2.07
2018-01-31,2.04
2018-02-01,2.07
2018-02-02,2.07
2018-02-05,2.07
2018-02-07,2.04
2018-02-08,2.07
2018-02-09,2.1
2018-02-12,2.14
2018-02-13,2.13
2018-02-14,2.14
2018-02-15,2.18
2018-02-16,2.14
2018-02-19,2.11
2018-02-20,2.12
2018-02-21,2.09
2018-02-22,2.13
2018-02-23,2.13
2018-02-26,2.1
2018-02-27,2.15
2018-02-28,2.17
2018-03-01,2.18
2018-03-02,2.16
2018-03-05,2.15
2018-03-06,2.2
2018-03-07,2.19
2018-03-08,2.17
2018-03-09,2.13
2018-03-12,2.2
2018-03-13,2.17
2018-03-14,2.12
2018-03-15,2.06
2018-03-16,2.09
2018-03-19,2.1
2018-03-20,2.1
2018-03-21,2.1
2018-03-22,2.09
2018-03-23,2.04
2018-03-26,2.04
2018-03-27,2.04
2018-03-28,2.03
2018-03-29,2.06
2018-04-03,2.06
2018-04-04,2.1
2018-04-05,2.14
2018-04-06,2.14
2018-04-09,2.12
2018-04-10,2.12
2018-04-11,2.12
2018-04-12,2.11
2018-04-13,2.13
2018-04-16,2.14
2018-04-17,2.14
2018-04-18,2.13
2018-04-19,2.14
2018-04-20,2.13
2018-04-23,2.14
2018-04-24,2.14
2018-04-26,2.17
2018-04-27,2.15
2018-04-30,2.13
2018-05-01,2.11
2018-05-02,2.15
2018-05-03,2.13
2018-05-04,2.11
2018-05-07,2.1
2018-05-08,2.09
2018-05-09,2.1
2018-05-10,2.06
2018-05-11,2.01
2018-05-14,1.99
2018-05-15,2.02
2018-05-16,2.04
2018-05-17,2.06
2018-05-18,2.07
2018-05-21,2.04
2018-05-22,2.04
2018-05-23,2.02
2018-05-24,1.98
2018-05-25,1.98
2018-05-28,1.98
2018-05-29,1.95
2018-05-30,1.93
2018-05-31,1.97
2018-06-01,1.97
2018-06-05,2.03
2018-06-06,2.04
2018-06-07,2.1
2018-06-08,2.09
2018-06-11,2.08
2018-06-12,2.08
2018-06-13,2.09
2018-06-14,2.08
2018-06-15,2.05
2018-06-18,2.04
2018-06-19,2.01
2018-06-20,2.02
2018-06-21,2.05
2018-06-22,2.03
2018-06-25,2.03
2018-06-26,2.02
2018-06-27,2.01
2018-06-28,2.0
2018-06-29,1.99
2018-07-02,1.97
2018-07-03,1.94
2018-07-04,1.93
2018-07-05,1.91
2018-07-06,1.94
2018-07-09,1.94
2018-07-10,1.95
2018-07-11,1.93
2018-07-12,1.93
2018-07-13,1.91
2018-07-16,1.9
2018-07-17,1.93
2018-07-18,1.88
2018-07-19,1.86
2018-07-20,1.82
2018-07-23,1.85
2018-07-24,1.87
2018-07-25,1.86
2018-07-26,1.9
2018-07-27,1.91
2018-07-30,1.92
2018-07-31,1.95
2018-08-01,1.96
2018-08-02,1.95
2018-08-03,1.95
2018-08-06,1.93
2018-08-07,1.92
2018-08-08,1.92
2018-08-09,1.87
2018-08-10,1.79
2018-08-13,1.82
2018-08-14,1.83
2018-08-15,1.84
2018-08-16,1.84
2018-08-17,1.84
2018-08-20,1.77
2018-08-21,1.74
2018-08-22,1.75
2018-08-23,1.77
2018-08-24,1.78
2018-08-27,1.78
2018-08-28,1.79
2018-08-29,1.79
2018-08-30,1.74
2018-08-31,1.73
2018-09-03,1.73
2018-09-04,1.76
2018-09-05,1.81
2018-09-06,1.79
2018-09-07,1.79
2018-09-10,1.81
2018-09-11,1.75
2018-09-12,1.73
2018-09-13,1.7
2018-09-14,1.67
2018-09-17,1.68
2018-09-18,1.71
2018-09-19,1.74
2018-09-20,1.76
2018-09-21,1.77
2018-09-24,1.81
2018-09-25,1.81
2018-09-26,1.8
2018-09-27,1.77
2018-09-28,1.77
2018-10-01,1.77
2018-10-02,1.79
2018-10-03,1.8
2018-10-04,1.79
2018-10-05,1.75
2018-10-08,1.77
2018-10-09,1.74
2018-10-10,1.73
2018-10-11,1.73
2018-10-12,1.73
2018-10-15,1.7
2018-10-16,1.69
2018-10-17,1.69
2018-10-18,1.71
2018-10-19,1.73
2018-10-23,1.75
2018-10-24,1.72
2018-10-25,1.68
2018-10-26,1.7
2018-10-29,1.68
2018-10-30,1.68
2018-10-31,1.68
2018-11-01,1.7
2018-11-02,1.71
2018-11-05,1.73
2018-11-06,1.74
2018-11-07,1.77
2018-11-08,1.81
2018-11-09,1.83
2018-11-12,1.85
2018-11-13,1.81
2018-11-14,1.79
2018-11-15,1.77
2018-11-16,1.74
2018-11-19,1.74
2018-11-20,1.74
2018-11-21,1.77
2018-11-22,1.79
2018-11-23,1.79
2018-11-26,1.8
2018-11-27,1.81
2018-11-28,1.8
2018-11-29,1.8
2018-11-30,1.79
2018-12-03,1.81
2018-12-04,1.76
2018-12-05,1.75
2018-12-06,1.69
2018-12-07,1.65
2018-12-10,1.65
2018-12-11,1.65
2018-12-12,1.69
2018-12-13,1.69
2018-12-14,1.68
2018-12-17,1.68
2018-12-18,1.67
2018-12-19,1.66
2018-12-20,1.62
2018-12-21,1.68
2018-12-24,1.68
2018-12-27,1.69
2018-12-28,1.68
2018-12-31,1.67
2019-01-03,1.63
2019-01-04,1.65
2019-01-07,1.7
2019-01-08,1.7
2019-01-09,1.71
2019-01-10,1.64
2019-01-11,1.63
2019-01-14,1.62
2019-01-15,1.62
2019-01-16,1.63
2019-01-17,1.64
2019-01-18,1.65
2019-01-21,1.65
2019-01-22,1.65
2019-01-23,1.63
2019-01-24,1.63
2019-01-25,1.62
2019-01-28,1.62
2019-01-29,1.62
2019-01-30,1.61
2019-01-31,1.57
2019-02-01,1.56
2019-02-04,1.56
2019-02-05,1.58
2019-02-07,1.51
2019-02-08,1.46
2019-02-11,1.46
2019-02-12,1.46
2019-02-13,1.51
2019-02-14,1.57
2019-02-15,1.54
2019-02-18,1.54
2019-02-19,1.55
2019-02-20,1.54
2019-02-21,1.51
2019-02-22,1.49
2019-02-25,1.47
2019-02-26,1.47
2019-02-27,1.46
2019-02-28,1.47
2019-03-01,1.47
2019-03-04,1.49
2019-03-05,1.47
2019-03-06,1.46
2019-03-07,1.45
2019-03-08,1.42
2019-03-11,1.42
2019-03-12,1.42
2019-03-13,1.39
2019-03-14,1.38
2019-03-15,1.39
2019-03-18,1.38
2019-03-19,1.37
2019-03-20,1.36
2019-03-21,1.32
2019-03-22,1.31
2019-03-25,1.24
2019-03-26,1.23
2019-03-27,1.14
2019-03-28,1.14
2019-03-29,1.15
2019-04-01,1.19
2019-04-02,1.19
2019-04-03,1.22
2019-04-04,1.3
2019-04-05,1.27
2019-04-08,1.25
2019-04-09,1.28
2019-04-10,1.3
2019-04-11,1.3
2019-04-12,1.32
2019-04-15,1.37
2019-04-16,1.34
2019-04-17,1.32
2019-04-18,1.31
2019-04-23,1.31
2019-04-24,1.27
2019-04-26,1.28
2019-04-29,1.28
2019-04-30,1.31
2019-05-01,1.27
2019-05-02,1.26
2019-05-03,1.24
2019-05-06,1.23
2019-05-07,1.24
2019-05-08,1.17
2019-05-09,1.14
2019-05-10,1.11
2019-05-13,1.1
2019-05-14,1.14
2019-05-15,1.13
2019-05-16,1.11
2019-05-17,1.1
2019-05-20,1.11
2019-05-21,1.1
2019-05-22,1.09
2019-05-23,1.08
2019-05-24,1.04
2019-05-27,1.04
2019-05-28,1.04
2019-05-29,1.03
2019-05-30,1.03
2019-05-31,1.0
2019-06-04,0.99
2019-06-05,0.99
2019-06-06,0.98
2019-06-07,0.99
2019-06-10,0.99
2019-06-11,0.98
2019-06-12,0.98
2019-06-13,0.97
2019-06-14,0.96
2019-06-17,0.95
2019-06-18,0.95
2019-06-19,0.92
2019-06-20,0.88
2019-06-21,0.89
2019-06-24,0.88
2019-06-25,0.87
2019-06-26,0.86
2019-06-27,0.91
2019-06-28,0.9
2019-07-01,0.9
2019-07-02,0.88
2019-07-03,0.86
2019-07-04,0.86
2019-07-05,0.85
2019-07-08,0.85
2019-07-09,0.86
2019-07-10,0.86
2019-07-11,0.86
2019-07-12,0.91
2019-07-15,0.96
2019-07-16,0.87
2019-07-17,0.88
2019-07-18,0.87
2019-07-19,0.9
2019-07-22,0.9
2019-07-23,0.88
2019-07-24,0.89
2019-07-25,0.88
2019-07-26,0.88
2019-07-29,0.9
2019-07-30,0.89
2019-07-31,0.88
2019-08-01,0.85
2019-08-02,0.79
2019-08-05,0.74
2019-08-06,0.7
2019-08-07,0.57
2019-08-08,0.54
2019-08-09,0.5
2019-08-12,0.51
2019-08-13,0.48
2019-08-14,0.51
2019-08-15,0.44
2019-08-16,0.41
2019-08-19,0.41
2019-08-20,0.41
2019-08-21,0.41
2019-08-22,0.45
2019-08-23,0.46
2019-08-27,0.44
2019-08-28,0.42
2019-08-29,0.42
2019-08-30,0.43
2019-09-02,0.45
2019-09-03,0.45
2019-09-04,0.44
2019-09-05,0.46
2019-09-06,0.52
2019-09-09,0.5
2019-09-10,0.53
2019-09-11,0.57
2019-09-12,0.58
2019-09-13,0.59
2019-09-16,0.59
2019-09-17,0.57
2019-09-18,0.57
2019-09-19,0.55
2019-09-20,0.53
2019-09-23,0.52
2019-09-24,0.52
2019-09-25,0.52
2019-09-26,0.56
2019-09-27,0.56
2019-09-30,0.56
2019-10-01,0.56
2019-10-02,0.54
2019-10-03,0.51
2019-10-04,0.49
2019-10-07,0.49
2019-10-08,0.49
2019-10-09,0.5
2019-10-10,0.51
2019-10-11,0.55
2019-10-14,0.58
2019-10-15,0.56
2019-10-16,0.54
2019-10-17,0.54
2019-10-18,0.57
2019-10-21,0.59
2019-10-22,0.61
2019-10-23,0.59
2019-10-24,0.57
2019-10-25,0.52
2019-10-29,0.57
2019-10-30,0.58
2019-10-31,0.58
2019-11-01,0.55
2019-11-04,0.58
2019-11-05,0.6
2019-11-06,0.61
2019-11-07,0.6
2019-11-08,0.63
2019-11-11,0.63
2019-11-12,0.62
2019-11-13,0.74
2019-11-14,0.68
2019-11-15,0.65
2019-11-18,0.65
2019-11-19,0.64
2019-11-20,0.62
2019-11-21,0.59
2019-11-22,0.61
2019-11-25,0.6
2019-11-26,0.6
2019-11-27,0.58
2019-11-28,0.56
2019-11-29,0.56
2019-12-02,0.57
2019-12-03,0.62
2019-12-04,0.59
2019-12-05,0.69
2019-12-06,0.71
2019-12-09,0.74
2019-12-10,0.71
2019-12-11,0.72
2019-12-12,0.75
2019-12-13,0.81
2019-12-16,0.78
2019-12-17,0.8
2019-12-18,0.8
2019-12-19,0.83
2019-12-20,0.88
2019-12-23,0.88
2019-12-24,0.88
2019-12-27,0.88
2019-12-30,0.88
2019-12-31,0.91
2020-01-03,0.88
2020-01-06,0.85
2020-01-07,0.83
2020-01-08,0.8
2020-01-09,0.8
2020-01-10,0.79
2020-01-13,0.78
2020-01-14,0.82
2020-01-15,0.81
2020-01-16,0.81
2020-01-17,0.83
2020-01-20,0.83
2020-01-21,0.82
2020-01-22,0.81
2020-01-23,0.81
2020-01-24,0.72
2020-01-27,0.72
2020-01-28,0.64
2020-01-29,0.64
2020-01-30,0.65
2020-01-31,0.62
2020-02-03,0.58
2020-02-04,0.59
2020-02-05,0.71
2020-02-07,0.72
2020-02-10,0.67
2020-02-11,0.67
2020-02-12,0.72
2020-02-13,0.73
2020-02-14,0.71
2020-02-17,0.7
2020-02-18,0.68
2020-02-19,0.69
2020-02-20,0.65
2020-02-21,0.62
2020-02-24,0.58
2020-02-25,0.57
2020-02-26,0.57
2020-02-27,0.55
2020-02-28,0.51
2020-03-02,0.46
2020-03-03,0.51
2020-03-04,0.46
2020-03-05,0.51
2020-03-06,0.47
2020-03-09,0.44
2020-03-10,0.51
2020-03-11,0.57
2020-03-12,0.66
2020-03-13,0.88
2020-03-16,0.84
2020-03-17,0.97
2020-03-18,1.48
2020-03-19,1.94
2020-03-20,1.72
2020-03-23,1.33
2020-03-24,1.36
2020-03-25,1.42
2020-03-26,1.25
2020-03-27,1.11
2020-03-30,1.02
2020-03-31,1.05
2020-04-01,1.06
2020-04-02,1.07
2020-04-03,0.98
2020-04-06,0.99
2020-04-07,1.02
2020-04-08,1.0
2020-04-09,0.84
2020-04-14,0.75
2020-04-15,0.75
2020-04-16,0.7
2020-04-17,0.68
2020-04-20,0.68
2020-04-21,0.68
2020-04-22,0.68
2020-04-23,0.7
2020-04-24,0.66
2020-04-28,0.66
2020-04-29,0.66
2020-04-30,0.66
2020-05-01,0.55
2020-05-04,0.56
2020-05-05,0.55
2020-05-06,0.58
2020-05-07,0.6
2020-05-08,0.53
2020-05-11,0.53
2020-05-12,0.53
2020-05-13,0.35
2020-05-14,0.33
2020-05-15,0.26
2020-05-18,0.24
2020-05-19,0.18
2020-05-20,0.12
2020-05-21,0.1
2020-05-22,0.14
2020-05-25,0.16
2020-05-26,0.16
2020-05-27,0.18
2020-05-28,0.17
2020-05-29,0.15
2020-06-02,0.15
2020-06-03,0.24
2020-06-04,0.26
2020-06-05,0.33
2020-06-08,0.35
2020-06-09,0.33
2020-06-10,0.35
2020-06-11,0.3
2020-06-15,0.28
2020-06-16,0.29
2020-06-17,0.28
2020-06-18,0.28
2020-06-19,0.29
2020-06-22,0.28
2020-06-23,0.28
2020-06-24,0.42
2020-06-25,0.38
2020-06-26,0.37
2020-06-29,0.37
2020-06-30,0.41
2020-07-01,0.41
2020-07-02,0.43
2020-07-03,0.43
2020-07-06,0.42
2020-07-07,0.41
2020-07-08,0.41
2020-07-09,0.41
2020-07-10,0.39
2020-07-13,0.39
2020-07-14,0.37
2020-07-15,0.37
2020-07-16,0.36
2020-07-17,0.36
2020-07-20,0.36
2020-07-21,0.34
2020-07-22,0.34
2020-07-23,0.34
2020-07-24,0.32
2020-07-27,0.32
2020-07-28,0.34
2020-07-29,0.34
2020-07-30,0.3
2020-07-31,0.26
2020-08-03,0.25
2020-08-04,0.24
2020-08-05,0.24
2020-08-06,0.25
2020-08-07,0.23
2020-08-10,0.2
2020-08-11,0.18
2020-08-12,0.09
2020-08-13,-0.03
2020-08-14,-0.12
2020-08-17,-0.16
2020-08-18,-0.17
2020-08-19,-0.19
2020-08-20,-0.19
2020-08-21,-0.2
2020-08-24,-0.21
2020-08-25,-0.21
2020-08-26,-0.18
2020-08-27,-0.17
2020-08-28,-0.17
2020-08-31,-0.18
2020-09-01,-0.19
2020-09-02,-0.2
2020-09-03,-0.21
2020-09-04,-0.2
2020-09-07,-0.17
2020-09-08,-0.17
2020-09-09,-0.21
2020-09-10,-0.12
2020-09-11,-0.11
2020-09-14,-0.11
2020-09-15,-0.12
2020-09-16,-0.09
2020-09-17,-0.09
2020-09-18,-0.09
2020-09-21,-0.08
2020-09-22,-0.09
2020-09-23,-0.1
2020-09-24,-0.1
2020-09-25,-0.11
2020-09-28,-0.11
2020-09-29,-0.11
2020-09-30,-0.13
2020-10-01,-0.13
2020-10-02,-0.13
2020-10-05,-0.13
2020-10-06,-0.13
2020-10-07,-0.15
2020-10-08,-0.13
2020-10-09,-0.13
2020-10-12,-0.13
2020-10-13,-0.12
2020-10-14,-0.13
2020-10-15,-0.16
2020-10-16,-0.18
2020-10-19,-0.18
2020-10-20,-0.18
2020-10-21,-0.15
2020-10-22,-0.16
2020-10-23,-0.16
2020-10-27,-0.18
2020-10-28,-0.19
2020-10-29,-0.2
2020-10-30,-0.17
2020-11-02,-0.16
2020-11-03,-0.17
2020-11-04,-0.15
2020-11-05,-0.07
2020-11-06,-0.08
2020-11-09,-0.07
2020-11-10,-0.03
2020-11-11,0.02
2020-11-12,0.02
2020-11-13,0.01
2020-11-16,0.01
2020-11-17,0.03
2020-11-18,0.02
2020-11-19,0.11
2020-11-20,0.15
2020-11-23,0.14
2020-11-24,0.22
2020-11-25,0.24
2020-11-26,0.2
2020-11-27,0.18
2020-11-30,0.18
2020-12-01,0.18
2020-12-02,0.19
2020-12-03,0.19
2020-12-04,0.2
2020-12-07,0.22
2020-12-08,0.21
2020-12-09,0.22
2020-12-10,0.19
2020-12-11,0.16
2020-12-14,0.15
2020-12-15,0.15
2020-12-16,0.15
2020-12-17,0.13
2020-12-18,0.13
2020-12-21,0.13
2020-12-22,0.13
2020-12-23,0.11
2020-12-24,0.12
2020-12-29,0.12
2020-12-30,0.12
2020-12-31,0.12
2021-01-05,0.1
2021-01-06,0.11
2021-01-07,0.13
2021-01-08,0.16
2021-01-11,0.15
2021-01-12,0.16
2021-01-13,0.14
2021-01-14,0.09
2021-01-15,0.07
2021-01-18,0.12
2021-01-19,0.13
2021-01-20,0.14
2021-01-21,0.18
2021-01-22,0.17
2021-01-25,0.17
2021-01-26,0.16
2021-01-27,0.17
2021-01-28,0.2
2021-01-29,0.22
2021-02-01,0.22
2021-02-02,0.28
2021-02-03,0.35
2021-02-04,0.39
2021-02-05,0.43
2021-02-09,0.49
2021-02-10,0.52
2021-02-11,0.49
2021-02-12,0.52
2021-02-15,0.57
2021-02-16,0.61
2021-02-17,0.7
2021-02-18,0.73
2021-02-19,0.7
2021-02-22,0.82
2021-02-23,0.8
2021-02-24,0.82
2021-02-25,0.91
2021-02-26,1.0
2021-03-01,1.0
2021-03-02,0.86
2021-03-03,0.85
2021-03-04,0.96
2021-03-05,1.02
2021-03-08,0.98
2021-03-09,0.98
2021-03-10,0.88
2021-03-11,0.8
2021-03-12,0.77
2021-03-15,0.86
2021-03-16,0.81
2021-03-17,0.81
2021-03-18,0.83
2021-03-19,0.9
2021-03-22,0.85
2021-03-23,0.8
2021-03-24,0.76
2021-03-25,0.76
2021-03-26,0.77
2021-03-29,0.81
2021-03-30,0.87
2021-03-31,0.91
2021-04-01,0.96
2021-04-06,0.96
2021-04-07,0.97
2021-04-08,0.96
2021-04-09,0.95
2021-04-12,0.97
2021-04-13,0.97
2021-04-14,0.95
2021-04-15,0.98
2021-04-16,0.93
2021-04-19,0.94
2021-04-20,0.96
2021-04-21,0.94
2021-04-22,0.9
2021-04-23,0.91
2021-04-27,0.91
2021-04-28,0.93
2021-04-29,0.88
2021-04-30,0.91
2021-05-03,0.91
2021-05-04,0.9
2021-05-05,0.9
2021-05-06,0.88
2021-05-07,0.85
2021-05-10,0.85
2021-05-11,0.85
2021-05-12,0.86
2021-05-13,0.85
2021-05-14,0.85
2021-05-17,0.85
2021-05-18,0.85
2021-05-19,0.85
2021-05-20,0.86
2021-05-21,0.86
2021-05-24,0.86
2021-05-25,0.86
2021-05-26,0.87
2021-05-27,0.94
2021-05-28,0.94
2021-05-31,0.94
2021-06-01,0.94
2021-06-02,0.94
2021-06-03,0.94
2021-06-04,0.94
2021-06-08,0.93
2021-06-09,0.9
2021-06-10,0.88
2021-06-11,0.85
2021-06-14,0.86
2021-06-15,0.86
2021-06-16,0.89
2021-06-17,0.99
2021-06-18,0.97
2021-06-21,0.97
2021-06-22,1.03
2021-06-23,1.03
2021-06-24,1.1
2021-06-25,1.11
2021-06-28,1.14
2021-06-29,1.14
2021-06-30,1.08
2021-07-01,1.06
2021-07-02,0.97
2021-07-05,0.93
2021-07-06,1.02
2021-07-07,0.96
2021-07-08,1.03
2021-07-09,0.96
2021-07-12,0.93
2021-07-13,0.89
2021-07-14,0.89
2021-07-15,0.87
2021-07-16,0.68
2021-07-19,0.66
2021-07-20,0.59
2021-07-21,0.6
2021-07-22,0.62
2021-07-23,0.63
2021-07-26,0.61
2021-07-27,0.6
2021-07-28,0.58
2021-07-29,0.54
2021-07-30,0.56
2021-08-02,0.56
2021-08-03,0.54
2021-08-04,0.56
2021-08-05,0.67
2021-08-06,0.67
2021-08-09,0.72
2021-08-10,0.72
2021-08-11,0.72
2021-08-12,0.72
2021-08-13,0.73
2021-08-16,0.73
2021-08-17,0.72
2021-08-18,0.73
2021-08-19,0.8
2021-08-20,0.81
2021-08-23,0.81
2021-08-24,0.81
2021-08-25,0.83
2021-08-26,0.8
2021-08-27,0.8
2021-08-30,0.8
2021-08-31,0.8
2021-09-01,0.83
2021-09-02,0.83
2021-09-03,0.79
2021-09-06,0.8
2021-09-07,0.82
2021-09-08,0.83
2021-09-09,0.82
2021-09-10,0.79
2021-09-13,0.8
2021-09-14,0.78
2021-09-15,0.72
2021-09-16,0.73
2021-09-17,0.73
2021-09-20,0.73
2021-09-21,0.73
2021-09-22,0.73
2021-09-23,0.71
2021-09-24,0.8
2021-09-27,0.78
2021-09-28,0.79
2021-09-29,0.82
2021-09-30,0.82
2021-10-01,0.84
2021-10-04,0.81
2021-10-05,0.86
2021-10-06,0.83
2021-10-07,0.75
2021-10-08,0.76
2021-10-11,0.76
2021-10-12,0.77
2021-10-13,0.77
2021-10-14,0.77
2021-10-15,0.75
2021-10-18,0.75
2021-10-19,0.71
2021-10-20,0.72
2021-10-21,0.74
2021-10-22,0.77
2021-10-26,0.77
2021-10-27,0.79
2021-10-28,0.78
2021-10-29,0.87
2021-11-01,0.87
2021-11-02,0.88
2021-11-03,0.9
2021-11-04,0.94
2021-11-05,1.0
2021-11-08,1.0
2021-11-09,1.07
2021-11-10,1.04
2021-11-11,1.0
2021-11-12,0.98
2021-11-15,0.91
2021-11-16,0.89
2021-11-17,0.77
2021-11-18,0.69
2021-11-19,0.73
2021-11-22,0.75
2021-11-23,0.8
2021-11-24,0.67
2021-11-25,0.67
2021-11-26,0.8
2021-11-29,0.8
2021-11-30,0.8
2021-12-01,0.8
2021-12-02,0.76
2021-12-03,0.74
2021-12-06,0.71
2021-12-07,0.71
2021-12-08,0.72
2021-12-09,0.75
2021-12-10,0.73
2021-12-13,0.73
2021-12-14,0.73
2021-12-15,0.65
2021-12-16,0.64
2021-12-17,0.64
2021-12-20,0.63
2021-12-21,0.63
2021-12-22,0.63
2021-12-23,0.64
2021-12-24,0.65
2021-12-29,0.63
2021-12-30,0.63
2021-12-31,0.63
2022-01-05,0.69
2022-01-06,0.74
2022-01-07,0.77
2022-01-10,0.79
2022-01-11,0.79
2022-01-12,0.78
2022-01-13,0.81
2022-01-14,0.81
2022-01-17,0.9
2022-01-18,0.89
2022-01-19,0.94
2022-01-20,0.94
2022-01-21,0.93
2022-01-24,0.93
2022-01-25,0.95
2022-01-26,0.94
2022-01-27,0.94
2022-01-28,0.93
2022-01-31,0.93
2022-02-01,0.95
2022-02-02,0.96
2022-02-03,0.9
2022-02-04,0.96
2022-02-08,1.01
2022-02-09,1.05
2022-02-10,1.05
2022-02-11,1.11
2022-02-14,1.05
2022-02-15,1.09
2022-02-16,1.09
2022-02-17,1.07
2022-02-18,1.02
2022-02-21,0.96
2022-02-22,0.93
2022-02-23,0.96
2022-02-24,0.93
2022-02-25,0.92
2022-02-28,0.88
2022-03-01,0.86
2022-03-02,0.77
2022-03-03,0.8
2022-03-04,0.77
2022-03-07,0.72
2022-03-08,0.72
2022-03-09,0.76
2022-03-10,0.74
2022-03-11,0.8
2022-03-14,0.8
2022-03-15,0.84
2022-03-16,0.84
2022-03-17,0.86
2022-03-18,0.88
2022-03-21,0.87
2022-03-22,0.97
2022-03-23,1.03
2022-03-24,1.05
2022-03-25,1.09
2022-03-28,1.16
2022-03-29,1.18
2022-03-30,1.21
2022-03-31,1.24
2022-04-01,1.23
2022-04-04,1.25
2022-04-05,1.23
2022-04-06,1.26
2022-04-07,1.25
2022-04-08,1.24
2022-04-11,1.27
2022-04-12,1.33
2022-04-13,1.34
2022-04-14,1.31
2022-04-19,1.31
2022-04-20,1.34
2022-04-21,1.34
2022-04-22,1.47
2022-04-26,1.44
2022-04-27,1.43
2022-04-28,1.44
2022-04-29,1.52
2022-05-02,1.52
2022-05-03,1.55
2022-05-04,1.6
2022-05-05,1.62
2022-05-06,1.72
2022-05-09,1.8
2022-05-10,1.8
2022-05-11,1.82
2022-05-12,1.75
2022-05-13,1.69
2022-05-16,1.79
2022-05-17,1.83
2022-05-18,1.88
2022-05-19,2.06
2022-05-20,1.89
2022-05-23,1.88
2022-05-24,1.82
2022-05-25,1.83
2022-05-26,1.82
2022-05-27,1.82
2022-05-30,1.82
2022-05-31,1.86
2022-06-01,1.87
2022-06-02,1.92
2022-06-03,1.91
2022-06-07,1.93
2022-06-08,1.96
2022-06-09,2.05
2022-06-10,2.08
2022-06-13,2.14
2022-06-14,2.26
2022-06-15,2.36
2022-06-16,2.33
2022-06-17,2.32
2022-06-20,2.33
2022-06-21,2.36
2022-06-22,2.37
2022-06-23,2.29
2022-06-27,2.25
2022-06-28,2.28
2022-06-29,2.29
2022-06-30,2.25
2022-07-01,2.16
2022-07-04,2.1
2022-07-05,2.11
2022-07-06,2.04
2022-07-07,2.08
2022-07-08,2.09
2022-07-11,2.1
2022-07-12,2.06
2022-07-13,2.02
2022-07-14,2.06
2022-07-15,2.05
2022-07-18,2.06
2022-07-19,2.1
2022-07-20,2.13
2022-07-21,2.13
2022-07-22,2.05
2022-07-25,1.99
2022-07-26,1.99
2022-07-27,2.05
2022-07-28,1.97
2022-07-29,1.81
2022-08-01,1.83
2022-08-02,1.73
2022-08-03,1.72
2022-08-04,1.77
2022-08-05,1.79
2022-08-08,1.84
2022-08-09,1.78
2022-08-10,1.77
2022-08-11,1.8
2022-08-12,1.92
2022-08-15,1.96
2022-08-16,1.92
2022-08-17,1.94
2022-08-18,1.98
2022-08-19,1.98
2022-08-22,2.1
2022-08-23,2.2
2022-08-24,2.32
2022-08-25,2.35
2022-08-26,2.31
2022-08-29,2.38
2022-08-30,2.43
2022-08-31,2.41
2022-09-01,2.5
2022-09-02,2.47
2022-09-05,2.42
2022-09-06,2.41
2022-09-07,2.46
2022-09-08,2.38
2022-09-09,2.42
2022-09-12,2.42
2022-09-13,2.4
2022-09-14,2.45
2022-09-15,2.45
2022-09-16,2.45
2022-09-19,2.49
2022-09-20,2.45
2022-09-21,2.5
2022-09-22,2.47
2022-09-23,2.56
2022-09-27,2.62
2022-09-28,2.63
2022-09-29,2.45
2022-09-30,2.55
2022-10-03,2.53
2022-10-04,2.43
2022-10-05,2.36
2022-10-06,2.4
2022-10-07,2.49
2022-10-10,2.59
2022-10-11,2.63
2022-10-12,2.7
2022-10-13,2.71
2022-10-14,2.66
2022-10-17,2.72
2022-10-18,2.7
2022-10-19,2.72
2022-10-20,2.72
2022-10-21,2.72
2022-10-25,2.64
2022-10-26,2.53
2022-10-27,2.44
2022-10-28,2.36
2022-10-31,2.31
2022-11-01,2.36
2022-11-02,2.39
2022-11-03,2.48
2022-11-04,2.48
2022-11-07,2.45
2022-11-08,2.54
2022-11-09,2.49
2022-11-10,2.37
2022-11-11,2.25
2022-11-14,2.29
2022-11-15,2.29
2022-11-16,2.27
2022-11-17,2.2
2022-11-18,2.27
2022-11-21,2.31
2022-11-22,2.35
2022-11-23,2.44
2022-11-24,2.34
2022-11-25,2.32
2022-11-28,2.25
2022-11-29,2.24
2022-11-30,2.24
2022-12-01,2.21
2022-12-02,2.13
2022-12-05,2.12
2022-12-06,2.13
2022-12-07,2.1
2022-12-08,2.06
2022-12-09,2.06
2022-12-12,2.06
2022-12-13,2.06
2022-12-14,2.05
2022-12-15,2.1
2022-12-16,2.12
2022-12-19,2.12
2022-12-20,2.19
2022-12-21,2.19
2022-12-22,2.19
2022-12-23,2.19
2022-12-28,2.29
2022-12-29,2.3
2022-12-30,2.38
2023-01-04,2.34
2023-01-05,2.3
2023-01-06,2.3
2023-01-09,2.22
2023-01-10,2.22
2023-01-11,2.22
2023-01-12,2.14
2023-01-13,2.13
2023-01-16,2.14
2023-01-17,2.13
2023-01-18,2.13
2023-01-19,2.11
2023-01-20,2.1
2023-01-23,2.1
2023-01-24,2.15
2023-01-25,2.1
2023-01-26,2.08
2023-01-27,2.07
2023-01-30,2.07
2023-01-31,2.1
2023-02-01,2.09
2023-02-02,2.07
2023-02-03,1.99
2023-02-07,2.13
2023-02-08,2.15
2023-02-09,2.19
2023-02-10,2.22
2023-02-13,2.36
2023-02-14,2.38
2023-02-15,2.41
2023-02-16,2.4
2023-02-17,2.39
2023-02-20,2.38
2023-02-21,2.4
2023-02-22,2.51
2023-02-23,2.63
2023-02-24,2.63
2023-02-27,2.69
2023-02-28,2.62
2023-03-01,2.59
2023-03-02,2.62
2023-03-03,2.67
2023-03-06,2.63
2023-03-07,2.64
2023-03-08,2.62
2023-03-09,2.59
2023-03-10,2.52
2023-03-13,2.42
2023-03-14,2.27
2023-03-15,2.33
2023-03-16,2.24
2023-03-17,2.4
2023-03-20,2.31
2023-03-21,2.26
2023-03-22,2.34
2023-03-23,2.29
2023-03-24,2.26
2023-03-27,2.21
2023-03-28,2.28
2023-03-29,2.28
2023-03-30,2.28
2023-03-31,2.31
2023-04-03,2.27
2023-04-04,2.23
2023-04-05,2.21
2023-04-06,2.15
2023-04-11,2.16
2023-04-12,2.18
2023-04-13,2.18
2023-04-14,2.18
2023-04-17,2.2
2023-04-18,2.31
2023-04-19,2.36
2023-04-20,2.33
2023-04-21,2.27
2023-04-24,2.27
2023-04-26,2.18
2023-04-27,2.18
2023-04-28,2.22
2023-05-01,2.17
2023-05-02,2.22
2023-05-03,2.2
2023-05-04,2.18
2023-05-05,2.24
2023-05-08,2.29
2023-05-09,2.36
2023-05-10,2.35
2023-05-11,2.38
2023-05-12,2.29
2023-05-15,2.31
2023-05-16,2.36
2023-05-17,2.38
2023-05-18,2.41
2023-05-19,2.52
2023-05-22,2.5
2023-05-23,2.52
2023-05-24,2.38
2023-05-25,2.48
2023-05-26,2.52
2023-05-29,2.5
2023-05-30,2.44
2023-05-31,2.39
2023-06-01,2.45
2023-06-02,2.46
2023-06-06,2.51
2023-06-07,2.52
2023-06-08,2.61
2023-06-09,2.59
2023-06-12,2.58
2023-06-13,2.57
2023-06-14,2.59
2023-06-15,2.58
2023-06-16,2.51
2023-06-19,2.51
2023-06-20,2.51
2023-06-21,2.47
2023-06-22,2.46
2023-06-23,2.48
2023-06-26,2.44
2023-06-27,2.46
2023-06-28,2.47
2023-06-29,2.49
2023-06-30,2.62
2023-07-03,2.62
2023-07-04,2.64
2023-07-05,2.67
2023-07-06,2.7
2023-07-07,2.83
2023-07-10,2.84
2023-07-11,2.83
2023-07-12,2.8
2023-07-13,2.72
2023-07-17,2.63
2023-07-18,2.59
2023-07-19,2.55
2023-07-20,2.58
2023-07-21,2.67
2023-07-24,2.68
2023-07-25,2.67
2023-07-26,2.66
2023-07-27,2.64
2023-07-28,2.73
2023-07-31,2.67
2023-08-01,2.67
2023-08-02,2.71
2023-08-03,2.75
2023-08-04,2.83
2023-08-07,2.77
2023-08-08,2.77
2023-08-09,2.77
2023-08-10,2.77
2023-08-11,2.81
2023-08-14,2.86
2023-08-15,2.9
2023-08-16,2.91
2023-08-17,2.97
2023-08-18,3.0
2023-08-21,3.02
2023-08-22,3.09
2023-08-23,3.01
2023-08-24,2.94
2023-08-25,2.92
2023-08-28,2.91
2023-08-29,2.88
2023-08-30,2.84
2023-08-31,2.83
2023-09-01,2.81
2023-09-04,2.86
2023-09-05,2.9
2023-09-06,2.92
2023-09-07,2.96
2023-09-08,2.96
2023-09-11,3.05
2023-09-12,3.05
2023-09-13,3.05
2023-09-14,2.98
2023-09-15,2.98
2023-09-18,3.0
2023-09-19,2.97
2023-09-20,3.01
2023-09-21,3.07
2023-09-22,3.06
2023-09-25,3.04
2023-09-26,3.09
2023-09-27,3.11
2023-09-28,3.14
2023-09-29,3.16
2023-10-02,3.16
2023-10-03,3.24
2023-10-04,3.37
2023-10-05,3.39
2023-10-06,3.42
2023-10-09,3.39
2023-10-10,3.35
2023-10-11,3.33
2023-10-12,3.31
2023-10-13,3.37
2023-10-16,3.32
2023-10-17,3.31
2023-10-18,3.35
2023-10-19,3.42
2023-10-20,3.38
2023-10-24,3.38
2023-10-25,3.31
2023-10-26,3.35
2023-10-27,3.36
2023-10-30,3.36
2023-10-31,3.36
2023-11-01,3.36
2023-11-02,3.19
2023-11-03,3.2
2023-11-06,3.16
2023-11-07,3.18
2023-11-08,3.09
2023-11-09,3.07
2023-11-10,3.11
2023-11-13,3.11
2023-11-14,3.09
2023-11-15,2.94
2023-11-16,2.96
2023-11-17,2.91
2023-11-20,2.91
2023-11-21,2.93
2023-11-22,2.91
2023-11-23,2.94
2023-11-24,2.99
2023-11-27,2.99
2023-11-28,2.96
2023-11-29,2.95
2023-11-30,2.94
2023-12-01,3.02
2023-12-04,2.98
2023-12-05,2.99
2023-12-06,2.94
2023-12-07,2.92
2023-12-08,2.96
2023-12-11,3.01
2023-12-12,3.03
2023-12-13,3.0
2023-12-14,2.79
2023-12-15,2.77
2023-12-18,2.72
2023-12-19,2.71
2023-12-20,2.65
2023-12-21,2.57
2023-12-22,2.61
2023-12-27,2.6
2023-12-28,2.53
2023-12-29,2.53
2024-01-03,2.64
2024-01-04,2.67
2024-01-05,2.73
2024-01-08,2.76
2024-01-09,2.77
2024-01-10,2.82
2024-01-11,2.85
2024-01-12,2.79
2024-01-15,2.79
2024-01-16,2.85
2024-01-17,2.92
2024-01-18,2.97
2024-01-19,3.01
2024-01-22,3.01
2024-01-23,2.96
2024-01-24,3.04
2024-01-25,3.06
2024-01-26,3.02
2024-01-29,3.02
2024-01-30,2.96
2024-01-31,2.91
2024-02-01,2.88
2024-02-02,2.84
2024-02-05,2.94
2024-02-07,3.02
2024-02-08,3.06
2024-02-09,3.05
2024-02-12,3.11
2024-02-13,3.05
2024-02-14,3.12
2024-02-15,2.97
2024-02-16,2.98
2024-02-19,2.98
2024-02-20,2.98
2024-02-21,2.95
2024-02-22,2.96
2024-02-23,2.97
2024-02-26,2.95
2024-02-27,2.95
2024-02-28,2.87
2024-02-29,2.89
2024-03-01,2.89
2024-03-04,2.88
2024-03-05,2.9
2024-03-06,2.87
2024-03-07,2.84
2024-03-08,2.85
2024-03-11,2.8
2024-03-12,2.8
2024-03-13,2.82
2024-03-14,2.83
2024-03-15,2.87
2024-03-18,2.87
2024-03-19,2.87
2024-03-20,2.82
2024-03-21,2.77
2024-03-22,2.77
2024-03-25,2.75
2024-03-26,2.81
2024-03-27,2.81
2024-03-28,2.78
2024-04-02,2.85
2024-04-03,2.84
2024-04-04,2.85
2024-04-05,2.85
2024-04-08,2.92
2024-04-09,2.92
2024-04-10,2.86
2024-04-11,2.96
2024-04-12,3.0
2024-04-15,2.94
2024-04-16,3.0
2024-04-17,3.03
2024-04-18,3.02
2024-04-19,2.98
2024-04-22,3.02
2024-04-23,2.99
2024-04-24,3.01
2024-04-26,3.04
2024-04-29,3.03
2024-04-30,2.98
2024-05-01,2.98
2024-05-02,2.96
2024-05-03,2.92
2024-05-06,2.87
2024-05-07,2.82
2024-05-08,2.76
2024-05-09,2.81
2024-05-10,2.79
2024-05-13,2.79
2024-05-14,2.77
2024-05-15,2.75
2024-05-16,2.71
2024-05-17,2.73
2024-05-20,2.74
2024-05-21,2.75
2024-05-22,2.8
2024-05-23,2.84
2024-05-24,2.87
2024-05-27,2.85
2024-05-28,2.85
2024-05-29,2.9
2024-05-30,2.88
2024-05-31,2.82
2024-06-04,2.76
2024-06-05,2.72
2024-06-06,2.69
2024-06-07,2.69
2024-06-10,2.75
2024-06-11,2.77
2024-06-12,2.77
2024-06-13,2.71
2024-06-14,2.71
2024-06-17,2.71
2024-06-18,2.72
2024-06-19,2.69
2024-06-20,2.72
2024-06-21,2.77
2024-06-24,2.73
2024-06-25,2.71
2024-06-26,2.76
2024-06-27,2.81
2024-07-01,2.84
2024-07-02,2.89
2024-07-03,2.9
2024-07-04,2.86
2024-07-05,2.88
2024-07-08,2.87
2024-07-09,2.87
2024-07-10,2.83
2024-07-11,2.84
2024-07-12,2.81
2024-07-15,2.79
2024-07-16,2.72
2024-07-17,2.72
2024-07-18,2.68
2024-07-19,2.69
2024-07-22,2.72
2024-07-23,2.71
2024-07-24,2.72
2024-07-25,2.72
2024-07-26,2.73
2024-07-29,2.74
2024-07-30,2.75
2024-07-31,2.7
2024-08-01,2.66
2024-08-02,2.6
2024-08-05,2.53
2024-08-06,2.61
2024-08-07,2.73
2024-08-08,2.77
2024-08-09,2.76
2024-08-12,2.77
2024-08-13,2.73
2024-08-14,2.64
2024-08-15,2.59
2024-08-16,2.61
2024-08-19,2.64
2024-08-20,2.66
2024-08-21,2.64
2024-08-22,2.64
2024-08-23,2.65
2024-08-26,2.65
2024-08-27,2.65
2024-08-28,2.7
2024-08-29,2.73
2024-08-30,2.74
2024-09-02,2.78
2024-09-03,2.78
2024-09-04,2.71
2024-09-05,2.71
2024-09-06,2.67
2024-09-09,2.7
2024-09-10,2.7
2024-09-11,2.7
2024-09-12,2.7
2024-09-13,2.65
2024-09-16,2.63
2024-09-17,2.63
2024-09-18,2.65
2024-09-19,2.65
2024-09-20,2.66
2024-09-23,2.66
2024-09-24,2.69
2024-09-25,2.67
2024-09-26,2.68
2024-09-27,2.68
2024-09-30,2.73
2024-10-01,2.73
2024-10-02,2.69
2024-10-03,2.74
2024-10-04,2.77
2024-10-07,2.8
2024-10-08,2.83
2024-10-09,2.85
2024-10-10,2.92
2024-10-11,2.94
2024-10-14,3.0
2024-10-15,2.99
2024-10-16,2.98
2024-10-17,2.94
2024-10-18,2.95
2024-10-21,2.94
2024-10-22,2.97
2024-10-23,2.97
2024-10-24,2.96
2024-10-25,2.92
2024-10-29,2.94
2024-10-30,2.92
2024-10-31,2.96
2024-11-01,2.95
2024-11-04,2.9
2024-11-05,2.95
2024-11-06,2.97
2024-11-07,3.01
2024-11-08,3.0
2024-11-11,3.03
2024-11-12,3.03
2024-11-13,3.1
2024-11-14,3.14
2024-11-15,3.1
2024-11-18,3.1
2024-11-19,3.07
2024-11-20,3.05
2024-11-21,3.04
2024-11-22,2.99
2024-11-25,2.9
2024-11-26,2.84
2024-11-27,2.84
2024-11-28,2.81
2024-11-29,2.81
2024-12-02,2.81
2024-12-03,2.81
2024-12-04,2.81
2024-12-05,2.83
2024-12-06,2.86
2024-12-09,2.86
2024-12-10,2.87
2024-12-11,2.85
2024-12-12,2.86
2024-12-13,2.9
2024-12-16,2.9
2024-12-17,2.94
2024-12-18,2.94
2024-12-19,2.96
2024-12-20,3.01
2024-12-23,3.0
2024-12-24,2.99
2024-12-27,2.96
2024-12-30,3.01
2024-12-31,2.94
2025-01-03,2.96
2025-01-06,2.98
2025-01-07,2.99
2025-01-08,3.04
2025-01-09,3.06
2025-01-10,3.08
2025-01-13,3.13
2025-01-14,3.21
2025-01-15,3.23
2025-01-16,3.15
2025-01-17,3.11
2025-01-20,3.11
2025-01-21,3.06
2025-01-22,3.06
2025-01-23,3.04
2025-01-24,3.04
2025-01-27,3.04
2025-01-28,2.98
2025-01-29,2.99
2025-01-30,3.01
2025-01-31,2.98
2025-02-03,2.96
2025-02-04,2.97
2025-02-05,2.95
2025-02-07,3.0
2025-02-10,3.06
2025-02-11,3.07
2025-02-12,3.13
2025-02-13,3.14
2025-02-14,3.11
2025-02-17,3.12
2025-02-18,3.12
2025-02-19,3.15
2025-02-20,3.13
2025-02-21,3.13
2025-02-24,3.09
2025-02-25,3.1
2025-02-26,3.08
2025-02-27,3.06
2025-02-28,2.98
2025-03-03,2.99
2025-03-04,2.96
2025-03-05,3.05
2025-03-06,3.1
2025-03-07,3.03
2025-03-10,3.04
2025-03-11,3.01
2025-03-12,3.06
2025-03-13,3.02
2025-03-14,3.02
2025-03-17,3.04
2025-03-18,3.05
2025-03-19,3.06
2025-03-20,3.04
2025-03-21,3.04
2025-03-24,3.04
2025-03-25,3.06
2025-03-26,3.07
2025-03-27,3.05
2025-03-28,3.04
2025-03-31,2.99
2025-04-01,2.99
2025-04-02,2.95
2025-04-03,2.86
2025-04-04,2.86
2025-04-07,2.9
2025-04-08,3.06
2025-04-09,3.32
2025-04-10,3.25
2025-04-11,3.32
2025-04-14,3.28
2025-04-15,3.14
2025-04-16,3.18
2025-04-17,3.09
2025-04-22,3.1
2025-04-23,3.11
2025-04-24,3.09
2025-04-28,3.02
2025-04-29,3.02
2025-04-30,2.96
2025-05-01,3.01
2025-05-02,3.02
2025-05-05,3.05
2025-05-06,3.09
2025-05-07,3.06
2025-05-08,3.02
2025-05-09,3.04
2025-05-12,3.04
2025-05-13,3.09
2025-05-14,3.11
2025-05-15,3.11
2025-05-16,3.06
2025-05-19,3.13
2025-05-20,3.11
2025-05-21,3.11
2025-05-22,3.2
2025-05-23,3.2
2025-05-26,3.19
2025-05-27,3.17
2025-05-28,3.23
2025-05-29,3.27
2025-05-30,3.25
2025-06-03,3.27
2025-06-04,3.22
2025-06-05,3.21
2025-06-06,3.24
2025-06-09,3.25
2025-06-10,3.23
2025-06-11,3.23
2025-06-12,3.2
2025-06-13,3.21
2025-06-16,3.28
2025-06-17,3.28
2025-06-18,3.28
2025-06-19,3.26
2025-06-23,3.22
2025-06-24,3.17
2025-06-25,3.12
2025-06-26,3.09
2025-06-27,3.09
2025-06-30,3.11
2025-07-01,3.05
2025-07-02,3.06
2025-07-03,3.08
2025-07-04,3.09
2025-07-07,3.09
2025-07-08,3.13
2025-07-09,3.17
2025-07-10,3.08
2025-07-11,3.11
2025-07-14,3.14
2025-07-15,3.15
2025-07-16,3.15
2025-07-17,3.12
2025-07-18,3.13
2025-07-21,3.13
2025-07-22,3.11
2025-07-23,3.11
2025-07-24,3.14
2025-07-25,3.11
2025-07-28,3.12
2025-07-29,3.11
2025-07-30,3.11
2025-07-31,3.09
2025-08-01,3.08
2025-08-04,3.03
2025-08-05,3.03
2025-08-06,3.04
2025-08-07,3.07
2025-08-08,3.07
2025-08-11,3.08
2025-08-12,3.07
2025-08-13,3.07
2025-08-14,3.03
2025-08-15,3.04
2025-08-18,3.05
2025-08-19,3.09
2025-08-20,3.05
2025-08-21,3.01
2025-08-22,3.05
2025-08-25,3.02
2025-08-26,3.07
2025-08-27,3.06
2025-08-28,3.0
2025-08-29,2.95
2025-09-01,2.99
2025-09-02,3.04
2025-09-03,3.09
2025-09-04,3.05
2025-09-05,3.05
2025-09-08,3.03
2025-09-09,2.95
2025-09-10,2.96
2025-09-11,2.93
2025-09-12,2.91
2025-09-15,2.93
2025-09-16,2.88
2025-09-17,2.87
2025-09-18,2.85
2025-09-19,2.85
2025-09-22,2.85
2025-09-23,2.84
2025-09-24,2.85
2025-09-25,2.86
2025-09-26,2.86
2025-09-29,2.83
2025-09-30,2.81
2025-10-01,2.84
2025-10-02,2.83
2025-10-03,2.85
2025-10-06,2.87
2025-10-07,2.87
2025-10-08,2.84
2025-10-09,2.8
2025-10-10,2.82
2025-10-13,2.77
2025-10-14,2.75
2025-10-15,2.68
2025-10-16,2.68
2025-10-17,2.64
2025-10-20,2.67
2025-10-21,2.65
2025-10-22,2.66
2025-10-23,2.66
2025-10-24,2.68
2025-10-28,2.68
2025-10-29,2.68
2025-10-30,2.67
2025-10-31,2.61
2025-11-03,2.64
2025-11-04,2.65
2025-11-05,2.64
2025-11-06,2.68
2025-11-07,2.64
2025-11-10,2.64
2025-11-11,2.64
2025-11-12,2.62
2025-11-13,2.64
2025-11-14,2.65
2025-11-17,2.66
2025-11-18,2.68
2025-11-19,2.66
2025-11-20,2.67
2025-11-21,2.67
2025-11-24,2.71
2025-11-25,2.7
2025-11-26,2.72
2025-11-27,2.76
2025-11-28,2.79
2025-12-01,2.8
2025-12-02,2.82
2025-12-03,2.78
2025-12-04,2.76
2025-12-05,2.79
2025-12-08,2.83
2025-12-09,2.92
2025-12-10,2.98
2025-12-11,2.98
2025-12-12,2.99
2025-12-15,2.95
2025-12-16,2.9
2025-12-17,2.93
2025-12-18,2.93
2025-12-19,2.89
2025-12-22,2.95
2025-12-23,2.95
2025-12-24,2.96
2025-12-29,2.95
2025-12-30,2.9
2025-12-31,2.89
2026-01-05,2.91
2026-01-06,2.91
2026-01-07,2.91
2026-01-08,2.84
2026-01-09,2.84
2026-01-12,2.85
2026-01-13,2.86
2026-01-14,2.86
2026-01-15,2.86
2026-01-16,2.87
2026-01-19,2.87
2026-01-20,2.88
2026-01-21,2.93
2026-01-22,2.92
2026-01-23,2.93
2026-01-26,2.94
2026-01-27,2.92
2026-01-28,2.95
2026-01-29,2.93
2026-01-30,2.88
2026-02-02,2.9
2026-02-03,2.9
2026-02-04,2.88
2026-02-05,2.85
2026-02-09,2.87
2026-02-10,2.88
2026-02-11,2.85
2026-02-12,2.85
2026-02-13,2.82
2026-02-16,2.82
2026-02-17,2.82
2026-02-18,2.78
2026-02-19,2.79
2026-02-20,2.75
2026-02-23,2.77
2026-02-24,2.77
2026-02-25,2.78
2026-02-26,2.76
2026-02-27,2.74
2026-03-02,2.72
2026-03-03,2.73
2026-03-04,2.73
2026-03-05,2.76
2026-03-06,2.77
2026-03-09,2.8
2026-03-10,2.8
2026-03-11,2.82
2026-03-12,2.9
2026-03-13,2.92
2026-03-16,2.96
2026-03-17,2.88
2026-03-18,2.85
2026-03-19,2.82
2026-03-20,2.84
2026-03-23,2.91
2026-03-24,2.87
2026-03-25,2.84
2026-03-26,2.82
2026-03-27,2.82
2026-03-30,2.84
2026-03-31,2.85
2026-04-01,2.8
2026-04-02,2.81
2026-04-07,2.82
2026-04-08,2.78
2026-04-09,2.8
2026-04-10,2.79
2026-04-13,2.82
2026-04-14,2.8
2026-04-15,2.77
2026-04-16,2.82
2026-04-17,2.87
2026-04-20,2.82
2026-04-21,2.8
2026-04-22,2.83
2026-04-23,2.84
2026-04-24,2.84
2026-04-28,2.84
2026-04-29,2.85
2026-04-30,2.87
2026-05-01,2.8
2026-05-04,2.79
2026-05-05,2.79
2026-05-06,2.78
2026-05-07,2.72
2026-05-08,2.77
2026-05-11,2.77
2026-05-12,2.79
2026-05-13,2.86
2026-05-14,2.86
2026-05-15,2.86
2026-05-18,2.9
2026-05-19,2.85
2026-05-20,2.86
2026-05-21,2.81
2026-05-22,2.79
2026-05-25,2.78
2026-05-26,2.79
2026-05-27,2.8
2026-05-28,2.84
2026-05-29,2.78
2026-06-02,2.81
2026-06-03,2.83
2026-06-04,2.84
2026-06-05,2.81
2026-06-08,2.86
2026-06-09,2.84
2026-06-10,2.85
2026-06-11,2.82
2026-06-12,2.75
2026-06-15,2.73
2026-06-16,2.75
2026-06-17,2.71
2026-06-18,2.74
2026-06-19,2.74
2026-06-22,2.75
2026-06-23,2.74
2026-06-24,2.74
2026-06-25,2.72
2026-06-26,2.75
2026-06-29,2.79
2026-06-30,2.81
2026-07-01,2.81
2026-07-02,2.82
2026-07-03,2.84
2026-07-06,2.84
2026-07-07,2.83
2026-07-08,2.86
2026-07-09,2.95
2026-07-13,2.94
2026-07-14,2.98
2026-07-15,2.96
2026-07-16,2.93
2026-07-17,2.96
2026-07-20,2.96
2026-07-21,2.96
2026-07-22,2.95
2026-07-23,2.95
2026-07-24,2.97
2026-07-27,2.94
2026-07-28,2.95
2026-07-29,2.93
2026-07-30,2.98
2026-07-31,2.96
2026-08-03,3.0
2026-08-04,3.0
2026-08-05,2.93
2026-08-06,2.95
2026-08-07,2.98
2026-08-10,2.98
2026-08-11,2.98
2026-08-12,2.99
2026-08-13,2.96
2026-08-14,2.96
2026-08-17,2.97
2026-08-18,2.99
2026-08-19,2.98
2026-08-20,2.96
2026-08-21,2.99
2026-08-24,2.98
2026-08-25,2.98
2026-08-26,2.96
2026-08-27,2.98
2026-08-28,2.98
2026-08-31,2.97
2026-09-01,2.99
2026-09-02,2.96
2026-09-03,2.95
2026-09-04,2.95
2026-09-07,2.94
2026-09-08,2.93
2026-09-09,2.95
2026-09-10,3.0
