# QUALITY=PROXY_THIN_MARKET | Indexed AGS (RBA; thin linker market) | generated by real_yields_g8.py
DATE,NOM10,REAL10,BE10
20141120,3.309,0.96,2.349
20141121,3.298,0.949,2.349
20141124,3.288,0.935,2.353
20141125,3.234,0.849,2.385
20141126,3.166,0.787,2.379
20141127,3.145,0.776,2.369
20141128,3.066,0.722,2.344
20141201,3.036,0.709,2.327
20141202,3.151,0.811,2.34
20141203,3.143,0.826,2.317
20141204,3.113,0.799,2.314
20141205,3.084,0.785,2.299
20141208,3.131,0.822,2.309
20141209,3.073,0.781,2.292
20141210,2.972,0.687,2.285
20141211,2.902,0.64,2.262
20141212,2.938,0.669,2.269
20141215,2.932,0.678,2.254
20141216,2.902,0.682,2.22
20141217,2.821,0.625,2.196
20141218,2.89,0.669,2.221
20141219,2.983,0.745,2.238
20141222,2.9,0.647,2.253
20141223,2.876,0.611,2.265
20150102,2.846,0.576,2.27
20150105,2.735,0.482,2.253
20150106,2.689,0.474,2.215
20150107,2.66,0.475,2.185
20150108,2.711,0.527,2.184
20150109,2.702,0.499,2.203
20150112,2.673,0.448,2.225
20150113,2.595,0.381,2.214
20150114,2.552,0.319,2.233
20150115,2.658,0.382,2.276
20150116,2.543,0.326,2.217
20150119,2.616,0.379,2.237
20150120,2.65,0.412,2.238
20150121,2.581,0.396,2.185
20150122,2.586,0.427,2.159
20150123,2.619,0.447,2.172
20150127,2.549,0.381,2.168
20150128,2.589,0.418,2.171
20150129,2.468,0.345,2.123
20150130,2.427,0.356,2.071
20150202,2.429,0.354,2.075
20150203,2.266,0.188,2.078
20150204,2.452,0.313,2.139
20150205,2.387,0.286,2.101
20150206,2.438,0.303,2.135
20150209,2.532,0.369,2.163
20150210,2.537,0.337,2.2
20150211,2.574,0.374,2.2
20150212,2.52,0.34,2.18
20150213,2.488,0.303,2.185
20150216,2.541,0.331,2.21
20150217,2.514,0.273,2.241
20150218,2.588,0.311,2.277
20150219,2.532,0.26,2.272
20150220,2.554,0.259,2.295
20150223,2.568,0.248,2.32
20150224,2.531,0.215,2.316
20150225,2.484,0.18,2.304
20150226,2.407,0.115,2.292
20150227,2.447,0.138,2.309
20150302,2.483,0.168,2.315
20150303,2.538,0.228,2.31
20150304,2.625,0.311,2.314
20150305,2.614,0.301,2.313
20150306,2.626,0.311,2.315
20150309,2.726,0.394,2.332
20150310,2.665,0.377,2.288
20150311,2.58,0.317,2.263
20150312,2.504,0.255,2.249
20150313,2.543,0.299,2.244
20150316,2.471,0.25,2.221
20150317,2.463,0.258,2.205
20150318,2.445,0.246,2.199
20150319,2.341,0.136,2.205
20150320,2.376,0.145,2.231
20150323,2.381,0.153,2.228
20150324,2.365,0.137,2.228
20150325,2.317,0.091,2.226
20150326,2.321,0.087,2.234
20150327,2.4,0.152,2.248
20150331,2.313,0.07,2.243
20150401,2.327,0.086,2.241
20150402,2.292,0.054,2.238
20150407,2.345,0.106,2.239
20150408,2.326,0.089,2.237
20150409,2.343,0.115,2.228
20150410,2.363,0.133,2.23
20150413,2.338,0.121,2.217
20150414,2.303,0.084,2.219
20150415,2.279,0.073,2.206
20150416,2.365,0.129,2.236
20150417,2.349,0.11,2.239
20150420,2.394,0.142,2.252
20150421,2.39,0.137,2.253
20150422,2.435,0.14,2.295
20150423,2.52,0.213,2.307
20150424,2.53,0.22,2.31
20150427,2.5,0.193,2.307
20150429,2.594,0.296,2.298
20150430,2.647,0.359,2.288
20150501,2.681,0.38,2.301
20150504,2.691,0.376,2.315
20150505,2.794,0.456,2.338
20150506,2.924,0.576,2.348
20150507,2.989,0.637,2.352
20150508,2.843,0.501,2.342
20150511,2.856,0.518,2.338
20150512,3.045,0.706,2.339
20150513,2.956,0.615,2.341
20150514,2.999,0.662,2.337
20150515,2.899,0.572,2.327
20150518,2.872,0.546,2.326
20150519,2.947,0.612,2.335
20150520,2.972,0.64,2.332
20150521,2.945,0.602,2.343
20150522,2.92,0.584,2.336
20150525,2.916,0.579,2.337
20150526,2.921,0.59,2.331
20150527,2.841,0.525,2.316
20150528,2.783,0.498,2.285
20150529,2.734,0.449,2.285
20150601,2.714,0.424,2.29
20150602,2.748,0.442,2.306
20150603,2.899,0.57,2.329
20150604,3.045,0.696,2.349
20150605,3.045,0.7,2.345
20150609,2.974,0.621,2.353
20150610,3.058,0.696,2.362
20150611,3.159,0.78,2.379
20150612,3.024,0.666,2.358
20150615,3.018,0.66,2.358
20150616,3.016,0.656,2.36
20150617,3.002,0.653,2.349
20150618,2.86,0.538,2.322
20150619,2.893,0.582,2.311
20150622,2.962,0.642,2.32
20150623,3.074,0.724,2.35
20150624,3.059,0.703,2.356
20150625,3.07,0.719,2.351
20150626,3.067,0.715,2.352
20150629,2.966,0.639,2.327
20150630,3.02,0.695,2.325
20150701,3.024,0.698,2.326
20150702,3.122,0.764,2.358
20150703,3.082,0.716,2.366
20150706,2.945,0.597,2.348
20150707,2.918,0.571,2.347
20150708,2.761,0.436,2.325
20150709,2.822,0.499,2.323
20150710,2.956,0.612,2.344
20150713,3.012,0.661,2.351
20150714,3.037,0.676,2.361
20150715,3.049,0.683,2.366
20150716,2.99,0.631,2.359
20150717,2.966,0.608,2.358
20150720,2.937,0.586,2.351
20150721,2.952,0.606,2.346
20150722,2.913,0.588,2.325
20150723,2.875,0.557,2.318
20150724,2.835,0.532,2.303
20150727,2.771,0.498,2.273
20150728,2.78,0.535,2.245
20150729,2.814,0.57,2.244
20150730,2.863,0.597,2.266
20150731,2.779,0.511,2.268
20150804,2.755,0.493,2.262
20150805,2.825,0.567,2.258
20150806,2.845,0.59,2.255
20150807,2.865,0.627,2.238
20150810,2.799,0.564,2.235
20150811,2.799,0.541,2.258
20150812,2.686,0.445,2.241
20150813,2.76,0.508,2.252
20150814,2.805,0.547,2.258
20150817,2.803,0.541,2.262
20150818,2.763,0.506,2.257
20150819,2.764,0.496,2.268
20150820,2.69,0.458,2.232
20150821,2.61,0.412,2.198
20150824,2.521,0.348,2.173
20150825,2.618,0.44,2.178
20150826,2.678,0.483,2.195
20150827,2.728,0.528,2.2
20150828,2.754,0.537,2.217
20150831,2.689,0.46,2.229
20150901,2.664,0.435,2.229
20150902,2.716,0.504,2.212
20150903,2.711,0.506,2.205
20150904,2.651,0.451,2.2
20150907,2.687,0.494,2.193
20150908,2.692,0.495,2.197
20150909,2.764,0.553,2.211
20150910,2.736,0.534,2.202
20150911,2.762,0.555,2.207
20150914,2.72,0.518,2.202
20150915,2.706,0.502,2.204
20150916,2.825,0.603,2.222
20150917,2.894,0.656,2.238
20150918,2.799,0.572,2.227
20150921,2.746,0.54,2.206
20150922,2.78,0.597,2.183
20150923,2.697,0.537,2.16
20150924,2.687,0.53,2.157
20150925,2.722,0.576,2.146
20150928,2.717,0.574,2.143
20150929,2.615,0.509,2.106
20150930,2.635,0.488,2.147
20151001,2.65,0.494,2.156
20151002,2.65,0.483,2.167
20151006,2.637,0.454,2.183
20151007,2.663,0.459,2.204
20151008,2.654,0.452,2.202
20151009,2.742,0.512,2.23
20151012,2.742,0.513,2.229
20151013,2.694,0.485,2.209
20151014,2.625,0.42,2.205
20151015,2.594,0.399,2.195
20151016,2.63,0.409,2.221
20151019,2.63,0.416,2.214
20151020,2.651,0.441,2.21
20151021,2.692,0.462,2.23
20151022,2.66,0.438,2.222
20151023,2.645,0.424,2.221
20151026,2.694,0.442,2.252
20151027,2.665,0.42,2.245
20151028,2.609,0.419,2.19
20151029,2.615,0.468,2.147
20151030,2.644,0.505,2.139
20151102,2.654,0.518,2.136
20151103,2.714,0.577,2.137
20151104,2.765,0.614,2.151
20151105,2.818,0.645,2.173
20151106,2.822,0.653,2.169
20151109,2.936,0.74,2.196
20151110,2.922,0.702,2.22
20151111,2.9,0.675,2.225
20151112,2.984,0.727,2.257
20151113,2.99,0.751,2.239
20151116,2.93,0.721,2.209
20151117,2.951,0.715,2.236
20151118,2.926,0.683,2.243
20151119,2.952,0.703,2.249
20151120,2.937,0.683,2.254
20151123,2.972,0.715,2.257
20151124,2.954,0.672,2.282
20151125,2.909,0.62,2.289
20151126,2.859,0.591,2.268
20151127,2.879,0.615,2.264
20151130,2.895,0.621,2.274
20151201,2.876,0.608,2.268
20151202,2.836,0.581,2.255
20151203,2.877,0.627,2.25
20151204,2.987,0.719,2.268
20151207,2.988,0.725,2.263
20151208,2.873,0.643,2.23
20151209,2.856,0.639,2.217
20151210,2.887,0.683,2.204
20151211,2.89,0.697,2.193
20151214,2.856,0.683,2.173
20151215,2.858,0.685,2.173
20151216,2.902,0.714,2.188
20151217,2.88,0.689,2.191
20151218,2.795,0.613,2.182
20151221,2.79,0.607,2.183
20151222,2.768,0.583,2.185
20151223,2.812,0.62,2.192
20151224,2.804,0.602,2.202
20151229,2.726,0.528,2.198
20151230,2.781,0.575,2.206
20151231,2.859,0.644,2.215
20160104,2.794,0.588,2.206
20160105,2.785,0.591,2.194
20160106,2.746,0.561,2.185
20160107,2.694,0.528,2.166
20160108,2.758,0.601,2.157
20160111,2.733,0.609,2.124
20160112,2.769,0.662,2.107
20160113,2.744,0.668,2.076
20160114,2.665,0.615,2.05
20160115,2.677,0.635,2.042
20160118,2.678,0.651,2.027
20160119,2.698,0.672,2.026
20160120,2.643,0.641,2.002
20160121,2.677,0.699,1.978
20160122,2.717,0.749,1.968
20160125,2.721,0.755,1.966
20160127,2.661,0.688,1.973
20160128,2.675,0.672,2.003
20160129,2.62,0.566,2.054
20160201,2.606,0.545,2.061
20160202,2.606,0.536,2.07
20160203,2.507,0.477,2.03
20160204,2.558,0.509,2.049
20160205,2.533,0.492,2.041
20160208,2.571,0.568,2.003
20160209,2.397,0.483,1.914
20160210,2.391,0.507,1.884
20160211,2.361,0.493,1.868
20160212,2.408,0.536,1.872
20160215,2.506,0.604,1.902
20160216,2.512,0.614,1.898
20160217,2.473,0.578,1.895
20160218,2.527,0.622,1.905
20160219,2.418,0.528,1.89
20160222,2.443,0.548,1.895
20160223,2.408,0.5,1.908
20160224,2.389,0.497,1.892
20160225,2.389,0.501,1.888
20160226,2.375,0.486,1.889
20160301,2.344,0.492,1.852
20160302,2.449,0.58,1.869
20160303,2.548,0.679,1.869
20160304,2.543,0.651,1.892
20160307,2.573,0.616,1.957
20160308,2.549,0.569,1.98
20160309,2.547,0.576,1.971
20160310,2.583,0.599,1.984
20160311,2.672,0.666,2.006
20160314,2.685,0.66,2.025
20160315,2.662,0.642,2.02
20160316,2.627,0.631,1.996
20160317,2.548,0.541,2.007
20160318,2.543,0.537,2.006
20160321,2.556,0.538,2.018
20160322,2.595,0.571,2.024
20160323,2.638,0.614,2.024
20160324,2.575,0.562,2.013
20160329,2.569,0.561,2.008
20160330,2.49,0.476,2.014
20160331,2.481,0.488,1.993
20160401,2.522,0.532,1.99
20160404,2.462,0.499,1.963
20160405,2.447,0.516,1.931
20160406,2.429,0.519,1.91
20160407,2.449,0.531,1.918
20160408,2.4,0.494,1.906
20160411,2.405,0.496,1.909
20160412,2.46,0.548,1.912
20160413,2.514,0.58,1.934
20160414,2.52,0.569,1.951
20160415,2.554,0.595,1.959
20160418,2.49,0.542,1.948
20160419,2.556,0.602,1.954
20160420,2.522,0.564,1.958
20160421,2.59,0.619,1.971
20160422,2.63,0.649,1.981
20160426,2.65,0.659,1.991
20160427,2.611,0.721,1.89
20160428,2.516,0.703,1.813
20160429,2.516,0.686,1.83
20160502,2.52,0.695,1.825
20160503,2.464,0.629,1.835
20160504,2.43,0.595,1.835
20160505,2.39,0.572,1.818
20160506,2.291,0.632,1.659
20160509,2.321,0.609,1.712
20160510,2.301,0.545,1.756
20160511,2.302,0.529,1.773
20160512,2.297,0.539,1.758
20160513,2.275,0.514,1.761
20160516,2.233,0.49,1.743
20160517,2.301,0.543,1.758
20160518,2.292,0.542,1.75
20160519,2.352,0.601,1.751
20160520,2.306,0.563,1.743
20160523,2.292,0.557,1.735
20160524,2.281,0.5,1.781
20160525,2.31,0.51,1.8
20160526,2.281,0.474,1.807
20160527,2.261,0.464,1.797
20160530,2.281,0.478,1.803
20160531,2.306,0.499,1.807
20160601,2.297,0.492,1.805
20160602,2.272,0.47,1.802
20160603,2.237,0.437,1.8
20160606,2.162,0.384,1.778
20160607,2.199,0.427,1.772
20160608,2.158,0.399,1.759
20160609,2.099,0.349,1.75
20160610,2.109,0.351,1.758
20160614,2.055,0.343,1.712
20160615,2.074,0.366,1.708
20160616,2.011,0.314,1.697
20160617,2.081,0.381,1.7
20160620,2.147,0.444,1.703
20160621,2.166,0.45,1.716
20160622,2.229,0.48,1.749
20160623,2.259,0.504,1.755
20160624,2.016,0.344,1.672
20160627,2.063,0.405,1.658
20160628,1.996,0.385,1.611
20160629,2.012,0.421,1.591
20160630,1.989,0.41,1.579
20160701,1.961,0.389,1.572
20160704,2.016,0.429,1.587
20160705,1.95,0.354,1.596
20160706,1.872,0.322,1.55
20160707,1.876,0.302,1.574
20160708,1.89,0.31,1.58
20160711,1.91,0.316,1.594
20160712,1.953,0.328,1.625
20160713,1.985,0.359,1.626
20160714,1.967,0.332,1.635
20160715,1.981,0.328,1.653
20160718,2.0,0.342,1.658
20160719,1.93,0.274,1.656
20160720,1.931,0.24,1.691
20160721,1.935,0.242,1.693
20160722,1.916,0.23,1.686
20160725,1.923,0.238,1.685
20160726,1.931,0.243,1.688
20160727,1.963,0.268,1.695
20160728,1.876,0.191,1.685
20160729,1.885,0.19,1.695
20160802,1.83,0.143,1.687
20160803,1.942,0.241,1.701
20160804,1.957,0.246,1.711
20160805,1.883,0.186,1.697
20160808,1.967,0.257,1.71
20160809,1.953,0.253,1.7
20160810,1.882,0.183,1.699
20160811,1.865,0.182,1.683
20160812,1.922,0.234,1.688
20160815,1.887,0.204,1.683
20160816,1.893,0.218,1.675
20160817,1.92,0.255,1.665
20160818,1.885,0.22,1.665
20160819,1.876,0.214,1.662
20160822,1.92,0.259,1.661
20160823,1.864,0.214,1.65
20160824,1.857,0.209,1.648
20160825,1.87,0.222,1.648
20160826,1.869,0.213,1.656
20160829,1.894,0.232,1.662
20160830,1.853,0.195,1.658
20160831,1.838,0.206,1.632
20160901,1.858,0.21,1.648
20160902,1.868,0.215,1.653
20160905,1.908,0.249,1.659
20160906,1.918,0.257,1.661
20160907,1.843,0.194,1.649
20160908,1.878,0.232,1.646
20160909,1.982,0.334,1.648
20160912,2.067,0.425,1.642
20160913,2.079,0.464,1.615
20160914,2.112,0.507,1.605
20160915,2.124,0.51,1.614
20160916,2.122,0.489,1.633
20160919,2.133,0.489,1.644
20160920,2.13,0.486,1.644
20160921,2.145,0.505,1.64
20160922,2.051,0.412,1.639
20160923,2.014,0.348,1.666
20160926,1.988,0.32,1.668
20160927,1.987,0.351,1.636
20160928,1.962,0.338,1.624
20160929,1.988,0.371,1.617
20160930,1.926,0.36,1.566
20161004,2.041,0.406,1.635
20161005,2.098,0.412,1.686
20161006,2.134,0.41,1.724
20161007,2.143,0.416,1.727
20161010,2.158,0.429,1.729
20161011,2.221,0.455,1.766
20161012,2.279,0.514,1.765
20161013,2.218,0.447,1.771
20161014,2.237,0.473,1.764
20161017,2.282,0.509,1.773
20161018,2.306,0.516,1.79
20161019,2.274,0.481,1.793
20161020,2.263,0.415,1.848
20161021,2.261,0.47,1.791
20161024,2.216,0.436,1.78
20161025,2.251,0.475,1.776
20161026,2.244,0.411,1.833
20161027,2.309,0.467,1.842
20161028,2.354,0.515,1.839
20161031,2.325,0.495,1.83
20161101,2.36,0.533,1.827
20161102,2.324,0.504,1.82
20161103,2.279,0.51,1.769
20161104,2.305,0.544,1.761
20161107,2.325,0.573,1.752
20161108,2.329,0.519,1.81
20161109,2.197,0.426,1.771
20161110,2.477,0.604,1.873
20161111,2.542,0.648,1.894
20161114,2.633,0.696,1.937
20161115,2.634,0.706,1.928
20161116,2.619,0.7,1.919
20161117,2.544,0.645,1.899
20161118,2.696,0.776,1.92
20161121,2.661,0.759,1.902
20161122,2.646,0.743,1.903
20161123,2.679,0.772,1.907
20161124,2.728,0.796,1.932
20161125,2.737,0.803,1.934
20161128,2.672,0.76,1.912
20161129,2.68,0.795,1.885
20161130,2.7,0.799,1.901
20161201,2.759,0.823,1.936
20161202,2.839,0.87,1.969
20161205,2.772,0.789,1.983
20161206,2.801,0.802,1.999
20161207,2.776,0.794,1.982
20161208,2.709,0.744,1.965
20161209,2.794,0.797,1.997
20161212,2.836,0.82,2.016
20161213,2.803,0.804,1.999
20161214,2.771,0.789,1.982
20161215,2.847,0.868,1.979
20161216,2.81,0.852,1.958
20161219,2.841,0.901,1.94
20161220,2.826,0.887,1.939
20161221,2.801,0.842,1.959
20161222,2.812,0.843,1.969
20161223,2.851,0.876,1.975
20161228,2.831,0.856,1.975
20161229,2.758,0.781,1.977
20161230,2.743,0.772,1.971
20170103,2.73,0.768,1.962
20170104,2.773,0.806,1.967
20170105,2.723,0.751,1.972
20170106,2.664,0.691,1.973
20170109,2.746,0.753,1.993
20170110,2.697,0.706,1.991
20170111,2.714,0.72,1.994
20170112,2.649,0.653,1.996
20170113,2.675,0.673,2.002
20170116,2.681,0.667,2.014
20170117,2.679,0.658,2.021
20170118,2.666,0.644,2.022
20170119,2.743,0.7,2.043
20170120,2.767,0.716,2.051
20170123,2.743,0.71,2.033
20170124,2.678,0.678,2.0
20170125,2.714,0.777,1.937
20170127,2.764,0.778,1.986
20170130,2.71,0.735,1.975
20170131,2.698,0.73,1.968
20170201,2.719,0.755,1.964
20170202,2.754,0.793,1.961
20170203,2.779,0.827,1.952
20170206,2.75,0.808,1.942
20170207,2.682,0.763,1.919
20170208,2.683,0.772,1.911
20170209,2.628,0.733,1.895
20170210,2.683,0.754,1.929
20170213,2.693,0.773,1.92
20170214,2.727,0.792,1.935
20170215,2.777,0.824,1.953
20170216,2.786,0.814,1.972
20170217,2.794,0.838,1.956
20170220,2.779,0.827,1.952
20170221,2.789,0.836,1.953
20170222,2.824,0.855,1.969
20170223,2.775,0.803,1.972
20170224,2.721,0.773,1.948
20170227,2.702,0.766,1.936
20170228,2.714,0.765,1.949
20170301,2.793,0.821,1.972
20170302,2.778,0.809,1.969
20170303,2.798,0.854,1.944
20170306,2.797,0.856,1.941
20170307,2.811,0.865,1.946
20170308,2.856,0.89,1.966
20170309,2.922,0.945,1.977
20170310,2.97,0.982,1.988
20170313,2.929,0.97,1.959
20170314,2.916,0.948,1.968
20170315,2.912,0.953,1.959
20170316,2.809,0.866,1.943
20170317,2.854,0.896,1.958
20170320,2.815,0.862,1.953
20170321,2.802,0.823,1.979
20170322,2.75,0.793,1.957
20170323,2.738,0.787,1.951
20170324,2.746,0.799,1.947
20170327,2.703,0.755,1.948
20170328,2.693,0.718,1.975
20170329,2.719,0.749,1.97
20170330,2.685,0.732,1.953
20170331,2.691,0.732,1.959
20170403,2.671,0.724,1.947
20170404,2.602,0.676,1.926
20170405,2.603,0.69,1.913
20170406,2.577,0.661,1.916
20170407,2.548,0.629,1.919
20170410,2.573,0.646,1.927
20170411,2.529,0.617,1.912
20170412,2.5,0.597,1.903
20170413,2.473,0.571,1.902
20170418,2.488,0.582,1.906
20170419,2.454,0.556,1.898
20170420,2.504,0.579,1.925
20170421,2.538,0.597,1.941
20170424,2.597,0.629,1.968
20170426,2.632,0.692,1.94
20170427,2.613,0.65,1.963
20170428,2.576,0.609,1.967
20170501,2.576,0.595,1.981
20170502,2.604,0.616,1.988
20170503,2.591,0.607,1.984
20170504,2.646,0.646,2.0
20170505,2.65,0.684,1.966
20170508,2.675,0.715,1.96
20170509,2.686,0.72,1.966
20170510,2.66,0.685,1.975
20170511,2.654,0.676,1.978
20170512,2.635,0.675,1.96
20170515,2.593,0.647,1.946
20170516,2.588,0.632,1.956
20170517,2.534,0.608,1.926
20170518,2.505,0.579,1.926
20170519,2.482,0.55,1.932
20170522,2.497,0.559,1.938
20170523,2.453,0.531,1.922
20170524,2.492,0.557,1.935
20170525,2.447,0.535,1.912
20170526,2.418,0.513,1.905
20170529,2.424,0.516,1.908
20170530,2.402,0.502,1.9
20170531,2.396,0.514,1.882
20170601,2.406,0.545,1.861
20170602,2.422,0.576,1.846
20170605,2.403,0.564,1.839
20170606,2.383,0.546,1.837
20170607,2.395,0.556,1.839
20170608,2.416,0.571,1.845
20170609,2.413,0.563,1.85
20170613,2.412,0.556,1.856
20170614,2.415,0.57,1.845
20170615,2.371,0.577,1.794
20170616,2.419,0.613,1.806
20170619,2.42,0.61,1.81
20170620,2.43,0.614,1.816
20170621,2.404,0.598,1.806
20170622,2.39,0.581,1.809
20170623,2.385,0.575,1.81
20170626,2.389,0.573,1.816
20170627,2.369,0.549,1.82
20170628,2.472,0.638,1.834
20170629,2.52,0.67,1.85
20170630,2.614,0.746,1.868
20170703,2.625,0.768,1.857
20170704,2.581,0.723,1.858
20170705,2.588,0.739,1.849
20170706,2.6,0.752,1.848
20170707,2.69,0.827,1.863
20170710,2.701,0.827,1.874
20170711,2.713,0.828,1.885
20170712,2.684,0.784,1.9
20170713,2.651,0.752,1.899
20170714,2.681,0.783,1.898
20170717,2.697,0.796,1.901
20170718,2.711,0.804,1.907
20170719,2.691,0.791,1.9
20170720,2.706,0.801,1.905
20170721,2.666,0.771,1.895
20170724,2.646,0.753,1.893
20170725,2.659,0.757,1.902
20170726,2.697,0.797,1.9
20170727,2.658,0.769,1.889
20170728,2.653,0.79,1.863
20170731,2.649,0.816,1.833
20170801,2.684,0.868,1.816
20170802,2.677,0.867,1.81
20170803,2.636,0.828,1.808
20170804,2.591,0.807,1.784
20170808,2.598,0.81,1.788
20170809,2.614,0.814,1.8
20170810,2.629,0.81,1.819
20170811,2.561,0.757,1.804
20170814,2.591,0.769,1.822
20170815,2.622,0.79,1.832
20170816,2.637,0.773,1.864
20170817,2.617,0.771,1.846
20170818,2.593,0.784,1.809
20170821,2.615,0.81,1.805
20170823,2.649,0.8,1.849
20170824,2.611,0.741,1.87
20170825,2.621,0.769,1.852
20170828,2.642,0.79,1.852
20170829,2.603,0.77,1.833
20170830,2.658,0.811,1.847
20170831,2.693,0.838,1.855
20170901,2.638,0.792,1.846
20170904,2.605,0.759,1.846
20170905,2.655,0.791,1.864
20170906,2.58,0.746,1.834
20170907,2.62,0.784,1.836
20170908,2.561,0.745,1.816
20170911,2.586,0.771,1.815
20170912,2.623,0.772,1.851
20170913,2.654,0.8,1.854
20170914,2.71,0.85,1.86
20170915,2.725,0.858,1.867
20170918,2.782,0.902,1.88
20170919,2.796,0.916,1.88
20170920,2.811,0.931,1.88
20170921,2.81,0.951,1.859
20170922,2.776,0.943,1.833
20170925,2.784,0.958,1.826
20170926,2.756,0.93,1.826
20170927,2.772,0.936,1.836
20170928,2.844,1.011,1.833
20170929,2.825,0.997,1.828
20171003,2.828,1.001,1.827
20171004,2.793,0.97,1.823
20171005,2.768,0.963,1.805
20171006,2.804,0.998,1.806
20171009,2.809,0.98,1.829
20171010,2.82,0.963,1.857
20171011,2.805,0.939,1.866
20171012,2.79,0.911,1.879
20171013,2.781,0.898,1.883
20171016,2.736,0.869,1.867
20171017,2.752,0.876,1.876
20171018,2.714,0.844,1.87
20171019,2.754,0.887,1.867
20171020,2.769,0.902,1.867
20171023,2.79,0.916,1.874
20171024,2.765,0.864,1.901
20171025,2.75,0.929,1.821
20171026,2.746,0.934,1.812
20171027,2.766,0.966,1.8
20171030,2.723,0.922,1.801
20171031,2.66,0.862,1.798
20171101,2.695,0.861,1.834
20171102,2.647,0.828,1.819
20171103,2.564,0.755,1.809
20171106,2.563,0.737,1.826
20171107,2.578,0.722,1.856
20171108,2.569,0.708,1.861
20171109,2.592,0.736,1.856
20171110,2.607,0.767,1.84
20171113,2.618,0.777,1.841
20171114,2.653,0.817,1.836
20171115,2.583,0.765,1.818
20171116,2.58,0.766,1.814
20171117,2.57,0.747,1.823
20171120,2.541,0.724,1.817
20171121,2.547,0.724,1.823
20171122,2.523,0.709,1.814
20171123,2.507,0.703,1.804
20171124,2.503,0.704,1.799
20171127,2.523,0.699,1.824
20171128,2.494,0.642,1.852
20171129,2.469,0.61,1.859
20171130,2.499,0.632,1.867
20171201,2.535,0.662,1.873
20171204,2.544,0.671,1.873
20171205,2.6,0.746,1.854
20171206,2.509,0.672,1.837
20171207,2.514,0.68,1.834
20171208,2.529,0.688,1.841
20171211,2.56,0.718,1.842
20171212,2.523,0.677,1.846
20171213,2.526,0.662,1.864
20171214,2.56,0.699,1.861
20171215,2.528,0.67,1.858
20171218,2.534,0.666,1.868
20171219,2.58,0.706,1.874
20171220,2.641,0.75,1.891
20171221,2.671,0.786,1.885
20171222,2.716,0.833,1.883
20171227,2.697,0.795,1.902
20171228,2.672,0.78,1.892
20171229,2.637,0.744,1.893
20180102,2.662,0.733,1.929
20180103,2.69,0.741,1.949
20180104,2.655,0.708,1.947
20180105,2.615,0.66,1.955
20180108,2.625,0.67,1.955
20180109,2.649,0.695,1.954
20180110,2.694,0.749,1.945
20180111,2.708,0.775,1.933
20180112,2.728,0.795,1.933
20180115,2.745,0.811,1.934
20180116,2.75,0.808,1.942
20180117,2.765,0.826,1.939
20180118,2.791,0.831,1.96
20180119,2.844,0.858,1.986
20180122,2.841,0.851,1.99
20180123,2.812,0.821,1.991
20180124,2.809,0.822,1.987
20180125,2.829,0.842,1.987
20180129,2.836,0.848,1.988
20180130,2.846,0.871,1.975
20180131,2.798,0.841,1.957
20180201,2.789,0.831,1.958
20180202,2.815,0.864,1.951
20180205,2.922,0.969,1.953
20180206,2.808,0.892,1.916
20180207,2.828,0.873,1.955
20180208,2.875,0.889,1.986
20180209,2.846,0.899,1.947
20180212,2.896,0.935,1.961
20180213,2.862,0.881,1.981
20180214,2.837,0.86,1.977
20180215,2.907,0.875,2.032
20180216,2.912,0.871,2.041
20180219,2.873,0.85,2.023
20180220,2.888,0.866,2.022
20180221,2.849,0.833,2.016
20180222,2.861,0.856,2.005
20180223,2.834,0.856,1.978
20180226,2.764,0.793,1.971
20180227,2.744,0.785,1.959
20180228,2.796,0.835,1.961
20180301,2.74,0.779,1.961
20180302,2.722,0.739,1.983
20180305,2.732,0.748,1.984
20180306,2.806,0.824,1.982
20180307,2.782,0.794,1.988
20180308,2.792,0.805,1.987
20180309,2.772,0.809,1.963
20180312,2.809,0.846,1.963
20180313,2.797,0.84,1.957
20180314,2.733,0.789,1.944
20180315,2.699,0.724,1.975
20180316,2.684,0.706,1.978
20180319,2.697,0.728,1.969
20180320,2.692,0.728,1.964
20180321,2.692,0.733,1.959
20180322,2.696,0.751,1.945
20180323,2.644,0.715,1.929
20180326,2.658,0.724,1.934
20180327,2.65,0.7,1.95
20180328,2.585,0.641,1.944
20180329,2.598,0.664,1.934
20180403,2.602,0.667,1.935
20180404,2.629,0.686,1.943
20180405,2.66,0.722,1.938
20180406,2.652,0.725,1.927
20180409,2.669,0.75,1.919
20180410,2.699,0.766,1.933
20180411,2.675,0.72,1.955
20180412,2.66,0.705,1.955
20180413,2.731,0.77,1.961
20180416,2.742,0.785,1.957
20180417,2.761,0.815,1.946
20180418,2.746,0.803,1.943
20180419,2.78,0.838,1.942
20180420,2.804,0.852,1.952
20180423,2.863,0.89,1.973
20180424,2.836,0.872,1.964
20180426,2.86,0.883,1.977
20180427,2.821,0.842,1.979
20180430,2.767,0.809,1.958
20180501,2.754,0.796,1.958
20180502,2.794,0.836,1.958
20180503,2.807,0.851,1.956
20180504,2.769,0.83,1.939
20180507,2.754,0.822,1.932
20180508,2.739,0.796,1.943
20180509,2.778,0.822,1.956
20180510,2.773,0.794,1.979
20180511,2.779,0.803,1.976
20180514,2.769,0.792,1.977
20180515,2.826,0.857,1.969
20180516,2.881,0.913,1.968
20180517,2.922,0.964,1.958
20180518,2.902,0.954,1.948
20180521,2.886,0.946,1.94
20180522,2.862,0.907,1.955
20180523,2.838,0.889,1.949
20180524,2.804,0.858,1.946
20180525,2.785,0.859,1.926
20180528,2.752,0.818,1.934
20180529,2.684,0.764,1.92
20180530,2.645,0.757,1.888
20180531,2.669,0.751,1.918
20180601,2.699,0.775,1.924
20180604,2.73,0.805,1.925
20180605,2.725,0.794,1.931
20180606,2.761,0.815,1.946
20180607,2.842,0.868,1.974
20180608,2.776,0.797,1.979
20180612,2.804,0.808,1.996
20180613,2.776,0.793,1.983
20180614,2.724,0.76,1.964
20180615,2.694,0.74,1.954
20180618,2.671,0.72,1.951
20180619,2.621,0.673,1.948
20180620,2.653,0.708,1.945
20180621,2.673,0.729,1.944
20180622,2.649,0.714,1.935
20180625,2.63,0.698,1.932
20180626,2.641,0.693,1.948
20180627,2.626,0.67,1.956
20180628,2.616,0.656,1.96
20180629,2.63,0.661,1.969
20180702,2.593,0.623,1.97
20180703,2.613,0.642,1.971
20180704,2.584,0.624,1.96
20180705,2.594,0.641,1.953
20180706,2.624,0.677,1.947
20180709,2.61,0.675,1.935
20180710,2.632,0.691,1.941
20180711,2.607,0.658,1.949
20180712,2.628,0.689,1.939
20180713,2.63,0.686,1.944
20180716,2.635,0.691,1.944
20180717,2.656,0.712,1.944
20180718,2.636,0.697,1.939
20180719,2.656,0.714,1.942
20180720,2.616,0.675,1.941
20180723,2.669,0.723,1.946
20180724,2.718,0.773,1.945
20180725,2.679,0.739,1.94
20180726,2.684,0.746,1.938
20180727,2.644,0.712,1.932
20180730,2.649,0.708,1.941
20180731,2.649,0.709,1.94
20180801,2.688,0.749,1.939
20180802,2.729,0.783,1.946
20180803,2.724,0.779,1.945
20180807,2.656,0.762,1.894
20180808,2.676,0.785,1.891
20180809,2.652,0.782,1.87
20180810,2.588,0.74,1.848
20180813,2.579,0.744,1.835
20180814,2.589,0.735,1.854
20180815,2.581,0.721,1.86
20180816,2.556,0.668,1.888
20180817,2.545,0.656,1.889
20180820,2.525,0.641,1.884
20180821,2.536,0.658,1.878
20180822,2.541,0.664,1.877
20180823,2.531,0.66,1.871
20180824,2.535,0.667,1.868
20180827,2.54,0.67,1.87
20180828,2.56,0.679,1.881
20180829,2.549,0.681,1.868
20180830,2.569,0.711,1.858
20180831,2.52,0.693,1.827
20180903,2.52,0.702,1.818
20180904,2.524,0.709,1.815
20180905,2.549,0.726,1.823
20180906,2.564,0.74,1.824
20180907,2.546,0.736,1.81
20180910,2.576,0.754,1.822
20180911,2.581,0.754,1.827
20180912,2.586,0.756,1.83
20180913,2.604,0.768,1.836
20180914,2.603,0.756,1.847
20180917,2.623,0.78,1.843
20180918,2.661,0.758,1.903
20180919,2.71,0.798,1.912
20180920,2.716,0.811,1.905
20180921,2.701,0.809,1.892
20180924,2.706,0.814,1.892
20180925,2.751,0.857,1.894
20180926,2.735,0.851,1.884
20180927,2.69,0.82,1.87
20180928,2.671,0.81,1.861
20181002,2.67,0.819,1.851
20181003,2.641,0.778,1.863
20181004,2.711,0.817,1.894
20181005,2.716,0.82,1.896
20181008,2.771,0.851,1.92
20181009,2.771,0.851,1.92
20181010,2.752,0.834,1.918
20181011,2.728,0.828,1.9
20181012,2.748,0.844,1.904
20181015,2.688,0.778,1.91
20181016,2.708,0.779,1.929
20181017,2.699,0.776,1.923
20181018,2.723,0.797,1.926
20181019,2.679,0.761,1.918
20181022,2.699,0.776,1.923
20181023,2.675,0.76,1.915
20181024,2.656,0.754,1.902
20181025,2.608,0.73,1.878
20181026,2.594,0.723,1.871
20181029,2.565,0.703,1.862
20181030,2.58,0.711,1.869
20181031,2.625,0.736,1.889
20181101,2.645,0.749,1.896
20181102,2.695,0.82,1.875
20181105,2.74,0.851,1.889
20181106,2.725,0.829,1.896
20181107,2.724,0.82,1.904
20181108,2.757,0.845,1.912
20181109,2.757,0.851,1.906
20181112,2.738,0.84,1.898
20181113,2.729,0.832,1.897
20181114,2.699,0.816,1.883
20181115,2.714,0.829,1.885
20181116,2.675,0.795,1.88
20181119,2.661,0.783,1.878
20181120,2.692,0.811,1.881
20181121,2.687,0.812,1.875
20181122,2.663,0.795,1.868
20181123,2.648,0.781,1.867
20181126,2.633,0.809,1.824
20181127,2.633,0.817,1.816
20181128,2.618,0.824,1.794
20181129,2.599,0.792,1.807
20181130,2.589,0.775,1.814
20181203,2.614,0.795,1.819
20181204,2.529,0.731,1.798
20181205,2.499,0.728,1.771
20181206,2.449,0.695,1.754
20181207,2.444,0.698,1.746
20181210,2.439,0.707,1.732
20181211,2.454,0.716,1.738
20181212,2.449,0.728,1.721
20181213,2.466,0.719,1.747
20181214,2.463,0.732,1.731
20181217,2.443,0.734,1.709
20181218,2.418,0.73,1.688
20181219,2.383,0.7,1.683
20181220,2.341,0.675,1.666
20181221,2.387,0.713,1.674
20181224,2.362,0.695,1.667
20181227,2.378,0.704,1.674
20181228,2.361,0.695,1.666
20181231,2.317,0.664,1.653
20190102,2.287,0.641,1.646
20190103,2.173,0.557,1.616
20190104,2.234,0.619,1.615
20190107,2.269,0.619,1.65
20190108,2.301,0.652,1.649
20190109,2.325,0.693,1.632
20190110,2.315,0.685,1.63
20190111,2.306,0.679,1.627
20190114,2.27,0.659,1.611
20190115,2.285,0.686,1.599
20190116,2.271,0.672,1.599
20190117,2.277,0.672,1.605
20190118,2.311,0.699,1.612
20190121,2.308,0.676,1.632
20190122,2.298,0.648,1.65
20190123,2.278,0.638,1.64
20190124,2.268,0.629,1.639
20190125,2.208,0.579,1.629
20190129,2.228,0.589,1.639
20190130,2.239,0.567,1.672
20190131,2.238,0.559,1.679
20190201,2.203,0.526,1.677
20190204,2.228,0.547,1.681
20190205,2.243,0.566,1.677
20190206,2.18,0.525,1.655
20190207,2.145,0.511,1.634
20190208,2.101,0.487,1.614
20190211,2.06,0.453,1.607
20190212,2.114,0.515,1.599
20190213,2.149,0.526,1.623
20190214,2.144,0.512,1.632
20190215,2.099,0.489,1.61
20190218,2.139,0.544,1.595
20190219,2.133,0.543,1.59
20190220,2.099,0.53,1.569
20190221,2.054,0.499,1.555
20190222,2.094,0.529,1.565
20190225,2.084,0.52,1.564
20190226,2.089,0.529,1.56
20190227,2.07,0.508,1.562
20190228,2.099,0.516,1.583
20190301,2.149,0.56,1.589
20190304,2.188,0.591,1.597
20190305,2.153,0.568,1.585
20190306,2.092,0.541,1.551
20190307,2.082,0.529,1.553
20190308,2.029,0.495,1.534
20190311,2.029,0.504,1.525
20190312,2.031,0.482,1.549
20190313,1.961,0.44,1.521
20190314,1.971,0.436,1.535
20190315,1.977,0.447,1.53
20190318,1.982,0.46,1.522
20190319,1.931,0.415,1.516
20190320,1.935,0.42,1.515
20190321,1.877,0.364,1.513
20190322,1.832,0.312,1.52
20190325,1.778,0.293,1.485
20190326,1.823,0.349,1.474
20190327,1.774,0.318,1.456
20190328,1.724,0.285,1.439
20190329,1.773,0.334,1.439
20190401,1.8,0.343,1.457
20190402,1.808,0.334,1.474
20190403,1.837,0.313,1.524
20190404,1.891,0.351,1.54
20190405,1.901,0.35,1.551
20190408,1.871,0.329,1.542
20190409,1.897,0.302,1.595
20190410,1.871,0.266,1.605
20190411,1.856,0.252,1.604
20190412,1.882,0.296,1.586
20190415,1.95,0.372,1.578
20190416,1.929,0.358,1.571
20190417,1.954,0.41,1.544
20190418,1.949,0.408,1.541
20190423,1.894,0.35,1.544
20190424,1.787,0.272,1.515
20190426,1.777,0.265,1.512
20190429,1.787,0.267,1.52
20190430,1.787,0.267,1.52
20190501,1.781,0.271,1.51
20190502,1.786,0.277,1.509
20190503,1.79,0.278,1.512
20190506,1.736,0.237,1.499
20190507,1.782,0.299,1.483
20190508,1.733,0.245,1.488
20190509,1.709,0.22,1.489
20190510,1.729,0.25,1.479
20190513,1.725,0.238,1.487
20190514,1.7,0.214,1.486
20190515,1.695,0.201,1.494
20190516,1.64,0.164,1.476
20190517,1.641,0.174,1.467
20190520,1.676,0.2,1.476
20190521,1.636,0.151,1.485
20190522,1.636,0.14,1.496
20190523,1.581,0.102,1.479
20190524,1.522,0.05,1.472
20190527,1.552,0.056,1.496
20190528,1.537,0.039,1.498
20190529,1.485,0.008,1.477
20190530,1.534,0.026,1.508
20190531,1.459,-0.063,1.522
20190603,1.509,0.007,1.502
20190604,1.504,0.021,1.483
20190605,1.484,0.045,1.439
20190606,1.469,0.022,1.447
20190607,1.473,0.021,1.452
20190611,1.454,0.008,1.446
20190612,1.429,0.001,1.428
20190613,1.405,-0.004,1.409
20190614,1.375,-0.022,1.397
20190617,1.393,0.046,1.347
20190618,1.373,0.051,1.322
20190619,1.343,-0.017,1.36
20190620,1.297,-0.087,1.384
20190621,1.283,-0.131,1.414
20190624,1.299,-0.141,1.44
20190625,1.285,-0.137,1.422
20190626,1.282,-0.113,1.395
20190627,1.35,-0.053,1.403
20190628,1.325,-0.05,1.375
20190701,1.359,0.003,1.356
20190702,1.337,-0.015,1.352
20190703,1.282,-0.068,1.35
20190704,1.296,-0.056,1.352
20190705,1.286,-0.068,1.354
20190708,1.326,-0.032,1.358
20190709,1.322,-0.024,1.346
20190710,1.357,0.008,1.349
20190711,1.337,-0.008,1.345
20190712,1.442,0.08,1.362
20190715,1.458,0.092,1.366
20190716,1.408,0.037,1.371
20190717,1.399,0.031,1.368
20190718,1.354,0.004,1.35
20190719,1.358,0.015,1.343
20190722,1.337,-0.017,1.354
20190723,1.322,-0.043,1.365
20190724,1.303,-0.061,1.364
20190725,1.234,-0.112,1.346
20190726,1.234,-0.116,1.35
20190729,1.215,-0.154,1.369
20190730,1.21,-0.154,1.364
20190731,1.19,-0.19,1.38
20190801,1.215,-0.158,1.373
20190802,1.091,-0.207,1.298
20190805,1.056,-0.244,1.3
20190806,1.046,-0.201,1.247
20190807,0.962,-0.246,1.208
20190808,0.983,-0.228,1.211
20190809,0.963,-0.247,1.21
20190812,0.963,-0.225,1.188
20190813,0.938,-0.197,1.135
20190814,0.948,-0.223,1.171
20190815,0.893,-0.248,1.141
20190816,0.888,-0.229,1.117
20190819,0.918,-0.201,1.119
20190820,0.947,-0.176,1.123
20190821,0.936,-0.186,1.122
20190822,0.915,-0.212,1.127
20190823,0.979,-0.158,1.137
20190826,0.892,-0.228,1.12
20190827,0.911,-0.208,1.119
20190828,0.891,-0.218,1.109
20190829,0.882,-0.233,1.115
20190830,0.889,-0.229,1.118
20190902,0.925,-0.221,1.146
20190903,0.944,-0.218,1.162
20190904,0.935,-0.218,1.153
20190905,0.972,-0.19,1.162
20190906,1.092,-0.094,1.186
20190909,1.033,-0.143,1.176
20190910,1.077,-0.107,1.184
20190911,1.141,-0.067,1.208
20190912,1.153,-0.055,1.208
20190913,1.154,-0.053,1.207
20190916,1.188,-0.044,1.232
20190917,1.129,-0.097,1.226
20190918,1.135,-0.097,1.232
20190919,1.056,-0.163,1.219
20190920,1.016,-0.202,1.218
20190923,0.997,-0.254,1.251
20190924,0.957,-0.298,1.255
20190925,0.938,-0.288,1.226
20190926,0.947,-0.284,1.231
20190927,0.942,-0.311,1.253
20190930,1.012,-0.239,1.251
20191001,0.969,-0.279,1.248
20191002,0.959,-0.298,1.257
20191003,0.915,-0.32,1.235
20191004,0.886,-0.341,1.227
20191008,0.892,-0.33,1.222
20191009,0.878,-0.299,1.177
20191010,0.891,-0.288,1.179
20191011,1.013,-0.186,1.199
20191014,1.042,-0.17,1.212
20191015,1.013,-0.2,1.213
20191016,1.046,-0.182,1.228
20191017,1.1,-0.148,1.248
20191018,1.101,-0.152,1.253
20191021,1.145,-0.128,1.273
20191022,1.166,-0.125,1.291
20191023,1.102,-0.209,1.311
20191024,1.082,-0.229,1.311
20191025,1.057,-0.243,1.3
20191028,1.092,-0.213,1.305
20191029,1.181,-0.133,1.314
20191030,1.136,-0.2,1.336
20191031,1.136,-0.199,1.335
20191101,1.096,-0.226,1.322
20191104,1.176,-0.152,1.328
20191105,1.2,-0.178,1.378
20191106,1.27,-0.143,1.413
20191107,1.211,-0.168,1.379
20191108,1.291,-0.13,1.421
20191111,1.296,-0.126,1.422
20191112,1.282,-0.127,1.409
20191113,1.272,-0.13,1.402
20191114,1.177,-0.209,1.386
20191115,1.161,-0.214,1.375
20191118,1.167,-0.192,1.359
20191119,1.127,-0.23,1.357
20191120,1.072,-0.284,1.356
20191121,1.072,-0.267,1.339
20191122,1.097,-0.252,1.349
20191125,1.092,-0.254,1.346
20191126,1.077,-0.268,1.345
20191127,1.018,-0.309,1.327
20191128,0.999,-0.341,1.34
20191129,1.034,-0.311,1.345
20191202,1.094,-0.264,1.358
20191203,1.195,-0.196,1.391
20191204,1.063,-0.291,1.354
20191205,1.092,-0.264,1.356
20191206,1.127,-0.272,1.399
20191209,1.151,-0.247,1.398
20191210,1.107,-0.266,1.373
20191211,1.156,-0.223,1.379
20191212,1.132,-0.238,1.37
20191213,1.258,-0.145,1.403
20191216,1.158,-0.228,1.386
20191217,1.158,-0.236,1.394
20191218,1.208,-0.197,1.405
20191219,1.269,-0.146,1.415
20191220,1.289,-0.133,1.422
20191223,1.299,-0.118,1.417
20191224,1.31,-0.111,1.421
20191227,1.309,-0.108,1.417
20191230,1.309,-0.099,1.408
20191231,1.36,-0.059,1.419
20200102,1.345,-0.068,1.413
20200103,1.255,-0.16,1.415
20200106,1.206,-0.191,1.397
20200107,1.221,-0.177,1.398
20200108,1.188,-0.21,1.398
20200109,1.241,-0.185,1.426
20200110,1.257,-0.169,1.426
20200113,1.214,-0.206,1.42
20200114,1.261,-0.177,1.438
20200115,1.217,-0.211,1.428
20200116,1.187,-0.244,1.431
20200117,1.182,-0.272,1.454
20200120,1.177,-0.284,1.461
20200121,1.163,-0.332,1.495
20200122,1.119,-0.377,1.496
20200123,1.105,-0.39,1.495
20200124,1.091,-0.381,1.472
20200128,0.957,-0.452,1.409
20200129,1.017,-0.415,1.432
20200130,0.968,-0.449,1.417
20200131,0.958,-0.429,1.387
20200203,0.929,-0.432,1.361
20200204,0.929,-0.412,1.341
20200205,1.038,-0.317,1.355
20200206,1.097,-0.276,1.373
20200207,1.048,-0.326,1.374
20200210,1.013,-0.335,1.348
20200211,1.024,-0.331,1.355
20200212,1.069,-0.29,1.359
20200213,1.048,-0.307,1.355
20200214,1.053,-0.3,1.353
20200217,1.059,-0.288,1.347
20200218,1.024,-0.316,1.34
20200219,1.029,-0.305,1.334
20200220,0.994,-0.319,1.313
20200221,0.929,-0.371,1.3
20200224,0.911,-0.366,1.277
20200225,0.92,-0.335,1.255
20200226,0.91,-0.327,1.237
20200227,0.845,-0.394,1.239
20200228,0.81,-0.432,1.242
20200302,0.797,-0.369,1.166
20200303,0.785,-0.416,1.201
20200304,0.713,-0.558,1.271
20200305,0.773,-0.512,1.285
20200306,0.668,-0.542,1.21
20200309,0.606,-0.485,1.091
20200310,0.789,-0.226,1.015
20200311,0.671,-0.177,0.848
20200312,0.763,0.012,0.751
20200313,0.969,0.265,0.704
20200316,0.908,0.33,0.578
20200317,1.032,0.561,0.471
20200318,1.211,0.717,0.494
20200319,1.483,1.07,0.413
20200320,1.136,0.865,0.271
20200323,0.908,0.699,0.209
20200324,0.89,0.665,0.225
20200325,0.973,0.639,0.334
20200326,0.919,0.376,0.543
20200327,0.917,0.29,0.627
20200330,0.775,0.155,0.62
20200331,0.755,0.097,0.658
20200401,0.67,0.077,0.593
20200402,0.759,0.174,0.585
20200403,0.754,0.137,0.617
20200406,0.769,0.132,0.637
20200407,0.912,0.24,0.672
20200408,0.911,0.201,0.71
20200409,0.899,0.175,0.724
20200414,0.918,0.16,0.758
20200415,0.907,0.128,0.779
20200416,0.842,0.119,0.723
20200417,0.852,0.165,0.687
20200420,0.833,0.157,0.676
20200421,0.852,0.201,0.651
20200422,0.836,0.21,0.626
20200423,0.872,0.22,0.652
20200424,0.872,0.264,0.608
20200427,0.907,0.258,0.649
20200428,0.922,0.247,0.675
20200429,0.917,0.191,0.726
20200430,0.887,0.163,0.724
20200501,0.867,0.155,0.712
20200504,0.828,0.139,0.689
20200505,0.865,0.167,0.698
20200506,0.914,0.175,0.739
20200507,0.924,0.159,0.765
20200508,0.89,0.127,0.763
20200511,0.96,0.149,0.811
20200512,0.956,0.141,0.815
20200513,0.956,0.16,0.796
20200514,0.897,0.113,0.784
20200515,0.908,0.115,0.793
20200518,0.909,0.114,0.795
20200519,0.978,0.126,0.852
20200520,0.948,0.094,0.854
20200521,0.912,0.068,0.844
20200522,0.868,0.022,0.846
20200525,0.86,0.017,0.843
20200526,0.884,0.034,0.85
20200527,0.879,0.025,0.854
20200528,0.879,0.004,0.875
20200529,0.885,-0.037,0.922
20200601,0.895,-0.052,0.947
20200602,0.907,-0.057,0.964
20200603,0.968,-0.033,1.001
20200604,1.022,0.007,1.015
20200605,1.094,0.057,1.037
20200609,1.052,-0.038,1.09
20200610,1.022,-0.066,1.088
20200611,0.925,-0.113,1.038
20200612,0.913,-0.111,1.024
20200615,0.865,-0.136,1.001
20200616,0.92,-0.122,1.042
20200617,0.921,-0.139,1.06
20200618,0.886,-0.171,1.057
20200619,0.866,-0.179,1.045
20200622,0.872,-0.162,1.034
20200623,0.907,-0.131,1.038
20200624,0.929,-0.112,1.041
20200625,0.889,-0.124,1.013
20200626,0.873,-0.132,1.005
20200629,0.888,-0.121,1.009
20200630,0.878,-0.149,1.027
20200701,0.943,-0.096,1.039
20200702,0.932,-0.12,1.052
20200703,0.913,-0.141,1.054
20200706,0.934,-0.134,1.068
20200707,0.894,-0.191,1.085
20200708,0.88,-0.193,1.073
20200709,0.91,-0.155,1.065
20200710,0.871,-0.189,1.06
20200713,0.912,-0.151,1.063
20200714,0.922,-0.15,1.072
20200715,0.883,-0.207,1.09
20200716,0.894,-0.199,1.093
20200717,0.88,-0.216,1.096
20200720,0.9,-0.206,1.106
20200721,0.876,-0.224,1.1
20200722,0.902,-0.228,1.13
20200723,0.876,-0.252,1.128
20200724,0.88,-0.272,1.152
20200727,0.9,-0.28,1.18
20200728,0.933,-0.298,1.231
20200729,0.89,-0.38,1.27
20200730,0.87,-0.463,1.333
20200731,0.829,-0.51,1.339
20200804,0.846,-0.537,1.383
20200805,0.836,-0.486,1.322
20200806,0.869,-0.448,1.317
20200807,0.844,-0.46,1.304
20200810,0.879,-0.441,1.32
20200811,0.885,-0.445,1.33
20200812,0.934,-0.421,1.355
20200813,0.904,-0.497,1.401
20200814,0.95,-0.491,1.441
20200817,0.916,-0.541,1.457
20200818,0.887,-0.544,1.431
20200819,0.882,-0.511,1.393
20200820,0.873,-0.489,1.362
20200821,0.898,-0.399,1.297
20200824,0.874,-0.389,1.263
20200825,0.905,-0.375,1.28
20200826,0.97,-0.313,1.283
20200827,0.935,-0.357,1.292
20200828,1.04,-0.328,1.368
20200831,1.001,-0.431,1.432
20200901,0.992,-0.444,1.436
20200902,0.954,-0.451,1.405
20200903,0.929,-0.42,1.349
20200904,0.91,-0.375,1.285
20200907,0.991,-0.326,1.317
20200908,0.993,-0.321,1.314
20200909,0.915,-0.374,1.289
20200910,0.955,-0.342,1.297
20200911,0.934,-0.356,1.29
20200914,0.891,-0.368,1.259
20200915,0.889,-0.356,1.245
20200916,0.889,-0.365,1.254
20200917,0.869,-0.389,1.258
20200918,0.913,-0.35,1.263
20200921,0.879,-0.375,1.254
20200922,0.856,-0.376,1.232
20200923,0.832,-0.395,1.227
20200924,0.832,-0.403,1.235
20200925,0.826,-0.401,1.227
20200928,0.802,-0.444,1.246
20200929,0.807,-0.457,1.264
20200930,0.816,-0.511,1.327
20201001,0.876,-0.472,1.348
20201002,0.812,-0.52,1.332
20201006,0.862,-0.48,1.342
20201007,0.822,-0.514,1.336
20201008,0.847,-0.51,1.357
20201009,0.833,-0.537,1.37
20201012,0.829,-0.548,1.377
20201013,0.83,-0.536,1.366
20201014,0.82,-0.532,1.352
20201015,0.745,-0.64,1.385
20201016,0.705,-0.688,1.393
20201019,0.735,-0.685,1.42
20201020,0.741,-0.662,1.403
20201021,0.785,-0.616,1.401
20201022,0.795,-0.606,1.401
20201023,0.84,-0.571,1.411
20201026,0.792,-0.608,1.4
20201027,0.788,-0.594,1.382
20201028,0.769,-0.617,1.386
20201029,0.798,-0.581,1.379
20201030,0.813,-0.558,1.371
20201102,0.809,-0.572,1.381
20201103,0.758,-0.606,1.364
20201104,0.779,-0.602,1.381
20201105,0.729,-0.578,1.307
20201106,0.741,-0.561,1.302
20201109,0.757,-0.52,1.277
20201110,0.907,-0.438,1.345
20201111,0.981,-0.394,1.375
20201112,0.902,-0.467,1.369
20201113,0.869,-0.509,1.378
20201116,0.879,-0.513,1.392
20201117,0.945,-0.468,1.413
20201118,0.875,-0.501,1.376
20201119,0.875,-0.501,1.376
20201120,0.851,-0.546,1.397
20201123,0.836,-0.57,1.406
20201124,0.882,-0.548,1.43
20201125,0.922,-0.528,1.45
20201126,0.902,-0.568,1.47
20201127,0.893,-0.598,1.491
20201130,0.889,-0.618,1.507
20201201,0.909,-0.666,1.575
20201202,0.974,-0.67,1.644
20201203,1.008,-0.669,1.677
20201204,0.984,-0.71,1.694
20201207,1.03,-0.719,1.749
20201208,1.017,-0.784,1.801
20201209,1.02,-0.759,1.779
20201210,0.982,-0.829,1.811
20201211,0.982,-0.82,1.802
20201214,0.961,-0.857,1.818
20201215,0.961,-0.823,1.784
20201216,0.959,-0.796,1.755
20201217,0.982,-0.76,1.742
20201218,0.984,-0.772,1.756
20201221,0.96,-0.791,1.751
20201222,0.95,-0.795,1.745
20201223,0.927,-0.818,1.745
20201224,0.992,-0.765,1.757
20201229,0.965,-0.792,1.757
20201230,0.981,-0.778,1.759
20201231,0.973,-0.788,1.761
20210104,0.984,-0.781,1.765
20210105,0.948,-0.814,1.762
20210106,1.03,-0.746,1.776
20210107,1.05,-0.761,1.811
20210108,1.09,-0.729,1.819
20210111,1.071,-0.735,1.806
20210112,1.11,-0.677,1.787
20210113,1.071,-0.7,1.771
20210114,1.062,-0.704,1.766
20210115,1.048,-0.76,1.808
20210118,1.034,-0.775,1.809
20210119,1.06,-0.748,1.808
20210120,1.051,-0.765,1.816
20210121,1.031,-0.766,1.797
20210122,1.092,-0.737,1.829
20210125,1.069,-0.716,1.785
20210127,1.059,-0.742,1.801
20210128,1.046,-0.715,1.761
20210129,1.096,-0.693,1.789
20210201,1.118,-0.67,1.788
20210202,1.122,-0.679,1.801
20210203,1.143,-0.689,1.832
20210204,1.196,-0.676,1.872
20210205,1.162,-0.711,1.873
20210208,1.238,-0.682,1.92
20210209,1.199,-0.718,1.917
20210210,1.19,-0.727,1.917
20210211,1.155,-0.729,1.884
20210212,1.19,-0.693,1.883
20210215,1.29,-0.628,1.918
20210216,1.292,-0.651,1.943
20210217,1.372,-0.607,1.979
20210218,1.337,-0.62,1.957
20210219,1.403,-0.522,1.925
20210222,1.573,-0.379,1.952
20210223,1.534,-0.421,1.955
20210224,1.581,-0.368,1.949
20210225,1.703,-0.257,1.96
20210226,1.885,-0.093,1.978
20210301,1.64,-0.337,1.977
20210302,1.689,-0.296,1.985
20210303,1.65,-0.358,2.008
20210304,1.747,-0.343,2.09
20210305,1.808,-0.294,2.102
20210308,1.746,-0.359,2.105
20210309,1.756,-0.371,2.127
20210310,1.686,-0.453,2.139
20210311,1.631,-0.541,2.172
20210312,1.688,-0.489,2.177
20210315,1.767,-0.408,2.175
20210316,1.67,-0.457,2.127
20210317,1.695,-0.412,2.107
20210318,1.761,-0.335,2.096
20210319,1.78,-0.306,2.086
20210322,1.737,-0.328,2.065
20210323,1.707,-0.354,2.061
20210324,1.63,-0.408,2.038
20210325,1.657,-0.405,2.062
20210326,1.632,-0.425,2.057
20210329,1.666,-0.372,2.038
20210330,1.757,-0.299,2.056
20210331,1.763,-0.291,2.054
20210401,1.76,-0.323,2.083
20210406,1.703,-0.367,2.07
20210407,1.67,-0.395,2.065
20210408,1.661,-0.408,2.069
20210409,1.677,-0.396,2.073
20210412,1.694,-0.379,2.073
20210413,1.735,-0.392,2.127
20210414,1.672,-0.483,2.155
20210415,1.692,-0.473,2.165
20210416,1.659,-0.513,2.172
20210419,1.64,-0.54,2.18
20210420,1.705,-0.477,2.182
20210421,1.657,-0.525,2.182
20210422,1.623,-0.558,2.181
20210423,1.659,-0.522,2.181
20210427,1.666,-0.515,2.181
20210428,1.657,-0.487,2.144
20210429,1.643,-0.463,2.106
20210430,1.674,-0.456,2.13
20210503,1.679,-0.431,2.11
20210504,1.686,-0.426,2.112
20210505,1.668,-0.479,2.147
20210506,1.629,-0.535,2.164
20210507,1.609,-0.554,2.163
20210510,1.641,-0.569,2.21
20210511,1.652,-0.619,2.271
20210512,1.702,-0.604,2.306
20210513,1.741,-0.601,2.342
20210514,1.723,-0.57,2.293
20210517,1.679,-0.587,2.266
20210518,1.71,-0.565,2.275
20210519,1.701,-0.585,2.286
20210520,1.697,-0.561,2.258
20210521,1.664,-0.542,2.206
20210524,1.631,-0.556,2.187
20210525,1.617,-0.554,2.171
20210526,1.604,-0.554,2.158
20210527,1.563,-0.591,2.154
20210528,1.624,-0.531,2.155
20210531,1.645,-0.51,2.155
20210601,1.627,-0.512,2.139
20210602,1.617,-0.525,2.142
20210603,1.603,-0.521,2.124
20210604,1.624,-0.498,2.122
20210607,1.575,-0.557,2.132
20210608,1.551,-0.599,2.15
20210609,1.517,-0.603,2.12
20210610,1.435,-0.641,2.076
20210611,1.436,-0.65,2.086
20210615,1.446,-0.643,2.089
20210616,1.494,-0.6,2.094
20210617,1.59,-0.488,2.078
20210618,1.546,-0.527,2.073
20210621,1.474,-0.52,1.994
20210622,1.545,-0.466,2.011
20210623,1.515,-0.501,2.016
20210624,1.522,-0.503,2.025
20210625,1.519,-0.509,2.028
20210628,1.539,-0.505,2.044
20210629,1.496,-0.544,2.04
20210630,1.486,-0.543,2.029
20210701,1.477,-0.531,2.008
20210702,1.434,-0.59,2.024
20210705,1.391,-0.631,2.022
20210706,1.428,-0.597,2.025
20210707,1.351,-0.669,2.02
20210708,1.282,-0.668,1.95
20210709,1.323,-0.6,1.923
20210712,1.279,-0.653,1.932
20210713,1.29,-0.683,1.973
20210714,1.304,-0.705,2.009
20210715,1.253,-0.794,2.047
20210716,1.248,-0.813,2.061
20210719,1.211,-0.831,2.042
20210720,1.149,-0.821,1.97
20210721,1.128,-0.885,2.013
20210722,1.158,-0.878,2.036
20210723,1.164,-0.872,2.036
20210726,1.15,-0.89,2.04
20210727,1.176,-0.884,2.06
20210728,1.122,-0.887,2.009
20210729,1.123,-0.867,1.99
20210730,1.149,-0.811,1.96
20210803,1.125,-0.812,1.937
20210804,1.116,-0.798,1.914
20210805,1.127,-0.825,1.952
20210806,1.163,-0.829,1.992
20210809,1.177,-0.838,2.015
20210810,1.174,-0.849,2.023
20210811,1.194,-0.827,2.021
20210812,1.16,-0.865,2.025
20210813,1.19,-0.795,1.985
20210816,1.132,-0.806,1.938
20210817,1.113,-0.801,1.914
20210818,1.114,-0.78,1.894
20210819,1.055,-0.837,1.892
20210820,1.056,-0.847,1.903
20210825,1.133,-0.786,1.919
20210826,1.164,-0.757,1.921
20210827,1.166,-0.745,1.911
20210830,1.136,-0.783,1.919
20210831,1.132,-0.792,1.924
20210901,1.222,-0.721,1.943
20210902,1.183,-0.772,1.955
20210903,1.2,-0.769,1.969
20210906,1.236,-0.74,1.976
20210907,1.236,-0.759,1.995
20210908,1.278,-0.724,2.002
20210909,1.25,-0.727,1.977
20210910,1.203,-0.772,1.975
20210913,1.256,-0.728,1.984
20210914,1.234,-0.773,2.007
20210915,1.189,-0.795,1.984
20210916,1.244,-0.75,1.994
20210917,1.284,-0.71,1.994
20210920,1.285,-0.691,1.976
20210921,1.252,-0.719,1.971
20210922,1.237,-0.731,1.968
20210923,1.243,-0.711,1.954
20210924,1.387,-0.592,1.979
20210927,1.393,-0.548,1.941
20210928,1.462,-0.497,1.959
20210929,1.467,-0.494,1.961
20210930,1.473,-0.448,1.921
20211001,1.473,-0.46,1.933
20211005,1.499,-0.472,1.971
20211006,1.593,-0.457,2.05
20211007,1.57,-0.474,2.044
20211008,1.624,-0.452,2.076
20211011,1.704,-0.421,2.125
20211012,1.71,-0.486,2.196
20211013,1.676,-0.504,2.18
20211014,1.613,-0.539,2.152
20211015,1.639,-0.516,2.155
20211018,1.733,-0.517,2.25
20211019,1.714,-0.521,2.235
20211020,1.799,-0.439,2.238
20211021,1.779,-0.472,2.251
20211022,1.79,-0.505,2.295
20211025,1.777,-0.483,2.26
20211026,1.798,-0.46,2.258
20211027,1.802,-0.578,2.38
20211028,1.833,-0.415,2.248
20211029,2.083,-0.063,2.146
20211101,1.9,-0.186,2.086
20211102,1.885,-0.178,2.063
20211103,1.846,-0.253,2.099
20211104,1.826,-0.304,2.13
20211105,1.806,-0.349,2.155
20211108,1.747,-0.41,2.157
20211109,1.778,-0.434,2.212
20211110,1.729,-0.491,2.22
20211111,1.808,-0.469,2.277
20211112,1.791,-0.491,2.282
20211115,1.766,-0.521,2.287
20211116,1.831,0.086,1.745
20211117,1.858,-0.45,2.308
20211118,1.793,-0.477,2.27
20211119,1.809,-0.444,2.253
20211122,1.79,-0.414,2.204
20211123,1.867,-0.281,2.148
20211124,1.857,-0.282,2.139
20211125,1.868,-0.273,2.141
20211126,1.736,-0.399,2.135
20211129,1.743,-0.346,2.089
20211130,1.689,-0.392,2.081
20211201,1.728,-0.331,2.059
20211202,1.68,-0.337,2.017
20211203,1.61,-0.425,2.035
20211206,1.582,-0.443,2.025
20211207,1.648,-0.376,2.024
20211208,1.621,-0.467,2.088
20211209,1.679,-0.462,2.141
20211210,1.637,-0.481,2.118
20211213,1.605,-0.532,2.137
20211214,1.545,-0.574,2.119
20211215,1.563,-0.574,2.137
20211216,1.569,-0.601,2.17
20211217,1.588,-0.587,2.175
20211220,1.542,-0.615,2.157
20211221,1.601,-0.584,2.185
20211222,1.585,-0.61,2.195
20211223,1.591,-0.661,2.252
20211224,1.578,-0.673,2.251
20211229,1.534,-0.731,2.265
20211230,1.631,-0.684,2.315
20211231,1.666,-0.618,2.284
20220104,1.732,-0.578,2.31
20220105,1.768,-0.508,2.276
20220106,1.849,-0.385,2.234
20220107,1.838,-0.345,2.183
20220110,1.905,-0.296,2.201
20220111,1.881,-0.332,2.213
20220112,1.835,-0.42,2.255
20220113,1.846,-0.386,2.232
20220114,1.837,-0.39,2.227
20220117,1.903,-0.339,2.242
20220118,1.933,-0.329,2.262
20220119,1.983,-0.331,2.314
20220120,1.979,-0.304,2.283
20220121,1.905,-0.356,2.261
20220124,1.922,-0.344,2.266
20220125,1.93,-0.373,2.303
20220127,2.01,-0.312,2.322
20220128,1.928,-0.405,2.333
20220131,1.884,-0.455,2.339
20220201,1.89,-0.449,2.339
20220202,1.9,-0.419,2.319
20220203,1.857,-0.451,2.308
20220204,1.948,-0.313,2.261
20220207,1.984,-0.276,2.26
20220208,2.109,-0.16,2.269
20220209,2.094,-0.178,2.272
20220210,2.097,-0.176,2.273
20220211,2.202,-0.069,2.271
20220214,2.128,-0.148,2.276
20220215,2.179,-0.1,2.279
20220216,2.224,-0.03,2.254
20220217,2.2,-0.041,2.241
20220218,2.241,0.0,2.241
20220221,2.212,-0.03,2.242
20220222,2.194,-0.063,2.257
20220223,2.263,-0.013,2.276
20220224,2.15,-0.186,2.336
20220225,2.226,-0.125,2.351
20220228,2.131,-0.237,2.368
20220301,2.182,-0.256,2.438
20220302,2.068,-0.395,2.463
20220303,2.159,-0.331,2.49
20220304,2.144,-0.318,2.462
20220307,2.129,-0.333,2.462
20220308,2.227,-0.334,2.561
20220309,2.312,-0.281,2.593
20220310,2.361,-0.161,2.522
20220311,2.393,-0.149,2.542
20220314,2.451,-0.151,2.602
20220315,2.511,-0.077,2.588
20220316,2.488,-0.033,2.521
20220317,2.5,0.026,2.474
20220318,2.57,0.04,2.53
20220321,2.576,0.103,2.473
20220322,2.714,0.232,2.482
20220323,2.769,0.268,2.501
20220324,2.76,0.21,2.55
20220325,2.771,0.223,2.548
20220328,2.896,0.308,2.588
20220329,2.891,0.323,2.568
20220330,2.788,0.254,2.534
20220331,2.836,0.298,2.538
20220401,2.822,0.314,2.508
20220404,2.828,0.32,2.508
20220405,2.853,0.347,2.506
20220406,2.928,0.41,2.518
20220407,2.909,0.407,2.502
20220408,2.959,0.463,2.496
20220411,3.004,0.488,2.516
20220412,3.078,0.524,2.554
20220413,3.069,0.551,2.518
20220414,2.967,0.484,2.483
20220419,3.062,0.539,2.523
20220420,3.107,0.594,2.513
20220421,3.079,0.573,2.506
20220422,3.126,0.604,2.522
20220426,3.102,0.616,2.486
20220427,3.053,0.519,2.534
20220428,3.079,0.53,2.549
20220429,3.119,0.53,2.589
20220502,3.259,0.657,2.602
20220503,3.394,0.785,2.609
20220504,3.539,0.921,2.618
20220505,3.387,0.793,2.594
20220506,3.467,0.89,2.577
20220509,3.562,0.976,2.586
20220510,3.563,1.015,2.548
20220511,3.503,1.082,2.421
20220512,3.425,1.02,2.405
20220513,3.401,1.064,2.337
20220516,3.384,1.033,2.351
20220517,3.404,1.031,2.373
20220518,3.459,1.015,2.444
20220519,3.383,0.913,2.47
20220520,3.31,0.819,2.491
20220523,3.326,0.858,2.468
20220524,3.317,0.843,2.474
20220525,3.24,0.823,2.417
20220526,3.202,0.796,2.406
20220527,3.253,0.821,2.432
20220530,3.254,0.822,2.432
20220531,3.352,0.914,2.438
20220601,3.417,0.977,2.44
20220602,3.498,1.041,2.457
20220603,3.483,1.022,2.461
20220606,3.484,0.973,2.511
20220607,3.555,1.05,2.505
20220608,3.545,1.074,2.471
20220609,3.607,1.137,2.47
20220610,3.674,1.206,2.468
20220614,3.957,1.579,2.378
20220615,4.2,1.778,2.422
20220616,3.993,1.554,2.439
20220617,4.128,1.702,2.426
20220620,4.066,1.627,2.439
20220621,4.065,1.605,2.46
20220622,3.988,1.545,2.443
20220623,3.855,1.457,2.398
20220624,3.721,1.378,2.343
20220627,3.778,1.387,2.391
20220628,3.744,1.366,2.378
20220629,3.695,1.368,2.327
20220630,3.662,1.361,2.301
20220701,3.597,1.354,2.243
20220704,3.565,1.348,2.217
20220705,3.553,1.346,2.207
20220706,3.409,1.269,2.14
20220707,3.473,1.341,2.132
20220708,3.484,1.333,2.151
20220711,3.515,1.374,2.141
20220712,3.421,1.317,2.104
20220713,3.393,1.3,2.093
20220714,3.416,1.283,2.133
20220715,3.413,1.264,2.149
20220718,3.442,1.26,2.182
20220719,3.517,1.283,2.234
20220720,3.551,1.304,2.247
20220721,3.578,1.339,2.239
20220722,3.446,1.251,2.195
20220725,3.359,1.158,2.201
20220726,3.346,1.136,2.21
20220727,3.253,1.085,2.168
20220728,3.211,0.987,2.224
20220729,3.063,0.807,2.256
20220802,2.985,0.751,2.234
20220803,3.08,0.828,2.252
20220804,3.151,0.873,2.278
20220805,3.091,0.843,2.248
20220808,3.221,0.962,2.259
20220809,3.192,0.895,2.297
20220810,3.251,0.923,2.328
20220811,3.296,0.968,2.328
20220812,3.435,1.061,2.374
20220815,3.371,0.992,2.379
20220816,3.232,0.882,2.35
20220817,3.278,0.929,2.349
20220818,3.341,0.976,2.365
20220819,3.41,1.023,2.387
20220822,3.525,1.112,2.413
20220823,3.584,1.176,2.408
20220824,3.634,1.216,2.418
20220825,3.681,1.225,2.456
20220826,3.581,1.14,2.441
20220829,3.672,1.245,2.427
20220830,3.61,1.193,2.417
20220831,3.605,1.192,2.413
20220901,3.689,1.327,2.362
20220902,3.66,1.312,2.348
20220905,3.654,1.312,2.342
20220906,3.654,1.325,2.329
20220907,3.71,1.389,2.321
20220908,3.573,1.291,2.282
20220909,3.568,1.321,2.247
20220912,3.64,1.456,2.184
20220913,3.578,1.408,2.17
20220914,3.646,1.454,2.192
20220915,3.692,1.494,2.198
20220916,3.729,1.537,2.192
20220919,3.685,1.538,2.147
20220920,3.642,1.504,2.138
20220921,3.677,1.525,2.152
20220923,3.919,1.756,2.163
20220926,3.993,1.856,2.137
20220927,4.032,1.927,2.105
20220928,4.102,1.953,2.149
20220929,3.946,1.739,2.207
20220930,3.892,1.734,2.158
20221004,3.726,1.488,2.238
20221005,3.631,1.322,2.309
20221006,3.769,1.504,2.265
20221007,3.844,1.601,2.243
20221010,3.863,1.628,2.235
20221011,4.032,1.834,2.198
20221012,3.943,1.747,2.196
20221013,3.999,1.814,2.185
20221014,4.003,1.791,2.212
20221017,4.018,1.794,2.224
20221018,3.915,1.648,2.267
20221019,3.941,1.688,2.253
20221020,4.055,1.753,2.302
20221021,4.195,1.837,2.358
20221024,4.146,1.731,2.415
20221025,4.072,1.652,2.42
20221026,3.915,1.519,2.396
20221027,3.827,1.488,2.339
20221028,3.731,1.375,2.356
20221031,3.751,1.357,2.394
20221101,3.76,1.273,2.487
20221102,3.806,1.322,2.484
20221103,3.916,1.451,2.465
20221104,3.846,1.491,2.355
20221107,3.903,1.55,2.353
20221108,4.033,1.615,2.418
20221109,3.863,1.441,2.422
20221110,3.716,1.324,2.392
20221111,3.654,1.273,2.381
20221114,3.763,1.374,2.389
20221115,3.757,1.412,2.345
20221116,3.723,1.406,2.317
20221117,3.615,1.313,2.302
20221118,3.61,1.347,2.263
20221121,3.56,1.36,2.2
20221122,3.567,1.312,2.255
20221123,3.566,1.301,2.265
20221124,3.522,1.261,2.261
20221125,3.552,1.307,2.245
20221128,3.492,1.238,2.254
20221129,3.582,1.267,2.315
20221130,3.508,1.166,2.342
20221201,3.459,1.053,2.406
20221202,3.37,0.957,2.413
20221205,3.345,0.876,2.469
20221206,3.377,0.941,2.436
20221207,3.336,0.932,2.404
20221208,3.346,0.953,2.393
20221209,3.276,0.831,2.445
20221212,3.362,0.923,2.439
20221213,3.382,0.902,2.48
20221214,3.344,0.89,2.454
20221215,3.438,1.042,2.396
20221216,3.436,1.058,2.378
20221219,3.514,1.141,2.373
20221220,3.707,1.317,2.39
20221221,3.704,1.279,2.425
20221222,3.775,1.337,2.438
20221223,3.805,1.409,2.396
20221228,4.014,1.584,2.43
20221229,4.004,1.584,2.42
20221230,4.029,1.602,2.427
20230103,3.98,1.55,2.43
20230104,3.883,1.478,2.405
20230105,3.815,1.428,2.387
20230106,3.799,1.423,2.376
20230109,3.702,1.339,2.363
20230110,3.697,1.338,2.359
20230111,3.698,1.331,2.367
20230112,3.576,1.205,2.371
20230113,3.574,1.19,2.384
20230116,3.577,1.18,2.397
20230117,3.588,1.151,2.437
20230118,3.529,1.083,2.446
20230119,3.306,0.906,2.4
20230120,3.381,0.912,2.469
20230123,3.434,0.985,2.449
20230124,3.448,1.018,2.43
20230125,3.49,1.03,2.46
20230127,3.543,1.062,2.481
20230130,3.52,1.045,2.475
20230131,3.535,1.052,2.483
20230201,3.555,1.09,2.465
20230202,3.526,1.049,2.477
20230203,3.368,0.914,2.454
20230206,3.446,1.003,2.443
20230207,3.581,1.178,2.403
20230208,3.6,1.21,2.39
20230209,3.657,1.237,2.42
20230210,3.696,1.263,2.433
20230213,3.747,1.299,2.448
20230214,3.727,1.258,2.469
20230215,3.726,1.257,2.469
20230216,3.747,1.263,2.484
20230217,3.808,1.299,2.509
20230220,3.799,1.307,2.492
20230221,3.804,1.33,2.474
20230222,3.863,1.373,2.49
20230223,3.875,1.417,2.458
20230224,3.815,1.381,2.434
20230227,3.865,1.463,2.402
20230228,3.841,1.41,2.431
20230301,3.777,1.382,2.395
20230302,3.852,1.406,2.446
20230303,3.894,1.404,2.49
20230306,3.757,1.256,2.501
20230307,3.677,1.215,2.462
20230308,3.738,1.339,2.399
20230309,3.704,1.352,2.352
20230310,3.577,1.253,2.324
20230313,3.514,1.222,2.292
20230314,3.444,1.198,2.246
20230315,3.429,1.149,2.28
20230316,3.327,1.062,2.265
20230317,3.387,1.15,2.237
20230320,3.234,1.05,2.184
20230321,3.184,0.966,2.218
20230322,3.359,1.099,2.26
20230323,3.285,1.015,2.27
20230324,3.213,0.929,2.284
20230327,3.188,0.945,2.243
20230328,3.292,1.019,2.273
20230329,3.278,0.976,2.302
20230330,3.352,1.018,2.334
20230331,3.293,0.963,2.33
20230403,3.319,0.983,2.336
20230404,3.255,0.947,2.308
20230405,3.275,1.005,2.27
20230406,3.181,0.93,2.251
20230411,3.221,0.977,2.244
20230412,3.24,0.972,2.268
20230413,3.27,0.965,2.305
20230414,3.319,0.97,2.349
20230417,3.367,0.994,2.373
20230418,3.469,1.091,2.378
20230419,3.509,1.126,2.383
20230420,3.495,1.139,2.356
20230421,3.462,1.125,2.337
20230424,3.446,1.116,2.33
20230426,3.302,0.989,2.313
20230427,3.366,1.04,2.326
20230428,3.335,1.002,2.333
20230501,3.351,1.052,2.299
20230502,3.442,1.151,2.291
20230503,3.408,1.145,2.263
20230504,3.303,1.05,2.253
20230505,3.318,1.067,2.251
20230508,3.398,1.122,2.276
20230509,3.448,1.161,2.287
20230510,3.452,1.189,2.263
20230511,3.388,1.143,2.245
20230512,3.324,1.052,2.272
20230515,3.429,1.127,2.302
20230516,3.409,1.053,2.356
20230517,3.429,1.047,2.382
20230518,3.488,1.104,2.384
20230519,3.593,1.195,2.398
20230522,3.587,1.218,2.369
20230523,3.652,1.256,2.396
20230524,3.648,1.227,2.421
20230525,3.702,1.265,2.437
20230526,3.732,1.275,2.457
20230529,3.703,1.242,2.461
20230530,3.682,1.231,2.451
20230531,3.607,1.196,2.411
20230601,3.616,1.257,2.359
20230602,3.646,1.236,2.41
20230605,3.786,1.351,2.435
20230606,3.805,1.378,2.427
20230607,3.83,1.41,2.42
20230608,4.014,1.561,2.453
20230609,3.952,1.517,2.435
20230613,3.938,1.518,2.42
20230614,3.977,1.538,2.439
20230615,4.005,1.515,2.49
20230616,4.029,1.505,2.524
20230619,3.974,1.456,2.518
20230620,4.029,1.513,2.516
20230621,3.985,1.482,2.503
20230622,3.979,1.499,2.48
20230623,3.99,1.501,2.489
20230626,3.952,1.498,2.454
20230627,3.932,1.496,2.436
20230628,3.872,1.443,2.429
20230629,3.902,1.497,2.405
20230630,4.025,1.598,2.427
20230703,3.961,1.525,2.436
20230704,4.003,1.541,2.462
20230705,3.997,1.537,2.46
20230706,4.12,1.669,2.451
20230707,4.253,1.777,2.476
20230710,4.282,1.826,2.456
20230711,4.178,1.76,2.418
20230712,4.122,1.71,2.412
20230713,4.044,1.608,2.436
20230714,3.99,1.54,2.45
20230717,3.979,1.53,2.449
20230718,3.97,1.514,2.456
20230719,3.861,1.43,2.431
20230720,3.944,1.503,2.441
20230721,4.004,1.524,2.48
20230724,3.989,1.514,2.475
20230725,4.024,1.522,2.502
20230726,4.005,1.564,2.441
20230727,3.919,1.486,2.433
20230728,4.061,1.616,2.445
20230731,4.052,1.575,2.477
20230801,3.968,1.493,2.475
20230802,4.017,1.551,2.466
20230803,4.096,1.63,2.466
20230804,4.185,1.719,2.466
20230807,4.122,1.651,2.471
20230808,4.006,1.541,2.465
20230809,3.987,1.552,2.435
20230810,4.036,1.609,2.427
20230811,4.101,1.659,2.442
20230814,4.185,1.715,2.47
20230815,4.25,1.78,2.47
20230816,4.2,1.729,2.471
20230817,4.312,1.838,2.474
20230818,4.223,1.734,2.489
20230821,4.254,1.806,2.448
20230822,4.26,1.764,2.496
20230823,4.185,1.701,2.484
20230824,4.106,1.628,2.478
20230825,4.151,1.674,2.477
20230828,4.132,1.658,2.474
20230829,4.091,1.649,2.442
20230830,4.063,1.615,2.448
20230831,4.018,1.539,2.479
20230901,3.998,1.539,2.459
20230904,4.083,1.61,2.473
20230905,4.127,1.637,2.49
20230906,4.122,1.608,2.514
20230907,4.152,1.628,2.524
20230908,4.077,1.588,2.489
20230911,4.154,1.636,2.518
20230912,4.161,1.649,2.512
20230913,4.143,1.633,2.51
20230914,4.109,1.595,2.514
20230915,4.098,1.585,2.513
20230918,4.207,1.677,2.53
20230919,4.161,1.631,2.53
20230920,4.211,1.675,2.536
20230921,4.295,1.773,2.522
20230922,4.332,1.814,2.518
20230925,4.307,1.805,2.502
20230926,4.394,1.894,2.5
20230927,4.37,1.875,2.495
20230928,4.449,1.924,2.525
20230929,4.479,1.94,2.539
20231003,4.531,1.994,2.537
20231004,4.652,2.107,2.545
20231005,4.562,2.036,2.526
20231006,4.534,2.032,2.502
20231009,4.512,1.958,2.554
20231010,4.449,1.916,2.533
20231011,4.421,1.897,2.524
20231012,4.364,1.845,2.519
20231013,4.458,1.922,2.536
20231016,4.451,1.914,2.537
20231017,4.542,1.987,2.555
20231018,4.644,2.06,2.584
20231019,4.778,2.177,2.601
20231020,4.742,2.127,2.615
20231023,4.778,2.139,2.639
20231024,4.685,2.062,2.623
20231025,4.715,2.079,2.636
20231026,4.869,2.193,2.676
20231027,4.809,2.138,2.671
20231030,4.869,2.197,2.672
20231031,4.924,2.22,2.704
20231101,4.942,2.253,2.689
20231102,4.786,2.103,2.683
20231103,4.718,2.05,2.668
20231106,4.718,2.033,2.685
20231107,4.69,1.985,2.705
20231108,4.579,1.94,2.639
20231109,4.528,1.905,2.623
20231110,4.618,1.982,2.636
20231113,4.666,2.052,2.614
20231114,4.661,2.025,2.636
20231115,4.53,1.926,2.604
20231116,4.55,1.931,2.619
20231117,4.465,1.855,2.61
20231120,4.506,1.903,2.603
20231121,4.447,1.85,2.597
20231122,4.446,1.905,2.541
20231123,4.481,1.943,2.538
20231124,4.545,2.003,2.542
20231127,4.564,2.026,2.538
20231128,4.495,2.0,2.495
20231129,4.361,1.911,2.45
20231130,4.411,1.962,2.449
20231201,4.49,1.98,2.51
20231204,4.447,1.937,2.51
20231205,4.412,1.919,2.493
20231206,4.283,1.777,2.506
20231207,4.338,1.838,2.5
20231208,4.294,1.821,2.473
20231211,4.339,1.841,2.498
20231212,4.327,1.8,2.527
20231213,4.287,1.769,2.518
20231214,4.133,1.62,2.513
20231215,4.14,1.603,2.537
20231218,4.057,1.483,2.574
20231219,4.111,1.502,2.609
20231220,4.046,1.433,2.613
20231221,4.017,1.419,2.598
20231222,4.007,1.426,2.581
20231227,3.973,1.398,2.575
20231228,3.893,1.322,2.571
20231229,3.958,1.389,2.569
20240102,3.999,1.434,2.565
20240103,4.048,1.479,2.569
20240104,4.053,1.489,2.564
20240105,4.136,1.567,2.569
20240108,4.16,1.588,2.572
20240109,4.106,1.538,2.568
20240110,4.12,1.559,2.561
20240111,4.109,1.565,2.544
20240112,4.075,1.524,2.551
20240115,4.08,1.517,2.563
20240116,4.154,1.586,2.568
20240117,4.213,1.644,2.569
20240118,4.267,1.696,2.571
20240119,4.296,1.702,2.594
20240122,4.232,1.648,2.584
20240123,4.193,1.638,2.555
20240124,4.233,1.703,2.53
20240125,4.247,1.71,2.537
20240129,4.218,1.673,2.545
20240130,4.144,1.609,2.535
20240131,4.015,1.514,2.501
20240201,4.016,1.521,2.495
20240202,3.982,1.52,2.462
20240205,4.099,1.627,2.472
20240206,4.129,1.629,2.5
20240207,4.091,1.597,2.494
20240208,4.111,1.586,2.525
20240209,4.13,1.598,2.532
20240212,4.166,1.667,2.499
20240213,4.175,1.69,2.485
20240214,4.268,1.743,2.525
20240215,4.14,1.639,2.501
20240216,4.199,1.685,2.514
20240219,4.174,1.647,2.527
20240220,4.185,1.651,2.534
20240221,4.175,1.656,2.519
20240222,4.16,1.641,2.519
20240223,4.201,1.701,2.5
20240226,4.106,1.63,2.476
20240227,4.136,1.649,2.487
20240228,4.171,1.682,2.489
20240229,4.141,1.658,2.483
20240301,4.146,1.667,2.479
20240304,4.106,1.628,2.478
20240305,4.096,1.605,2.491
20240306,4.012,1.559,2.453
20240307,4.014,1.538,2.476
20240308,3.978,1.525,2.453
20240311,3.957,1.508,2.449
20240312,3.951,1.485,2.466
20240313,4.023,1.518,2.505
20240314,4.062,1.566,2.496
20240315,4.139,1.611,2.528
20240318,4.116,1.591,2.525
20240319,4.087,1.581,2.506
20240320,4.056,1.586,2.47
20240321,4.095,1.606,2.489
20240322,4.041,1.552,2.489
20240325,4.011,1.539,2.472
20240326,4.031,1.552,2.479
20240327,4.007,1.533,2.474
20240328,3.968,1.515,2.453
20240402,4.067,1.59,2.477
20240403,4.136,1.626,2.51
20240404,4.174,1.653,2.521
20240405,4.095,1.57,2.525
20240408,4.192,1.65,2.542
20240409,4.168,1.609,2.559
20240410,4.113,1.566,2.547
20240411,4.251,1.678,2.573
20240412,4.262,1.701,2.561
20240415,4.257,1.705,2.552
20240416,4.326,1.771,2.555
20240417,4.379,1.82,2.559
20240418,4.275,1.728,2.547
20240419,4.251,1.682,2.569
20240422,4.315,1.757,2.558
20240423,4.266,1.726,2.54
20240424,4.404,1.825,2.579
20240426,4.518,1.931,2.587
20240429,4.484,1.898,2.586
20240430,4.42,1.855,2.565
20240501,4.505,1.95,2.555
20240502,4.445,1.916,2.529
20240503,4.416,1.892,2.524
20240506,4.377,1.867,2.51
20240507,4.304,1.779,2.525
20240508,4.29,1.787,2.503
20240509,4.344,1.824,2.52
20240510,4.319,1.815,2.504
20240513,4.325,1.802,2.523
20240514,4.325,1.805,2.52
20240515,4.314,1.822,2.492
20240516,4.185,1.716,2.469
20240517,4.211,1.727,2.484
20240520,4.236,1.74,2.496
20240521,4.251,1.751,2.5
20240522,4.285,1.783,2.502
20240523,4.255,1.766,2.489
20240524,4.308,1.826,2.482
20240527,4.279,1.822,2.457
20240528,4.259,1.838,2.421
20240529,4.398,1.919,2.479
20240530,4.433,1.935,2.498
20240531,4.408,1.926,2.482
20240603,4.368,1.912,2.456
20240604,4.304,1.873,2.431
20240605,4.245,1.851,2.394
20240606,4.225,1.842,2.383
20240607,4.22,1.848,2.372
20240611,4.324,1.932,2.392
20240612,4.279,1.902,2.377
20240613,4.19,1.844,2.346
20240614,4.124,1.794,2.33
20240617,4.112,1.787,2.325
20240618,4.155,1.822,2.333
20240619,4.181,1.852,2.329
20240620,4.205,1.87,2.335
20240621,4.213,1.858,2.355
20240624,4.218,1.877,2.341
20240625,4.203,1.861,2.342
20240626,4.313,1.921,2.392
20240627,4.411,1.995,2.416
20240628,4.312,1.893,2.419
20240701,4.385,1.958,2.427
20240702,4.41,1.968,2.442
20240703,4.43,1.966,2.464
20240704,4.416,1.964,2.452
20240705,4.405,1.97,2.435
20240708,4.362,1.947,2.415
20240709,4.348,1.929,2.419
20240710,4.348,1.931,2.417
20240711,4.377,1.94,2.437
20240712,4.328,1.911,2.417
20240715,4.328,1.905,2.423
20240716,4.255,1.814,2.441
20240717,4.26,1.816,2.444
20240718,4.244,1.813,2.431
20240719,4.289,1.856,2.433
20240722,4.313,1.875,2.438
20240723,4.354,1.918,2.436
20240724,4.333,1.9,2.433
20240725,4.318,1.901,2.417
20240726,4.313,1.899,2.414
20240729,4.279,1.871,2.408
20240730,4.284,1.873,2.411
20240731,4.12,1.702,2.418
20240801,4.092,1.683,2.409
20240802,4.056,1.681,2.375
20240805,3.983,1.706,2.277
20240806,4.026,1.706,2.32
20240807,4.087,1.718,2.369
20240808,4.076,1.713,2.363
20240809,4.065,1.701,2.364
20240812,4.056,1.697,2.359
20240813,4.012,1.652,2.36
20240814,3.938,1.617,2.321
20240815,3.882,1.583,2.299
20240816,3.937,1.615,2.322
20240819,3.922,1.622,2.3
20240820,3.957,1.658,2.299
20240821,3.898,1.61,2.288
20240822,3.892,1.619,2.273
20240823,3.927,1.648,2.279
20240826,3.863,1.577,2.286
20240827,3.917,1.623,2.294
20240828,3.937,1.632,2.305
20240829,3.961,1.652,2.309
20240830,3.976,1.682,2.294
20240902,4.021,1.741,2.28
20240903,4.011,1.743,2.268
20240904,3.961,1.741,2.22
20240905,3.936,1.746,2.19
20240906,3.89,1.67,2.22
20240909,3.966,1.739,2.227
20240910,3.918,1.693,2.225
20240911,3.859,1.634,2.225
20240912,3.863,1.637,2.226
20240913,3.827,1.582,2.245
20240916,3.823,1.567,2.256
20240917,3.843,1.582,2.261
20240918,3.872,1.592,2.28
20240919,3.939,1.653,2.286
20240920,3.93,1.62,2.31
20240923,3.968,1.665,2.303
20240924,3.9,1.591,2.309
20240925,3.919,1.593,2.326
20240926,3.952,1.628,2.324
20240927,3.972,1.649,2.323
20240930,3.987,1.649,2.338
20241001,3.996,1.671,2.325
20241002,3.941,1.625,2.316
20241003,4.0,1.683,2.317
20241004,4.063,1.746,2.317
20241008,4.155,1.823,2.332
20241009,4.181,1.868,2.313
20241010,4.215,1.911,2.304
20241011,4.22,1.893,2.327
20241014,4.264,1.935,2.329
20241015,4.244,1.934,2.31
20241016,4.196,1.92,2.276
20241017,4.239,1.944,2.295
20241018,4.298,1.973,2.325
20241021,4.264,1.932,2.332
20241022,4.423,2.068,2.355
20241023,4.457,2.079,2.378
20241024,4.442,2.071,2.371
20241025,4.403,2.051,2.352
20241028,4.472,2.123,2.349
20241029,4.438,2.067,2.371
20241030,4.458,2.076,2.382
20241031,4.496,2.086,2.41
20241101,4.531,2.12,2.411
20241104,4.552,2.138,2.414
20241105,4.556,2.161,2.395
20241106,4.62,2.177,2.443
20241107,4.631,2.177,2.454
20241108,4.571,2.129,2.442
20241111,4.571,2.13,2.441
20241112,4.557,2.116,2.441
20241113,4.661,2.212,2.449
20241114,4.691,2.234,2.457
20241115,4.631,2.184,2.447
20241118,4.597,2.157,2.44
20241119,4.558,2.105,2.453
20241120,4.552,2.086,2.466
20241121,4.573,2.097,2.476
20241122,4.539,2.079,2.46
20241125,4.48,2.033,2.447
20241126,4.441,2.03,2.411
20241127,4.412,2.006,2.406
20241128,4.356,1.964,2.392
20241129,4.335,1.941,2.394
20241202,4.331,1.955,2.376
20241203,4.301,1.933,2.368
20241204,4.261,1.897,2.364
20241205,4.231,1.883,2.348
20241206,4.217,1.881,2.336
20241209,4.197,1.886,2.311
20241210,4.135,1.824,2.311
20241211,4.184,1.858,2.326
20241212,4.263,1.937,2.326
20241213,4.289,1.957,2.332
20241216,4.317,1.984,2.333
20241217,4.294,1.983,2.311
20241218,4.279,1.977,2.302
20241219,4.411,2.112,2.299
20241220,4.494,2.185,2.309
20241223,4.405,2.124,2.281
20241224,4.44,2.126,2.314
20241227,4.38,2.048,2.332
20241230,4.46,2.119,2.341
20241231,4.366,2.035,2.331
20250102,4.435,2.094,2.341
20250103,4.384,2.045,2.339
20250106,4.47,2.123,2.347
20250107,4.479,2.131,2.348
20250108,4.502,2.126,2.376
20250109,4.487,2.108,2.379
20250110,4.547,2.168,2.379
20250113,4.636,2.233,2.403
20250114,4.616,2.215,2.401
20250115,4.626,2.238,2.388
20250116,4.498,2.159,2.339
20250117,4.498,2.174,2.324
20250120,4.482,2.153,2.329
20250121,4.409,2.107,2.302
20250122,4.464,2.166,2.298
20250123,4.474,2.163,2.311
20250124,4.48,2.16,2.32
20250128,4.427,2.131,2.296
20250129,4.375,2.086,2.289
20250130,4.385,2.084,2.301
20250131,4.435,2.117,2.318
20250203,4.386,2.053,2.333
20250204,4.421,2.094,2.327
20250205,4.363,2.038,2.325
20250206,4.324,2.014,2.31
20250207,4.364,2.041,2.323
20250210,4.409,2.075,2.334
20250211,4.395,2.064,2.331
20250212,4.469,2.122,2.347
20250213,4.479,2.114,2.365
20250214,4.424,2.083,2.341
20250217,4.46,2.122,2.338
20250218,4.514,2.17,2.344
20250219,4.534,2.18,2.354
20250220,4.534,2.18,2.354
20250221,4.52,2.186,2.334
20250224,4.446,2.141,2.305
20250225,4.407,2.125,2.282
20250226,4.372,2.112,2.26
20250227,4.348,2.105,2.243
20250228,4.303,2.055,2.248
20250303,4.338,2.083,2.255
20250304,4.278,2.029,2.249
20250305,4.363,2.102,2.261
20250306,4.492,2.196,2.296
20250307,4.413,2.153,2.26
20250310,4.449,2.194,2.255
20250311,4.389,2.171,2.218
20250312,4.449,2.232,2.217
20250313,4.43,2.223,2.207
20250314,4.434,2.232,2.202
20250317,4.422,2.233,2.189
20250318,4.413,2.24,2.173
20250319,4.434,2.271,2.163
20250320,4.389,2.224,2.165
20250321,4.409,2.234,2.175
20250324,4.415,2.235,2.18
20250325,4.439,2.251,2.188
20250326,4.493,2.319,2.174
20250327,4.523,2.339,2.184
20250328,4.478,2.294,2.184
20250331,4.402,2.243,2.159
20250401,4.391,2.22,2.171
20250402,4.397,2.21,2.187
20250403,4.242,2.061,2.181
20250404,4.199,2.078,2.121
20250407,4.081,2.092,1.989
20250408,4.222,2.232,1.99
20250409,4.376,2.444,1.932
20250410,4.312,2.382,1.93
20250411,4.377,2.48,1.897
20250414,4.381,2.423,1.958
20250415,4.332,2.348,1.984
20250416,4.323,2.304,2.019
20250417,4.264,2.231,2.033
20250422,4.241,2.215,2.026
20250423,4.247,2.183,2.064
20250424,4.217,2.157,2.06
20250428,4.153,2.109,2.044
20250429,4.174,2.131,2.043
20250430,4.148,2.108,2.04
20250501,4.173,2.14,2.033
20250502,4.203,2.173,2.03
20250505,4.254,2.235,2.019
20250506,4.319,2.297,2.022
20250507,4.264,2.227,2.037
20250508,4.223,2.139,2.084
20250509,4.273,2.176,2.097
20250512,4.347,2.239,2.108
20250513,4.417,2.318,2.099
20250514,4.467,2.337,2.13
20250515,4.521,2.37,2.151
20250516,4.443,2.315,2.128
20250519,4.513,2.376,2.137
20250520,4.389,2.258,2.131
20250521,4.439,2.309,2.13
20250522,4.445,2.313,2.132
20250523,4.41,2.248,2.162
20250526,4.371,2.224,2.147
20250527,4.302,2.17,2.132
20250528,4.321,2.185,2.136
20250529,4.362,2.232,2.13
20250530,4.249,2.124,2.125
20250602,4.259,2.143,2.116
20250603,4.25,2.136,2.114
20250604,4.241,2.133,2.108
20250605,4.241,2.155,2.086
20250606,4.261,2.181,2.08
20250610,4.243,2.164,2.079
20250611,4.279,2.196,2.083
20250612,4.233,2.161,2.072
20250613,4.151,2.096,2.055
20250616,4.228,2.158,2.07
20250617,4.253,2.179,2.074
20250618,4.248,2.178,2.07
20250619,4.214,2.155,2.059
20250620,4.18,2.118,2.062
20250623,4.216,2.123,2.093
20250624,4.152,2.079,2.073
20250625,4.118,2.057,2.061
20250626,4.103,2.047,2.056
20250627,4.128,2.045,2.083
20250630,4.161,2.059,2.102
20250701,4.116,2.0,2.116
20250702,4.151,2.028,2.123
20250703,4.181,2.049,2.132
20250704,4.191,2.053,2.138
20250707,4.182,2.046,2.136
20250708,4.263,2.141,2.122
20250709,4.342,2.216,2.126
20250710,4.284,2.172,2.112
20250711,4.327,2.212,2.115
20250714,4.371,2.239,2.132
20250715,4.38,2.249,2.131
20250716,4.4,2.258,2.142
20250717,4.347,2.199,2.148
20250718,4.338,2.186,2.152
20250721,4.323,2.172,2.151
20250722,4.306,2.167,2.139
20250723,4.297,2.17,2.127
20250724,4.356,2.219,2.137
20250725,4.346,2.208,2.138
20250728,4.34,2.2,2.14
20250729,4.33,2.186,2.144
20250730,4.257,2.128,2.129
20250731,4.262,2.111,2.151
20250801,4.317,2.13,2.187
20250804,4.293,2.107,2.186
20250805,4.228,2.068,2.16
20250806,4.258,2.099,2.159
20250807,4.244,2.06,2.184
20250808,4.25,2.061,2.189
20250811,4.25,2.043,2.207
20250812,4.244,2.027,2.217
20250813,4.226,2.002,2.224
20250814,4.212,1.959,2.253
20250815,4.232,1.962,2.27
20250818,4.272,2.0,2.272
20250819,4.331,2.093,2.238
20250820,4.302,2.091,2.211
20250821,4.283,2.068,2.215
20250822,4.318,2.085,2.233
20250825,4.289,2.041,2.248
20250826,4.319,2.065,2.254
20250827,4.329,2.074,2.255
20250828,4.291,2.042,2.249
20250829,4.28,2.03,2.25
20250901,4.325,2.069,2.256
20250902,4.364,2.12,2.244
20250903,4.424,2.141,2.283
20250904,4.36,2.095,2.265
20250905,4.345,2.091,2.254
20250908,4.286,2.046,2.24
20250909,4.272,2.037,2.235
20250910,4.278,2.043,2.235
20250911,4.24,2.006,2.234
20250912,4.224,1.996,2.228
20250915,4.281,2.03,2.251
20250916,4.227,1.981,2.246
20250917,4.229,1.979,2.25
20250918,4.201,1.942,2.259
20250919,4.249,1.981,2.268
20250922,4.278,2.001,2.277
20250923,4.273,2.009,2.264
20250924,4.297,2.012,2.285
20250925,4.356,2.047,2.309
20250926,4.394,2.046,2.348
20250929,4.342,2.002,2.34
20250930,4.307,1.969,2.338
20251001,4.357,1.994,2.363
20251002,4.328,1.98,2.348
20251003,4.323,1.984,2.339
20251007,4.378,2.026,2.352
20251008,4.354,2.011,2.343
20251009,4.339,1.994,2.345
20251010,4.354,2.005,2.349
20251013,4.282,1.965,2.317
20251014,4.224,1.908,2.316
20251015,4.206,1.903,2.303
20251016,4.143,1.856,2.287
20251017,4.091,1.836,2.255
20251020,4.145,1.876,2.269
20251021,4.11,1.84,2.27
20251022,4.106,1.837,2.269
20251023,4.116,1.821,2.295
20251024,4.135,1.832,2.303
20251027,4.175,1.862,2.313
20251028,4.166,1.864,2.302
20251029,4.216,1.898,2.318
20251030,4.3,2.001,2.299
20251031,4.29,1.981,2.309
20251103,4.33,2.005,2.325
20251104,4.345,2.033,2.312
20251105,4.306,1.998,2.308
20251106,4.36,2.039,2.321
20251107,4.346,2.03,2.316
20251110,4.391,2.065,2.326
20251111,4.386,2.07,2.316
20251112,4.376,2.046,2.33
20251113,4.416,2.082,2.334
20251114,4.436,2.109,2.327
20251117,4.47,2.147,2.323
20251118,4.436,2.117,2.319
20251119,4.412,2.108,2.304
20251120,4.461,2.158,2.303
20251121,4.458,2.163,2.295
20251124,4.439,2.142,2.297
20251125,4.424,2.119,2.305
20251126,4.525,2.21,2.315
20251127,4.49,2.142,2.348
20251128,4.511,2.147,2.364
20251201,4.552,2.173,2.379
20251202,4.611,2.23,2.381
20251203,4.641,2.27,2.371
20251204,4.699,2.328,2.371
20251205,4.681,2.302,2.379
20251208,4.703,2.328,2.375
20251209,4.757,2.393,2.364
20251210,4.808,2.491,2.317
20251211,4.719,2.417,2.302
20251212,4.728,2.421,2.307
20251215,4.725,2.42,2.305
20251216,4.726,2.425,2.301
20251217,4.745,2.467,2.278
20251218,4.741,2.459,2.282
20251219,4.747,2.462,2.285
20251222,4.792,2.496,2.296
20251223,4.753,2.449,2.304
20251224,4.738,2.433,2.305
20251229,4.754,2.45,2.304
20251230,4.744,2.437,2.307
20251231,4.74,2.436,2.304
20260102,4.82,2.497,2.323
20260105,4.78,2.462,2.318
20260106,4.775,2.43,2.345
20260107,4.74,2.408,2.332
20260108,4.649,2.32,2.329
20260109,4.669,2.355,2.314
20260112,4.685,2.363,2.322
20260113,4.69,2.364,2.326
20260114,4.7,2.396,2.304
20260115,4.666,2.365,2.301
20260116,4.692,2.388,2.304
20260119,4.727,2.42,2.307
20260120,4.767,2.453,2.314
20260121,4.77,2.446,2.324
20260122,4.787,2.442,2.345
20260123,4.808,2.463,2.345
20260127,4.836,2.488,2.348
20260128,4.807,2.453,2.354
20260129,4.827,2.472,2.355
20260130,4.799,2.456,2.343
20260202,4.789,2.455,2.334
20260203,4.826,2.482,2.344
20260204,4.858,2.515,2.343
20260205,4.848,2.509,2.339
20260206,4.819,2.477,2.342
20260209,4.86,2.5,2.36
20260210,4.821,2.476,2.345
20260211,4.749,2.419,2.33
20260212,4.799,2.464,2.335
20260213,4.741,2.42,2.321
20260216,4.702,2.406,2.296
20260217,4.678,2.388,2.29
20260218,4.717,2.43,2.287
20260219,4.777,2.479,2.298
20260220,4.723,2.445,2.278
20260223,4.713,2.428,2.285
20260224,4.69,2.427,2.263
20260225,4.715,2.456,2.259
20260226,4.696,2.442,2.254
20260227,4.646,2.395,2.251
20260302,4.628,2.38,2.248
20260303,4.767,2.492,2.275
20260304,4.743,2.45,2.293
20260305,4.794,2.49,2.304
20260306,4.839,2.521,2.318
20260309,4.934,2.592,2.342
20260310,4.846,2.531,2.315
20260311,4.847,2.555,2.292
20260312,4.951,2.637,2.314
20260313,4.949,2.632,2.317
20260316,4.999,2.681,2.318
20260317,4.937,2.647,2.29
20260318,4.894,2.632,2.262
20260319,4.973,2.689,2.284
20260320,5.022,2.766,2.256
20260323,5.116,2.862,2.254
20260324,5.042,2.832,2.21
20260325,4.954,2.696,2.258
20260326,5.01,2.732,2.278
20260327,5.094,2.776,2.318
20260330,5.069,2.749,2.32
20260331,4.972,2.621,2.351
20260401,4.908,2.555,2.353
20260402,5.038,2.618,2.42
20260407,4.985,2.588,2.397
20260408,4.858,2.5,2.358
20260409,4.911,2.515,2.396
20260410,4.967,2.552,2.415
20260413,5.018,2.587,2.431
20260414,4.949,2.515,2.434
20260415,4.931,2.517,2.414
20260416,4.956,2.523,2.433
20260417,4.996,2.54,2.456
20260420,4.937,2.499,2.438
20260421,4.909,2.492,2.417
20260422,4.958,2.516,2.442
20260423,5.001,2.536,2.465
20260424,4.977,2.497,2.48
20260427,4.99,2.487,2.503
20260428,5.028,2.503,2.525
20260429,4.997,2.505,2.492
20260430,5.067,2.545,2.522
20260501,5.022,2.504,2.518
20260504,4.984,2.487,2.497
20260505,4.974,2.484,2.49
20260506,4.956,2.5,2.456
20260507,4.926,2.476,2.45
20260508,4.991,2.513,2.478
20260511,4.996,2.509,2.487
20260512,5.036,2.532,2.504
20260513,5.066,2.547,2.519
20260514,5.022,2.511,2.511
20260515,5.077,2.554,2.523
20260518,5.118,2.589,2.529
20260519,5.064,2.547,2.517
20260520,5.074,2.575,2.499
20260521,4.971,2.545,2.426
20260522,4.93,2.512,2.418
20260525,4.887,2.491,2.396
20260526,4.917,2.519,2.398
20260527,4.863,2.499,2.364
20260528,4.904,2.545,2.359
20260529,4.838,2.473,2.365
20260601,4.889,2.532,2.357
20260602,4.889,2.54,2.349
20260603,4.919,2.566,2.353
20260604,4.925,2.562,2.363
20260605,4.916,2.551,2.365
20260609,4.927,2.558,2.369
20260610,4.897,2.532,2.365
20260611,4.903,2.522,2.381
20260612,4.82,2.449,2.371
20260615,4.815,2.439,2.376
20260616,4.835,2.462,2.373
20260617,4.776,2.425,2.351
20260618,4.78,2.453,2.327
20260619,4.82,2.484,2.336
20260622,4.821,2.492,2.329
20260623,4.782,2.495,2.287
20260624,4.772,2.497,2.275
20260625,4.739,2.481,2.258
20260626,4.729,2.464,2.265
20260629,4.759,2.49,2.269
20260630,4.734,2.461,2.273
20260701,4.798,2.496,2.302
20260702,4.832,2.518,2.314
20260703,4.808,2.492,2.316
20260706,4.798,2.478,2.32
20260707,4.833,2.505,2.328
20260708,4.893,2.545,2.348
20260709,4.887,2.527,2.36
20260710,4.848,2.519,2.329
20260713,4.873,2.535,2.338
20260714,4.923,2.562,2.361
20260715,4.913,2.566,2.347
