# QUALITY=PROXY_THIN_MARKET | NZ IIB [2025, 2030, 2035, 2040, 2050] interpolated to 10Y (RBNZ B2 local fetch; thin linker market) | generated by real_yields_g8.py
DATE,NOM10,REAL10,BE10
20180103,2.78,1.4398,1.3402
20180104,2.79,1.4399,1.3501
20180105,2.77,1.4547,1.3153
20180108,2.81,1.4605,1.3495
20180109,2.82,1.4706,1.3494
20180110,2.86,1.5061,1.3539
20180111,2.87,1.5262,1.3438
20180112,2.85,1.5217,1.3283
20180115,2.87,1.5421,1.3279
20180116,2.88,1.5422,1.3378
20180117,2.87,1.5223,1.3477
20180118,2.92,1.5278,1.3922
20180119,2.98,1.5726,1.4074
20180122,2.98,1.573,1.407
20180123,2.97,1.5631,1.4069
20180124,2.93,1.5085,1.4215
20180125,2.91,1.5286,1.3814
20180126,2.9,1.5287,1.3713
20180129,2.9,1.5291,1.3709
20180130,2.93,1.5292,1.4008
20180131,2.9,1.4993,1.4007
20180201,2.92,1.5494,1.3706
20180202,2.95,1.5543,1.3957
20180205,2.98,1.5546,1.4254
20180207,2.96,1.5196,1.4404
20180208,2.96,1.5384,1.4216
20180209,2.95,1.549,1.401
20180212,2.99,1.5895,1.4005
20180213,2.98,1.5844,1.3956
20180214,2.94,1.5846,1.3554
20180215,3.0,1.6347,1.3653
20180216,2.99,1.6,1.39
20180219,2.97,1.6005,1.3695
20180220,2.98,1.6206,1.3594
20180221,2.96,1.6008,1.3592
20180222,2.98,1.6158,1.3642
20180223,2.97,1.6159,1.3541
20180226,2.92,1.5864,1.3336
20180227,2.92,1.6114,1.3086
20180228,2.95,1.6416,1.3084
20180301,2.94,1.6417,1.2983
20180302,2.92,1.6119,1.3081
20180305,2.96,1.6124,1.3476
20180306,3.01,1.6525,1.3575
20180307,3.0,1.6427,1.3573
20180308,2.99,1.6329,1.3571
20180309,2.94,1.5979,1.3421
20180312,2.99,1.6583,1.3317
20180313,2.96,1.6236,1.3364
20180314,2.92,1.5837,1.3363
20180315,2.88,1.5339,1.3461
20180316,2.83,1.554,1.276
20180319,2.84,1.5595,1.2805
20180320,2.83,1.5647,1.2653
20180321,2.84,1.5649,1.2751
20180322,2.81,1.5551,1.2549
20180323,2.76,1.5153,1.2447
20180326,2.78,1.5158,1.2642
20180327,2.79,1.516,1.274
20180328,2.72,1.5111,1.2089
20180329,2.72,1.5313,1.1887
20180403,2.72,1.5322,1.1878
20180404,2.76,1.5525,1.2075
20180405,2.79,1.5827,1.2073
20180406,2.8,1.5829,1.2171
20180409,2.78,1.5634,1.2166
20180410,2.8,1.5636,1.2364
20180411,2.79,1.5638,1.2262
20180412,2.79,1.5591,1.2309
20180413,2.82,1.5842,1.2358
20180416,2.83,1.5847,1.2453
20180417,2.83,1.5901,1.2399
20180418,2.82,1.5803,1.2397
20180419,2.84,1.5905,1.2495
20180420,2.84,1.5707,1.2693
20180423,2.91,1.5812,1.3288
20180424,2.89,1.5766,1.3134
20180426,2.93,1.607,1.323
20180427,2.89,1.5872,1.3028
20180430,2.84,1.5678,1.2722
20180501,2.8,1.548,1.252
20180502,2.82,1.5882,1.2318
20180503,2.81,1.5684,1.2416
20180504,2.79,1.5486,1.2414
20180507,2.77,1.5392,1.2308
20180508,2.76,1.5294,1.2306
20180509,2.8,1.5396,1.2604
20180510,2.76,1.4998,1.2602
20180511,2.73,1.47,1.26
20180514,2.71,1.4553,1.2547
20180515,2.74,1.4901,1.2499
20180516,2.8,1.5097,1.2903
20180517,2.84,1.5299,1.3101
20180518,2.86,1.5401,1.3199
20180521,2.83,1.5106,1.3194
20180522,2.83,1.5108,1.3192
20180523,2.81,1.491,1.319
20180524,2.77,1.4704,1.2996
20180525,2.74,1.4699,1.2701
20180528,2.72,1.4704,1.2496
20180529,2.74,1.4505,1.2895
20180530,2.73,1.4107,1.3193
20180531,2.73,1.4308,1.2992
20180601,2.75,1.431,1.319
20180605,2.79,1.4816,1.3084
20180606,2.8,1.4771,1.3229
20180607,2.85,1.5427,1.3073
20180608,2.99,1.5283,1.4617
20180611,2.98,1.5234,1.4566
20180612,2.98,1.5236,1.4564
20180613,3.0,1.5292,1.4708
20180614,2.96,1.5239,1.4361
20180615,2.91,1.4795,1.4305
20180618,2.89,1.47,1.42
20180619,2.85,1.4402,1.4098
20180620,2.89,1.4504,1.4396
20180621,2.95,1.467,1.483
20180622,2.95,1.4472,1.5028
20180625,2.92,1.4433,1.4767
20180626,2.9,1.4335,1.4665
20180627,2.89,1.4282,1.4618
20180628,2.85,1.4083,1.4417
20180629,2.85,1.4085,1.4415
20180702,2.83,1.3802,1.4498
20180703,2.79,1.3504,1.4396
20180704,2.78,1.3306,1.4494
20180705,2.78,1.3296,1.4504
20180706,2.82,1.3598,1.4602
20180709,2.83,1.3604,1.4696
20180710,2.87,1.365,1.505
20180711,2.86,1.3595,1.5005
20180712,2.86,1.3553,1.5047
20180713,2.85,1.3455,1.5045
20180716,2.83,1.3304,1.4996
20180717,2.88,1.3662,1.5138
20180718,2.87,1.3564,1.5136
20180719,2.84,1.3409,1.4991
20180720,2.79,1.3111,1.4789
20180723,2.81,1.3316,1.4784
20180724,2.82,1.3618,1.4582
20180725,2.79,1.352,1.438
20180726,2.78,1.3779,1.4021
20180727,2.74,1.378,1.362
20180730,2.73,1.3843,1.3457
20180731,2.76,1.4145,1.3455
20180801,2.79,1.4247,1.3653
20180802,2.81,1.4349,1.3751
20180803,2.8,1.435,1.365
20180806,2.77,1.4156,1.3544
20180807,2.75,1.3958,1.3542
20180808,2.76,1.396,1.364
20180809,2.67,1.3562,1.3138
20180810,2.59,1.2806,1.3094
20180813,2.58,1.3111,1.2689
20180814,2.58,1.3213,1.2587
20180815,2.57,1.3415,1.2285
20180816,2.57,1.3417,1.2283
20180817,2.58,1.3318,1.2482
20180820,2.57,1.2765,1.2935
20180821,2.59,1.2509,1.3391
20180822,2.59,1.2652,1.3248
20180823,2.57,1.2795,1.2905
20180824,2.57,1.2855,1.2845
20180827,2.58,1.286,1.294
20180828,2.61,1.3062,1.3038
20180829,2.61,1.2964,1.3136
20180830,2.55,1.2465,1.3035
20180831,2.53,1.2367,1.2933
20180903,2.52,1.2372,1.2828
20180904,2.52,1.2674,1.2526
20180905,2.55,1.2875,1.2625
20180906,2.53,1.2636,1.2664
20180907,2.53,1.2638,1.2662
20180910,2.55,1.2783,1.2717
20180911,2.57,1.2266,1.3434
20180912,2.59,1.2208,1.3692
20180913,2.55,1.185,1.365
20180914,2.55,1.1551,1.3949
20180917,2.58,1.1656,1.4144
20180918,2.61,1.1797,1.4303
20180919,2.65,1.2158,1.4342
20180920,2.66,1.236,1.424
20180921,2.67,1.2501,1.4199
20180924,2.66,1.2786,1.3814
20180925,2.68,1.2848,1.3952
20180926,2.69,1.2749,1.4151
20180927,2.65,1.2451,1.4049
20180928,2.61,1.2453,1.3647
20181001,2.61,1.2357,1.3743
20181002,2.61,1.2659,1.3441
20181003,2.58,1.27,1.31
20181004,2.62,1.2723,1.3477
20181005,2.61,1.2324,1.3776
20181008,2.64,1.2429,1.3971
20181009,2.66,1.2231,1.4369
20181010,2.67,1.2133,1.4567
20181011,2.62,1.2173,1.4027
20181012,2.66,1.2136,1.4464
20181015,2.64,1.1841,1.4559
20181016,2.69,1.1804,1.5096
20181017,2.68,1.1844,1.4956
20181018,2.69,1.2046,1.4854
20181019,2.66,1.2209,1.4391
20181023,2.65,1.2416,1.4084
20181024,2.63,1.2118,1.4182
20181025,2.56,1.1719,1.3881
20181026,2.54,1.1921,1.3479
20181029,2.52,1.1726,1.3474
20181030,2.52,1.1728,1.3472
20181031,2.54,1.1729,1.3671
20181101,2.57,1.2031,1.3669
20181102,2.59,1.2033,1.3867
20181105,2.64,1.2238,1.4162
20181106,2.64,1.234,1.406
20181107,2.74,1.2641,1.4759
20181108,2.78,1.3006,1.4794
20181109,2.8,1.3207,1.4793
20181112,2.8,1.335,1.465
20181113,2.79,1.3114,1.4786
20181114,2.78,1.2953,1.4847
20181115,2.75,1.2755,1.4745
20181116,2.72,1.2557,1.4643
20181119,2.69,1.2562,1.4338
20181120,2.71,1.25,1.46
20181121,2.72,1.2865,1.4335
20181122,2.69,1.3103,1.3797
20181123,2.67,1.3005,1.3695
20181126,2.65,1.3174,1.3326
20181127,2.64,1.3212,1.3188
20181128,2.62,1.3113,1.3087
20181129,2.57,1.3179,1.2521
20181130,2.56,1.308,1.252
20181203,2.58,1.3221,1.2579
20181204,2.51,1.2723,1.2377
20181205,2.48,1.2589,1.2211
20181206,2.45,1.2126,1.2374
20181207,2.45,1.1928,1.2572
20181210,2.44,1.1933,1.2467
20181211,2.45,1.2035,1.2465
20181212,2.48,1.2372,1.2428
20181213,2.51,1.2373,1.2727
20181214,2.48,1.2339,1.2461
20181217,2.47,1.2344,1.2356
20181218,2.45,1.2181,1.2319
20181219,2.44,1.2083,1.2317
20181220,2.34,1.1949,1.1451
20181221,2.4,1.2551,1.1449
20181224,2.39,1.2556,1.1344
20181227,2.4,1.2661,1.1339
20181228,2.39,1.2562,1.1338
20181231,2.36,1.2467,1.1133
20190103,2.29,1.2072,1.0828
20190104,2.33,1.2574,1.0726
20190107,2.4,1.3113,1.0887
20190108,2.39,1.3115,1.0785
20190109,2.39,1.3216,1.0684
20190110,2.33,1.2518,1.0782
20190111,2.33,1.2519,1.0781
20190114,2.29,1.2324,1.0576
20190115,2.3,1.2326,1.0674
20190116,2.27,1.2427,1.0273
20190117,2.28,1.2429,1.0371
20190118,2.32,1.263,1.057
20190121,2.32,1.2635,1.0565
20190122,2.33,1.2637,1.0663
20190123,2.34,1.2438,1.0962
20190124,2.35,1.244,1.106
20190125,2.31,1.2342,1.0758
20190128,2.31,1.2346,1.0754
20190129,2.32,1.2348,1.0852
20190130,2.32,1.2249,1.0951
20190131,2.26,1.1851,1.0749
20190201,2.2,1.1753,1.0247
20190204,2.19,1.1757,1.0143
20190205,2.21,1.1959,1.0141
20190207,2.15,1.1262,1.0238
20190208,2.11,1.0896,1.0204
20190211,2.12,1.0901,1.0299
20190212,2.11,1.0802,1.0298
20190213,2.18,1.1304,1.0496
20190214,2.22,1.1705,1.0495
20190215,2.2,1.1407,1.0593
20190218,2.22,1.1511,1.0689
20190219,2.23,1.1513,1.0787
20190220,2.23,1.1414,1.0886
20190221,2.19,1.1116,1.0784
20190222,2.18,1.0918,1.0882
20190225,2.15,1.0753,1.0747
20190226,2.15,1.0755,1.0745
20190227,2.14,1.0756,1.0644
20190228,2.16,1.0758,1.0842
20190301,2.17,1.0828,1.0872
20190304,2.2,1.1033,1.0967
20190305,2.17,1.0865,1.0835
20190306,2.15,1.0767,1.0733
20190307,2.12,1.0568,1.0632
20190308,2.07,1.04,1.03
20190311,2.09,1.0405,1.0495
20190312,2.09,1.0406,1.0494
20190313,2.04,1.0138,1.0262
20190314,2.05,1.0039,1.0461
20190315,2.07,1.0141,1.0559
20190318,2.07,1.0145,1.0555
20190319,2.05,0.9976,1.0524
20190320,2.05,0.9948,1.0552
20190321,2.0,0.9549,1.0451
20190322,1.98,0.938,1.042
20190325,1.9,0.8755,1.0245
20190326,1.87,0.8586,1.0114
20190327,1.76,0.7687,0.9913
20190328,1.75,0.7688,0.9812
20190329,1.81,0.779,1.031
20190401,1.83,0.8194,1.0106
20190402,1.86,0.8195,1.0405
20190403,1.91,0.8496,1.0604
20190404,2.0,0.9297,1.0703
20190405,2.0,0.8999,1.1001
20190408,1.98,0.8803,1.0997
20190409,2.02,0.9104,1.1096
20190410,2.06,0.9305,1.1295
20190411,2.03,0.9307,1.0993
20190412,2.02,0.9208,1.0992
20190415,2.05,0.9612,1.0888
20190416,2.02,0.9413,1.0787
20190417,1.97,0.9115,1.0585
20190418,1.97,0.9016,1.0684
20190423,1.95,0.8922,1.0578
20190424,1.89,0.8424,1.0476
20190426,1.9,0.8454,1.0546
20190429,1.9,0.8386,1.0614
20190430,1.9,0.8487,1.0513
20190501,1.85,0.8116,1.0384
20190502,1.88,0.8273,1.0527
20190503,1.89,0.8202,1.0698
20190506,1.86,0.8177,1.0423
20190507,1.87,0.8178,1.0522
20190508,1.86,0.7534,1.1066
20190509,1.83,0.7335,1.0965
20190510,1.82,0.7063,1.1137
20190513,1.8,0.6993,1.1007
20190514,1.78,0.7394,1.0406
20190515,1.8,0.7368,1.0632
20190516,1.79,0.7168,1.0732
20190517,1.79,0.7096,1.0804
20190520,1.81,0.7199,1.0901
20190521,1.8,0.7126,1.0874
20190522,1.79,0.71,1.08
20190523,1.77,0.6928,1.0772
20190524,1.74,0.6729,1.0671
20190527,1.74,0.6657,1.0743
20190528,1.75,0.6732,1.0768
20190529,1.7,0.6632,1.0368
20190530,1.77,0.6759,1.0941
20190531,1.71,0.646,1.064
20190604,1.69,0.6363,1.0537
20190605,1.69,0.6389,1.0511
20190606,1.68,0.629,1.051
20190607,1.7,0.6291,1.0709
20190610,1.74,0.6318,1.1082
20190611,1.73,0.6245,1.1055
20190612,1.71,0.632,1.078
20190613,1.68,0.622,1.058
20190614,1.64,0.6146,1.0254
20190617,1.64,0.5948,1.0452
20190618,1.63,0.5948,1.0352
20190619,1.59,0.5749,1.0151
20190620,1.51,0.5349,0.9751
20190621,1.51,0.535,0.975
20190624,1.53,0.5352,0.9948
20190625,1.53,0.5252,1.0048
20190626,1.54,0.5153,1.0247
20190627,1.6,0.5504,1.0496
20190628,1.57,0.558,1.012
20190701,1.58,0.5607,1.0193
20190702,1.56,0.5407,1.0193
20190703,1.54,0.5208,1.0192
20190704,1.52,0.5209,0.9991
20190705,1.52,0.5109,1.0091
20190708,1.54,0.5111,1.0289
20190709,1.53,0.5264,1.0036
20190710,1.54,0.5265,1.0135
20190711,1.54,0.5165,1.0235
20190712,1.62,0.5642,1.0558
20190715,1.65,0.6121,1.0379
20190716,1.6,0.5269,1.0731
20190717,1.61,0.537,1.073
20190718,1.58,0.5247,1.0553
20190719,1.57,0.5548,1.0152
20190722,1.58,0.545,1.035
20190723,1.56,0.5251,1.0349
20190724,1.56,0.5329,1.0271
20190725,1.53,0.523,1.007
20190726,1.51,0.5154,0.9946
20190729,1.48,0.511,0.969
20190730,1.47,0.4988,0.9712
20190731,1.44,0.4544,0.9856
20190801,1.45,0.4268,1.0232
20190802,1.36,0.3669,0.9931
20190805,1.31,0.3249,0.9851
20190806,1.3,0.2773,1.0227
20190807,1.16,0.1551,1.0049
20190808,1.1,0.133,0.967
20190809,1.08,0.1054,0.9746
20190812,1.09,0.1235,0.9665
20190813,1.07,0.0958,0.9742
20190814,1.1,0.1159,0.9841
20190815,1.02,0.066,0.954
20190816,1.0,0.0361,0.9639
20190819,1.04,0.0443,0.9957
20190820,1.07,0.0444,1.0256
20190821,1.06,0.0367,1.0233
20190822,1.09,0.0768,1.0132
20190823,1.14,0.1026,1.0374
20190827,1.09,0.0652,1.0248
20190828,1.08,0.0474,1.0326
20190829,1.06,0.0454,1.0146
20190830,1.07,0.0556,1.0144
20190902,1.04,0.078,0.962
20190903,1.04,0.0781,0.9619
20190904,1.03,0.0682,0.9618
20190905,1.06,0.0962,0.9638
20190906,1.15,0.1464,1.0036
20190909,1.13,0.1288,1.0012
20190910,1.19,0.1589,1.0311
20190911,1.25,0.209,1.041
20190912,1.29,0.2111,1.0789
20190913,1.32,0.2112,1.1088
20190916,1.33,0.2216,1.1084
20190917,1.27,0.1996,1.0704
20190918,1.24,0.2018,1.0382
20190919,1.18,0.1799,1.0001
20190920,1.15,0.162,0.988
20190923,1.13,0.1503,0.9797
20190924,1.13,0.1504,0.9796
20190925,1.11,0.1605,0.9495
20190926,1.12,0.1906,0.9294
20190927,1.1,0.1907,0.9093
20190930,1.09,0.1911,0.8989
20191001,1.11,0.1931,0.9169
20191002,1.06,0.1632,0.8968
20191003,1.03,0.1414,0.8886
20191004,1.0,0.1296,0.8704
20191007,0.99,0.1218,0.8682
20191008,1.0,0.1219,0.8781
20191009,1.01,0.132,0.878
20191010,1.05,0.134,0.916
20191011,1.15,0.1823,0.9677
20191014,1.18,0.2126,0.9674
20191015,1.15,0.1946,0.9554
20191016,1.18,0.1728,1.0072
20191017,1.2,0.1611,1.0389
20191018,1.24,0.1912,1.0488
20191021,1.27,0.1997,1.0703
20191022,1.33,0.2198,1.1102
20191023,1.28,0.1999,1.0801
20191024,1.26,0.1782,1.0818
20191025,1.2,0.1284,1.0716
20191029,1.31,0.1789,1.1311
20191030,1.3,0.1872,1.1128
20191031,1.31,0.1791,1.1309
20191101,1.28,0.1575,1.1225
20191104,1.32,0.1861,1.1339
20191105,1.35,0.1998,1.1502
20191106,1.35,0.2199,1.1301
20191107,1.32,0.2,1.12
20191108,1.38,0.2384,1.1416
20191111,1.39,0.2388,1.1512
20191112,1.37,0.2289,1.1411
20191113,1.48,0.3408,1.1392
20191114,1.42,0.2892,1.1308
20191115,1.4,0.2593,1.1407
20191118,1.4,0.2597,1.1403
20191119,1.38,0.2498,1.1302
20191120,1.36,0.2383,1.1217
20191121,1.32,0.1984,1.1216
20191122,1.35,0.2202,1.1298
20191125,1.33,0.2106,1.1194
20191126,1.32,0.2008,1.1192
20191127,1.3,0.1893,1.1107
20191128,1.28,0.1694,1.1106
20191129,1.29,0.1712,1.1188
20191202,1.35,0.1816,1.1684
20191203,1.43,0.2317,1.1983
20191204,1.4,0.1918,1.2082
20191205,1.46,0.2804,1.1796
20191206,1.49,0.2989,1.1911
20191209,1.55,0.3278,1.2222
20191210,1.53,0.301,1.229
20191211,1.52,0.3196,1.2004
20191212,1.51,0.3398,1.1702
20191213,1.58,0.3999,1.1801
20191216,1.53,0.3703,1.1597
20191217,1.55,0.3905,1.1595
20191218,1.56,0.3921,1.1679
20191219,1.59,0.4123,1.1777
20191220,1.62,0.4709,1.1491
20191223,1.62,0.4713,1.1487
20191224,1.62,0.47,1.15
20191227,1.62,0.4704,1.1496
20191230,1.64,0.4723,1.1677
20191231,1.65,0.4996,1.1504
20200103,1.58,0.4715,1.1085
20200106,1.53,0.4405,1.0895
20200107,1.52,0.4221,1.0979
20200108,1.47,0.3908,1.0792
20200109,1.48,0.3924,1.0876
20200110,1.48,0.3825,1.0975
20200113,1.47,0.373,1.097
20200114,1.52,0.4104,1.1096
20200115,1.51,0.4019,1.1081
20200116,1.52,0.4007,1.1193
20200117,1.54,0.4195,1.1205
20200120,1.54,0.42,1.12
20200121,1.55,0.4102,1.1398
20200122,1.52,0.4016,1.1184
20200123,1.5,0.4018,1.0982
20200124,1.45,0.3193,1.1307
20200127,1.45,0.3198,1.1302
20200128,1.32,0.23,1.09
20200129,1.38,0.2302,1.1498
20200130,1.29,0.2404,1.0496
20200131,1.31,0.2105,1.0995
20200203,1.24,0.171,1.069
20200204,1.23,0.19,1.04
20200205,1.33,0.3026,1.0274
20200207,1.34,0.3217,1.0183
20200210,1.28,0.2622,1.0178
20200211,1.29,0.2624,1.0276
20200212,1.39,0.3138,1.0762
20200213,1.4,0.3239,1.0761
20200214,1.37,0.3041,1.0659
20200217,1.35,0.2946,1.0554
20200218,1.32,0.2748,1.0452
20200219,1.34,0.2838,1.0562
20200220,1.3,0.2439,1.0561
20200221,1.26,0.2141,1.0459
20200224,1.21,0.1746,1.0354
20200225,1.2,0.1648,1.0352
20200226,1.19,0.1649,1.0251
20200227,1.12,0.1351,0.9849
20200228,1.06,0.1064,0.9536
20200302,1.01,0.0558,0.9542
20200303,1.06,0.106,0.954
20200304,1.03,0.0472,0.9828
20200305,1.07,0.0863,0.9837
20200306,0.95,0.0465,0.9035
20200309,0.84,0.0302,0.8098
20200310,0.92,0.0803,0.8397
20200311,0.98,0.1426,0.8374
20200312,1.02,0.2106,0.8094
20200313,1.2,0.4018,0.7982
20200316,1.01,0.3602,0.6498
20200317,1.25,0.4904,0.7596
20200318,1.47,0.7814,0.6886
20200319,1.9,1.1816,0.7184
20200320,1.47,0.9098,0.5602
20200323,0.96,0.5724,0.3876
20200324,1.01,0.6126,0.3974
20200325,1.11,0.6629,0.4471
20200326,1.09,0.5131,0.5769
20200327,1.09,0.4133,0.6767
20200330,1.03,0.3458,0.6842
20200331,1.08,0.365,0.715
20200401,1.11,0.3662,0.7438
20200402,1.09,0.3864,0.7036
20200403,1.02,0.3394,0.6806
20200406,1.02,0.3299,0.6901
20200407,1.1,0.3701,0.7299
20200408,1.08,0.3694,0.7106
20200409,0.97,0.3005,0.6695
20200414,0.97,0.2322,0.7378
20200415,1.0,0.2324,0.7676
20200416,0.93,0.1826,0.7474
20200417,0.94,0.1627,0.7773
20200420,0.91,0.1441,0.7659
20200421,0.91,0.1535,0.7565
20200422,0.89,0.1636,0.7264
20200423,0.9,0.1738,0.7262
20200424,0.83,0.1664,0.6636
20200428,0.74,0.1547,0.5853
20200429,0.79,0.1356,0.6544
20200430,0.73,0.1458,0.5842
20200501,0.61,0.0775,0.5325
20200504,0.57,0.1803,0.3897
20200505,0.59,0.1812,0.4088
20200506,0.67,0.2021,0.4679
20200507,0.63,0.2214,0.4086
20200508,0.57,0.1845,0.3855
20200511,0.59,0.1849,0.4051
20200512,0.6,0.185,0.415
20200513,0.49,0.0465,0.4435
20200514,0.53,0.0173,0.5127
20200515,0.64,-0.0526,0.6926
20200518,0.64,-0.0816,0.7216
20200519,0.66,-0.0815,0.7415
20200520,0.68,-0.0814,0.7614
20200521,0.63,-0.1006,0.7306
20200522,0.61,-0.0612,0.6712
20200525,0.64,-0.0503,0.6903
20200526,0.68,-0.0102,0.6902
20200527,0.73,0.0192,0.7108
20200528,0.76,0.01,0.75
20200529,0.82,0.0201,0.7999
20200602,0.85,0.021,0.829
20200603,0.9,0.1211,0.7789
20200604,0.93,0.14,0.79
20200605,0.98,0.2013,0.7787
20200608,1.01,0.2215,0.7885
20200609,0.96,0.1921,0.7679
20200610,0.94,0.1828,0.7572
20200611,0.85,0.1328,0.7172
20200612,0.81,0.1124,0.6976
20200615,0.79,0.1131,0.6769
20200616,0.84,0.1148,0.7252
20200617,0.86,0.1053,0.7547
20200618,0.86,0.0954,0.7646
20200619,0.9,0.1054,0.7946
20200622,0.89,0.0851,0.8049
20200623,0.92,0.0852,0.8348
20200624,0.96,0.1433,0.8167
20200625,0.95,0.1148,0.8352
20200626,0.94,0.1053,0.8347
20200629,0.91,0.095,0.815
20200630,0.93,0.0951,0.8349
20200701,0.98,0.0952,0.8848
20200702,0.97,0.1152,0.8548
20200703,0.96,0.1153,0.8447
20200706,1.0,0.1155,0.8845
20200707,0.98,0.1155,0.8645
20200708,0.97,0.106,0.864
20200709,1.01,0.1156,0.8944
20200710,0.98,0.0861,0.8939
20200713,0.98,0.0959,0.8841
20200714,0.94,0.0759,0.8641
20200715,0.95,0.086,0.864
20200716,0.93,0.0761,0.8539
20200717,0.9,0.0761,0.8239
20200720,0.88,0.0763,0.8037
20200721,0.86,0.0564,0.8036
20200722,0.86,0.0564,0.8036
20200723,0.85,0.0562,0.7938
20200724,0.82,0.0365,0.7835
20200727,0.83,0.0267,0.8033
20200728,0.85,0.0368,0.8132
20200729,0.83,0.0368,0.7932
20200730,0.8,-0.0428,0.8428
20200731,0.75,-0.0825,0.8325
20200803,0.75,-0.0926,0.8426
20200804,0.75,-0.1023,0.8523
20200805,0.75,-0.112,0.862
20200806,0.78,-0.1019,0.8819
20200807,0.77,-0.1519,0.9219
20200810,0.78,-0.1818,0.9618
20200811,0.78,-0.2017,0.9817
20200812,0.73,-0.2817,1.0117
20200813,0.64,-0.3816,1.0216
20200814,0.67,-0.4512,1.1212
20200817,0.69,-0.4809,1.1709
20200818,0.67,-0.4911,1.1611
20200819,0.66,-0.511,1.171
20200820,0.64,-0.511,1.151
20200821,0.62,-0.521,1.141
20200824,0.58,-0.5309,1.1109
20200825,0.54,-0.5308,1.0708
20200826,0.58,-0.5008,1.0808
20200827,0.57,-0.4908,1.0608
20200828,0.63,-0.4906,1.1206
20200831,0.63,-0.5006,1.1306
20200901,0.63,-0.5106,1.1406
20200902,0.64,-0.5206,1.1606
20200903,0.64,-0.5305,1.1705
20200904,0.59,-0.5206,1.1106
20200907,0.62,-0.4905,1.1105
20200908,0.62,-0.4905,1.1105
20200909,0.56,-0.5304,1.0904
20200910,0.62,-0.4805,1.1005
20200911,0.6,-0.4705,1.0705
20200914,0.6,-0.4703,1.0703
20200915,0.61,-0.4802,1.0902
20200916,0.58,-0.4802,1.0602
20200917,0.55,-0.4801,1.0301
20200918,0.54,-0.4801,1.0201
20200921,0.53,-0.4699,0.9999
20200922,0.51,-0.5098,1.0198
20200923,0.48,-0.4898,0.9698
20200924,0.46,-0.4998,0.9598
20200925,0.46,-0.5097,0.9697
20200928,0.46,-0.5095,0.9695
20200929,0.46,-0.5095,0.9695
20200930,0.51,-0.5294,1.0394
20201001,0.52,-0.5294,1.0494
20201002,0.5,-0.5293,1.0293
20201005,0.52,-0.5292,1.0492
20201006,0.53,-0.5191,1.0491
20201007,0.53,-0.549,1.079
20201008,0.55,-0.5488,1.0988
20201009,0.55,-0.5486,1.0986
20201012,0.58,-0.5484,1.1284
20201013,0.59,-0.5483,1.1383
20201014,0.58,-0.5483,1.1283
20201015,0.54,-0.5782,1.1182
20201016,0.54,-0.5981,1.1381
20201019,0.54,-0.5979,1.1379
20201020,0.53,-0.5978,1.1278
20201021,0.59,-0.5678,1.1578
20201022,0.57,-0.5777,1.1477
20201023,0.6,-0.5776,1.1776
20201027,0.55,-0.5973,1.1473
20201028,0.5,-0.6073,1.1073
20201029,0.51,-0.6172,1.1272
20201030,0.53,-0.5773,1.1073
20201102,0.56,-0.5669,1.1269
20201103,0.53,-0.5768,1.1068
20201104,0.57,-0.557,1.127
20201105,0.52,-0.5062,1.0262
20201106,0.57,-0.5061,1.0761
20201109,0.59,-0.4959,1.0859
20201110,0.73,-0.4352,1.1652
20201111,0.87,-0.4048,1.2748
20201112,0.86,-0.4044,1.2644
20201113,0.82,-0.4243,1.2443
20201116,0.84,-0.4143,1.2543
20201117,0.91,-0.3942,1.3042
20201118,0.86,-0.4041,1.2641
20201119,0.84,-0.3237,1.1637
20201120,0.81,-0.2833,1.0933
20201123,0.8,-0.3033,1.1033
20201124,0.91,-0.2421,1.1521
20201125,0.97,-0.222,1.192
20201126,0.9,-0.2519,1.1519
20201127,0.89,-0.2817,1.1717
20201130,0.85,-0.291,1.141
20201201,0.85,-0.2909,1.1409
20201202,0.91,-0.2807,1.1907
20201203,0.9,-0.2994,1.1994
20201204,0.91,-0.2892,1.1992
20201207,0.95,-0.2884,1.2384
20201208,0.94,-0.2978,1.2378
20201209,0.92,-0.2977,1.2177
20201210,0.89,-0.3184,1.2084
20201211,0.88,-0.3383,1.2183
20201214,0.85,-0.3478,1.1978
20201215,0.87,-0.3572,1.2272
20201216,0.89,-0.3571,1.2471
20201217,0.94,-0.3674,1.3074
20201218,0.96,-0.3768,1.3368
20201221,0.95,-0.3768,1.3268
20201222,0.96,-0.3767,1.3367
20201223,0.95,-0.3865,1.3365
20201224,0.98,-0.3859,1.3659
20201229,0.99,-0.3851,1.3751
20201230,0.99,-0.385,1.375
20201231,0.99,-0.3848,1.3748
20210105,0.93,-0.4047,1.3347
20210106,0.96,-0.394,1.354
20210107,1.02,-0.3744,1.3944
20210108,1.06,-0.3443,1.4043
20210111,1.06,-0.3532,1.4132
20210112,1.09,-0.3437,1.4337
20210113,1.08,-0.3636,1.4436
20210114,1.06,-0.4134,1.4734
20210115,1.02,-0.4333,1.4533
20210118,1.01,-0.4022,1.4122
20210119,1.01,-0.4014,1.4114
20210120,1.03,-0.4012,1.4312
20210121,1.03,-0.3911,1.4211
20210122,1.08,-0.4389,1.5189
20210125,1.08,-0.4384,1.5184
20210126,1.03,-0.4582,1.4882
20210127,1.07,-0.4573,1.5273
20210128,1.08,-0.4464,1.5264
20210129,1.13,-0.4462,1.5762
20210201,1.13,-0.4457,1.5757
20210202,1.22,-0.4048,1.6248
20210203,1.33,-0.3631,1.6931
20210204,1.37,-0.3806,1.7506
20210205,1.37,-0.3689,1.7389
20210209,1.43,-0.3072,1.7372
20210210,1.39,-0.3154,1.7054
20210211,1.3,-0.3552,1.6552
20210212,1.3,-0.3249,1.6249
20210215,1.37,-0.3134,1.6834
20210216,1.43,-0.2907,1.7207
20210217,1.52,-0.2396,1.7596
20210218,1.49,-0.2377,1.7277
20210219,1.51,-0.2582,1.7682
20210222,1.64,-0.1374,1.7774
20210223,1.63,-0.1571,1.7871
20210224,1.69,-0.1369,1.8269
20210225,1.87,-0.0257,1.8957
20210226,1.89,0.0537,1.8363
20210301,1.74,0.51,1.23
20210302,1.75,-0.0852,1.8352
20210303,1.74,-0.095,1.835
20210304,1.85,-0.0138,1.8638
20210305,1.93,0.0183,1.9117
20210308,1.88,-0.0208,1.9008
20210309,1.88,-0.0214,1.9014
20210310,1.81,-0.1012,1.9112
20210311,1.72,-0.1809,1.9009
20210312,1.73,-0.2006,1.9306
20210315,1.83,-0.1288,1.9588
20210316,1.76,-0.1785,1.9385
20210317,1.77,-0.1882,1.9582
20210318,1.79,-0.214,2.004
20210319,1.82,-0.1617,1.9817
20210322,1.75,-0.2007,1.9507
20210323,1.69,-0.2504,1.9404
20210324,1.52,-0.2901,1.8101
20210325,1.58,-0.2987,1.8787
20210326,1.63,-0.2894,1.9194
20210329,1.68,-0.2574,1.9374
20210330,1.76,-0.206,1.966
20210331,1.81,-0.1746,1.9846
20210401,1.82,-0.1601,1.9801
20210406,1.79,-0.1315,1.9215
20210407,1.75,-0.1223,1.8723
20210408,1.75,-0.1497,1.8997
20210409,1.71,-0.1505,1.8605
20210412,1.73,-0.1461,1.8761
20210413,1.75,-0.1546,1.9046
20210414,1.69,-0.1654,1.8554
20210415,1.68,-0.0673,1.7473
20210416,1.63,-0.0981,1.7281
20210419,1.61,-0.0959,1.7059
20210420,1.65,-0.0667,1.7167
20210421,1.6,-0.0952,1.6952
20210422,1.56,-0.1072,1.6672
20210423,1.6,-0.1056,1.7056
20210427,1.61,-0.1043,1.7143
20210428,1.62,-0.0751,1.6951
20210429,1.61,-0.0784,1.6884
20210430,1.65,-0.0493,1.6993
20210503,1.68,-0.0396,1.7196
20210504,1.68,-0.0493,1.7293
20210505,1.73,-0.049,1.779
20210506,1.72,-0.0587,1.7787
20210507,1.73,-0.0884,1.8184
20210510,1.77,-0.0962,1.8662
20210511,1.78,-0.0958,1.8758
20210512,1.84,-0.0868,1.9268
20210513,1.88,-0.0865,1.9665
20210514,1.9,-0.0962,1.9962
20210517,1.88,-0.0952,1.9752
20210518,1.9,-0.0849,1.9849
20210519,1.88,-0.0846,1.9646
20210520,1.87,-0.083,1.953
20210521,1.83,-0.0827,1.9127
20210524,1.81,-0.0817,1.8917
20210525,1.79,-0.0814,1.8714
20210526,1.88,-0.0624,1.9424
20210527,1.89,0.0079,1.8821
20210528,1.85,-0.0004,1.8504
20210531,1.8,0.0005,1.7995
20210601,1.74,-0.0006,1.7406
20210602,1.78,0.0098,1.7702
20210603,1.79,0.0101,1.7799
20210604,1.85,0.0104,1.8396
20210608,1.8,-0.0084,1.8084
20210609,1.76,-0.0281,1.7881
20210610,1.69,-0.0563,1.7463
20210611,1.64,-0.086,1.726
20210614,1.65,-0.0665,1.7165
20210615,1.64,-0.0662,1.7062
20210616,1.66,-0.0459,1.7059
20210617,1.79,0.0544,1.7356
20210618,1.78,0.0448,1.7352
20210621,1.74,0.0457,1.6943
20210622,1.82,0.1145,1.7055
20210623,1.8,0.1063,1.6937
20210624,1.79,0.1851,1.6049
20210625,1.81,0.1954,1.6146
20210628,1.83,0.2263,1.6037
20210629,1.78,0.2266,1.5534
20210630,1.77,0.1823,1.5877
20210701,1.77,0.1626,1.6074
20210702,1.7,0.1013,1.5987
20210705,1.65,0.1043,1.5457
20210706,1.71,0.2013,1.5087
20210707,1.64,0.1416,1.4984
20210708,1.56,0.1818,1.3782
20210709,1.54,0.0821,1.4579
20210712,1.53,0.0528,1.4772
20210713,1.55,0.0214,1.5286
20210714,1.64,0.0401,1.5999
20210715,1.64,0.0303,1.6097
20210716,1.64,-0.086,1.726
20210719,1.61,-0.1054,1.7154
20210720,1.51,-0.1652,1.6752
20210721,1.55,-0.1633,1.7133
20210722,1.52,-0.1531,1.6731
20210723,1.51,-0.1429,1.6529
20210726,1.49,-0.1622,1.6522
20210727,1.52,-0.172,1.692
20210728,1.5,-0.1918,1.6918
20210729,1.48,-0.2315,1.7115
20210730,1.52,-0.2196,1.7396
20210802,1.53,-0.2207,1.7507
20210803,1.53,-0.2304,1.7604
20210804,1.61,-0.2185,1.8285
20210805,1.59,-0.16,1.75
20210806,1.62,-0.168,1.788
20210809,1.68,-0.1091,1.7891
20210810,1.7,-0.1089,1.8089
20210811,1.72,-0.1087,1.8287
20210812,1.7,-0.1085,1.8085
20210813,1.73,-0.1065,1.8365
20210816,1.71,-0.0976,1.8076
20210817,1.63,-0.1092,1.7392
20210818,1.68,-0.1072,1.7872
20210819,1.65,-0.0869,1.7369
20210820,1.59,-0.0786,1.6686
20210823,1.59,-0.0779,1.6679
20210824,1.62,-0.0777,1.6977
20210825,1.65,-0.0538,1.7038
20210826,1.66,-0.0373,1.6973
20210827,1.71,-0.0252,1.7352
20210830,1.72,-0.0164,1.7364
20210831,1.72,-0.0162,1.7362
20210901,1.81,-0.0041,1.8141
20210902,1.82,-0.0039,1.8239
20210903,1.84,-0.0075,1.8475
20210906,1.89,0.0012,1.8888
20210907,1.91,0.0053,1.9047
20210908,1.93,0.0155,1.9145
20210909,1.89,0.0057,1.8843
20210910,1.87,0.0359,1.8341
20210913,1.9,0.0466,1.8534
20210914,1.86,0.0268,1.8332
20210915,1.78,-0.023,1.803
20210916,1.83,-0.0128,1.8428
20210917,1.87,-0.0126,1.8826
20210920,1.89,-0.0119,1.9019
20210921,1.86,-0.0017,1.8617
20210922,1.87,-0.0015,1.8715
20210923,1.82,-0.0213,1.8413
20210924,1.93,0.0689,1.8611
20210927,1.93,0.0396,1.8904
20210928,1.96,0.0598,1.9002
20210929,1.97,0.0879,1.8821
20210930,2.0,0.0881,1.9119
20211001,2.01,0.198,1.812
20211004,1.98,0.1865,1.7935
20211005,1.99,0.2983,1.6917
20211006,2.0,0.2785,1.7215
20211007,1.99,0.1987,1.7913
20211008,2.04,0.2088,1.8312
20211011,2.09,0.2093,1.8807
20211012,2.1,0.2194,1.8806
20211013,2.13,0.2338,1.8962
20211014,2.11,0.224,1.886
20211015,2.17,0.2142,1.9558
20211018,2.33,0.1597,2.1703
20211019,2.33,0.2035,2.1265
20211020,2.37,0.2136,2.1564
20211021,2.42,0.226,2.194
20211022,2.42,0.274,2.146
20211026,2.44,0.2748,2.1652
20211027,2.54,0.3127,2.2273
20211028,2.59,0.3341,2.2559
20211029,2.58,0.4698,2.1102
20211101,2.54,0.4703,2.0697
20211102,2.54,0.4804,2.0596
20211103,2.52,0.5006,2.0194
20211104,2.56,0.5307,2.0293
20211105,2.52,0.5831,1.9369
20211108,2.51,0.5836,1.9264
20211109,2.53,0.656,1.874
20211110,2.52,0.6339,1.8861
20211111,2.61,0.5863,2.0237
20211112,2.6,0.5742,2.0258
20211115,2.64,0.5046,2.1354
20211116,2.67,0.4948,2.1752
20211117,2.67,0.3749,2.2951
20211118,2.63,0.3404,2.2896
20211119,2.62,0.3959,2.2241
20211122,2.6,0.4163,2.1837
20211123,2.61,0.4665,2.1435
20211124,2.56,0.3389,2.2211
20211125,2.58,0.3391,2.2409
20211126,2.53,0.4058,2.1242
20211129,2.52,0.4063,2.1137
20211130,2.49,0.4065,2.0835
20211201,2.46,0.4143,2.0457
20211202,2.42,0.3668,2.0532
20211203,2.39,0.347,2.043
20211206,2.35,0.3175,2.0325
20211207,2.41,0.3177,2.0923
20211208,2.43,0.3379,2.0921
20211209,2.49,0.3581,2.1319
20211210,2.47,0.3382,2.1318
20211213,2.43,0.3388,2.0912
20211214,2.38,0.3389,2.0411
20211215,2.35,0.2767,2.0733
20211216,2.33,0.2768,2.0532
20211217,2.31,0.267,2.043
20211220,2.27,0.2675,2.0025
20211221,2.28,0.2677,2.0123
20211222,2.32,0.2678,2.0522
20211223,2.33,0.278,2.052
20211224,2.35,0.2782,2.0718
20211229,2.31,0.269,2.041
20211230,2.35,0.2692,2.0808
20211231,2.38,0.2668,2.1132
20220105,2.48,0.3276,2.1524
20220106,2.53,0.3778,2.1522
20220107,2.53,0.408,2.122
20220110,2.59,0.4211,2.1689
20220111,2.59,0.4212,2.1688
20220112,2.55,0.4114,2.1386
20220113,2.53,0.4416,2.0884
20220114,2.51,0.4417,2.0683
20220117,2.58,0.5323,2.0477
20220118,2.55,0.5224,2.0276
20220119,2.61,0.5873,2.0227
20220120,2.59,0.5874,2.0026
20220121,2.53,0.5922,1.9378
20220124,2.53,0.5927,1.9373
20220125,2.57,0.6128,1.9572
20220126,2.62,0.603,2.017
20220127,2.67,0.6031,2.0669
20220128,2.61,0.5933,2.0167
20220131,2.61,0.5937,2.0163
20220201,2.6,0.6139,1.9861
20220202,2.58,0.6167,1.9633
20220203,2.52,0.5642,1.9558
20220204,2.6,0.6171,1.9829
20220208,2.71,0.6749,2.0351
20220209,2.75,0.7078,2.0422
20220210,2.73,0.7152,2.0148
20220211,2.82,0.7753,2.0447
20220214,2.79,0.7158,2.0742
20220215,2.83,0.7631,2.0669
20220216,2.84,0.7633,2.0767
20220217,2.82,0.7534,2.0666
20220218,2.82,0.7307,2.0893
20220221,2.77,0.6783,2.0917
20220222,2.71,0.6584,2.0516
20220223,2.79,0.6885,2.1015
20220224,2.77,0.6558,2.1142
20220225,2.8,0.6531,2.1469
20220228,2.75,0.5992,2.1508
20220301,2.77,0.5864,2.1836
20220302,2.74,0.4966,2.2434
20220303,2.79,0.5196,2.2704
20220304,2.8,0.4997,2.3003
20220307,2.74,0.4472,2.2928
20220308,2.82,0.4473,2.3727
20220309,2.89,0.4804,2.4096
20220310,2.94,0.4605,2.4795
20220311,2.98,0.5206,2.4594
20220314,3.03,0.5381,2.4919
20220315,3.13,0.5712,2.5588
20220316,3.16,0.5613,2.5987
20220317,3.16,0.6025,2.5575
20220318,3.17,0.6226,2.5474
20220321,3.16,0.613,2.547
20220322,3.29,0.7131,2.5769
20220323,3.33,0.7632,2.5668
20220324,3.3,0.7863,2.5137
20220325,3.3,0.7964,2.5036
20220328,3.34,0.8668,2.4732
20220329,3.32,0.8839,2.4361
20220330,3.28,0.917,2.363
20220331,3.22,0.9441,2.2759
20220401,3.27,0.9342,2.3358
20220404,3.29,0.9577,2.3323
20220405,3.25,0.9347,2.3153
20220406,3.42,0.9679,2.4521
20220407,3.44,0.958,2.482
20220408,3.45,0.9481,2.5019
20220411,3.51,0.9785,2.5315
20220412,3.55,1.0386,2.5114
20220413,3.46,1.0456,2.4144
20220414,3.42,1.0189,2.4011
20220419,3.47,1.0195,2.4505
20220420,3.51,1.0464,2.4636
20220421,3.5,1.0465,2.4535
20220422,3.58,1.1766,2.4034
20220426,3.6,1.1503,2.4497
20220427,3.62,1.1404,2.4796
20220428,3.59,1.1505,2.4395
20220429,3.64,1.2307,2.4093
20220502,3.69,1.231,2.459
20220503,3.71,1.2579,2.4521
20220504,3.81,1.3113,2.4987
20220505,3.75,1.3314,2.4186
20220506,3.8,1.4215,2.3785
20220509,3.82,1.5019,2.3181
20220510,3.8,1.502,2.298
20220511,3.77,1.5221,2.2479
20220512,3.7,1.4522,2.2478
20220513,3.62,1.3923,2.2277
20220516,3.58,1.486,2.094
20220517,3.63,1.5195,2.1105
20220518,3.64,1.5763,2.0637
20220519,3.63,1.6896,1.9404
20220520,3.51,1.5531,1.9569
20220523,3.53,1.5436,1.9864
20220524,3.5,1.4838,2.0162
20220525,3.56,1.504,2.056
20220526,3.5,1.4942,2.0058
20220527,3.52,1.491,2.029
20220530,3.54,1.4915,2.0485
20220531,3.62,1.5382,2.0818
20220601,3.63,1.5484,2.0816
20220602,3.67,1.5985,2.0715
20220603,3.68,1.5887,2.0913
20220607,3.75,1.6093,2.1407
20220608,3.8,1.6395,2.1605
20220609,3.88,1.6897,2.1903
20220610,3.93,1.7198,2.2102
20220613,4.06,1.7738,2.2862
20220614,4.23,1.9005,2.3295
20220615,4.3,1.9941,2.3059
20220616,4.29,1.9708,2.3192
20220617,4.26,1.9609,2.2991
20220620,4.21,1.9649,2.2451
20220621,4.22,1.9951,2.2249
20220622,4.16,1.9952,2.1648
20220623,4.0,1.9154,2.0846
20220627,3.91,1.8761,2.0339
20220628,3.92,1.9162,2.0038
20220629,3.94,1.9164,2.0236
20220630,3.88,1.8801,1.9999
20220701,3.71,1.7609,1.9491
20220704,3.65,1.6894,1.9606
20220705,3.73,1.7096,2.0204
20220706,3.63,1.6234,2.0066
20220707,3.65,1.6736,1.9764
20220708,3.66,1.6738,1.9862
20220711,3.74,1.6945,2.0455
20220712,3.7,1.6547,2.0453
20220713,3.64,1.5985,2.0415
20220714,3.68,1.6324,2.0476
20220715,3.69,1.6126,2.0774
20220718,3.68,1.6233,2.0567
20220719,3.72,1.6735,2.0465
20220720,3.79,1.6938,2.0962
20220721,3.78,1.694,2.086
20220722,3.69,1.6242,2.0658
20220725,3.61,1.5549,2.0551
20220726,3.59,1.5551,2.0349
20220727,3.53,1.5372,1.9928
20220728,3.51,1.4223,2.0877
20220729,3.4,1.24,2.16
20220801,3.42,1.2611,2.1589
20220802,3.32,1.1489,2.1711
20220803,3.34,1.1392,2.2008
20220804,3.41,1.1896,2.2204
20220805,3.35,1.2099,2.1401
20220808,3.39,1.2734,2.1166
20220809,3.29,1.2138,2.0762
20220810,3.35,1.2041,2.1459
20220811,3.43,1.2345,2.1955
20220812,3.53,1.3548,2.1752
20220815,3.48,1.3958,2.0842
20220816,3.39,1.3562,2.0338
20220817,3.42,1.3765,2.0435
20220818,3.52,1.4168,2.1032
20220819,3.57,1.4542,2.1158
20220822,3.72,1.5751,2.1449
20220823,3.8,1.6754,2.1246
20220824,3.83,1.808,2.022
20220825,3.9,1.8383,2.0617
20220826,3.88,1.7986,2.0814
20220829,3.98,1.9124,2.0676
20220830,3.98,1.981,1.999
20220831,3.97,1.9795,1.9905
20220901,4.04,2.0881,1.9519
20220902,4.0,2.0583,1.9417
20220905,4.01,2.0028,2.0072
20220906,4.02,1.993,2.027
20220907,4.09,2.0432,2.0468
20220908,3.94,1.9635,1.9765
20220909,3.94,2.0037,1.9363
20220912,3.95,2.0043,1.9457
20220913,3.92,1.9845,1.9355
20220914,4.03,2.0347,1.9953
20220915,3.99,2.045,1.945
20220916,4.07,2.0452,2.0248
20220919,4.03,2.1178,1.9122
20220920,3.98,2.088,1.892
20220921,4.04,2.1382,1.9018
20220922,4.02,2.1204,1.8996
20220923,4.15,2.2306,1.9194
20220927,4.29,2.3252,1.9648
20220928,4.34,2.3254,2.0146
20220929,4.21,2.1496,2.0604
20220930,4.31,2.2498,2.0602
20221003,4.29,2.2303,2.0597
20221004,4.16,2.1264,2.0336
20221005,4.06,2.0566,2.0034
20221006,4.17,2.1026,2.0674
20221007,4.28,2.1987,2.0813
20221010,4.39,2.3092,2.0808
20221011,4.5,2.3435,2.1565
20221012,4.49,2.4354,2.0546
20221013,4.51,2.4414,2.0686
20221014,4.5,2.3957,2.1043
20221017,4.53,2.462,2.068
20221018,4.55,2.4363,2.1137
20221019,4.66,2.4565,2.2035
20221020,4.65,2.4566,2.1934
20221021,4.65,2.4509,2.1991
20221025,4.58,2.3774,2.2026
20221026,4.47,2.3049,2.1651
20221027,4.3,2.2209,2.0791
20221028,4.25,2.1526,2.0974
20221031,4.17,2.1187,2.0513
20221101,4.28,2.1688,2.1112
20221102,4.44,2.189,2.251
20221103,4.54,2.2791,2.2609
20221104,4.54,2.2792,2.2608
20221107,4.55,2.2495,2.3005
20221108,4.66,2.3396,2.3204
20221109,4.58,2.2898,2.2902
20221110,4.41,2.1699,2.2401
20221111,4.24,2.05,2.19
20221114,4.29,2.1003,2.1897
20221115,4.23,2.1005,2.1295
20221116,4.22,2.0706,2.1494
20221117,4.14,2.005,2.135
20221118,4.17,2.0751,2.0949
20221121,4.19,2.1111,2.0789
20221122,4.16,2.1513,2.0087
20221123,4.21,2.2414,1.9686
20221124,4.12,2.1415,1.9785
20221125,4.11,2.1316,1.9784
20221128,4.03,2.0519,1.9781
20221129,4.08,2.0521,2.0279
20221130,4.07,2.0466,2.0234
20221201,4.08,2.0223,2.0577
20221202,3.98,1.9324,2.0476
20221205,3.97,1.9272,2.0428
20221206,4.01,1.9329,2.0771
20221207,4.06,1.903,2.157
20221208,4.02,1.8631,2.1569
20221209,4.05,1.8632,2.1868
20221212,4.1,1.8636,2.2364
20221213,4.15,1.8637,2.2863
20221214,4.14,1.8583,2.2817
20221215,4.29,1.9084,2.3816
20221216,4.28,1.913,2.367
20221219,4.25,1.9189,2.3311
20221220,4.34,1.9935,2.3465
20221221,4.36,1.9991,2.3609
20221222,4.36,1.9937,2.3663
20221223,4.36,1.9993,2.3607
20221228,4.51,2.0899,2.4201
20221229,4.47,2.1046,2.3654
20221230,4.47,2.1738,2.2962
20230104,4.36,2.1245,2.2355
20230105,4.32,2.1055,2.2145
20230106,4.32,2.1002,2.2198
20230109,4.26,2.026,2.234
20230110,4.22,2.0207,2.1993
20230111,4.21,2.0209,2.1891
20230112,4.07,1.941,2.129
20230113,4.05,1.9365,2.1135
20230116,4.06,1.9469,2.1131
20230117,4.09,1.937,2.153
20230118,4.07,1.9371,2.1329
20230119,3.93,1.9066,2.0234
20230120,4.01,1.902,2.108
20230123,4.01,1.9024,2.1076
20230124,4.09,1.9473,2.1427
20230125,4.08,1.8974,2.1826
20230126,4.05,1.8775,2.1725
20230127,4.11,1.8677,2.2423
20230130,4.11,1.8681,2.2419
20230131,4.17,1.893,2.277
20230201,4.17,1.8936,2.2764
20230202,4.05,1.8632,2.1868
20230203,3.92,1.7834,2.1366
20230207,4.07,1.9239,2.1461
20230208,4.12,1.9493,2.1707
20230209,4.16,1.9895,2.1705
20230210,4.18,2.0144,2.1656
20230213,4.27,2.0948,2.1752
20230214,4.28,2.1098,2.1702
20230215,4.28,2.1295,2.1505
20230216,4.34,2.1197,2.2203
20230217,4.35,2.1047,2.2453
20230220,4.34,2.1003,2.2397
20230221,4.38,2.1205,2.2595
20230222,4.49,2.21,2.28
20230223,4.63,2.2842,2.3458
20230224,4.61,2.2844,2.3256
20230227,4.64,2.3246,2.3154
20230228,4.56,2.2651,2.2949
20230301,4.53,2.2302,2.2998
20230302,4.62,2.2604,2.3596
20230303,4.7,2.2955,2.4045
20230306,4.62,2.2563,2.3637
20230307,4.62,2.2665,2.3535
20230308,4.61,2.2467,2.3633
20230309,4.54,2.217,2.323
20230310,4.45,2.1422,2.3078
20230313,4.37,2.048,2.322
20230314,4.26,1.8982,2.3618
20230315,4.44,1.9584,2.4816
20230316,4.33,1.8687,2.4613
20230317,4.38,2.0239,2.3561
20230320,4.21,1.9346,2.2754
20230321,4.11,1.8899,2.2201
20230322,4.2,1.9701,2.2299
20230323,4.17,1.9154,2.2546
20230324,4.12,1.8856,2.2344
20230327,4.03,1.8364,2.1936
20230328,4.08,1.9116,2.1684
20230329,4.15,1.9068,2.2432
20230330,4.2,1.9071,2.2929
20230331,4.2,1.9373,2.2627
20230403,4.11,1.893,2.217
20230404,4.07,1.8583,2.2117
20230405,4.01,1.8335,2.1765
20230406,3.93,1.7737,2.1563
20230411,3.97,1.7849,2.1851
20230412,4.01,1.8052,2.2048
20230413,4.05,1.8054,2.2446
20230414,4.1,1.8057,2.2943
20230417,4.1,1.8264,2.2736
20230418,4.25,1.9366,2.3134
20230419,4.29,1.9772,2.3128
20230420,4.23,1.9474,2.2826
20230421,4.13,1.8777,2.2523
20230424,4.14,1.8833,2.2567
20230426,4.04,1.7937,2.2463
20230427,4.06,1.794,2.266
20230428,4.08,1.8294,2.2506
20230501,4.04,1.7898,2.2502
20230502,4.13,1.8352,2.2948
20230503,4.13,1.8302,2.2998
20230504,4.11,1.8162,2.2938
20230505,4.08,1.8265,2.2535
20230508,4.14,1.882,2.258
20230509,4.17,1.9522,2.2178
20230510,4.16,1.9472,2.2128
20230511,4.11,1.9916,2.1184
20230512,4.01,1.9066,2.1034
20230515,4.05,1.9225,2.1275
20230516,4.13,1.9828,2.1472
20230517,4.21,1.993,2.217
20230518,4.3,2.0332,2.2668
20230519,4.41,2.1481,2.2619
20230522,4.39,2.1381,2.2519
20230523,4.47,2.1537,2.3163
20230524,4.35,2.0232,2.3268
20230525,4.38,2.1234,2.2566
20230526,4.41,2.1636,2.2464
20230529,4.38,2.1443,2.2357
20230530,4.32,2.0845,2.2355
20230531,4.3,2.0347,2.2653
20230601,4.33,2.1087,2.2213
20230602,4.34,2.1235,2.2165
20230606,4.43,2.1697,2.2603
20230607,4.44,2.1799,2.2601
20230608,4.56,2.27,2.29
20230609,4.52,2.2502,2.2698
20230612,4.52,2.2408,2.2792
20230613,4.5,2.2355,2.2645
20230614,4.54,2.2467,2.2933
20230615,4.52,2.2414,2.2786
20230616,4.49,2.1761,2.3139
20230619,4.42,2.1767,2.2433
20230620,4.45,2.1769,2.2731
20230621,4.49,2.137,2.353
20230622,4.51,2.1272,2.3828
20230623,4.54,2.1519,2.3881
20230626,4.5,2.1124,2.3876
20230627,4.52,2.1326,2.3874
20230628,4.55,2.1428,2.4072
20230629,4.58,2.163,2.417
20230630,4.62,2.3176,2.3024
20230703,4.58,2.3181,2.2619
20230704,4.64,2.3427,2.2973
20230705,4.67,2.3685,2.3015
20230706,4.71,2.4031,2.3069
20230707,4.84,2.5421,2.2979
20230710,4.89,2.5525,2.3375
20230711,4.76,2.5427,2.2173
20230712,4.67,2.5085,2.1615
20230713,4.56,2.4374,2.1226
20230717,4.51,2.3698,2.1402
20230718,4.49,2.3386,2.1514
20230719,4.5,2.3161,2.1839
20230720,4.54,2.3462,2.1938
20230721,4.62,2.4363,2.1837
20230724,4.59,2.4466,2.1434
20230725,4.61,2.441,2.169
20230726,4.64,2.4354,2.2046
20230727,4.65,2.4241,2.2259
20230728,4.74,2.5141,2.2259
20230731,4.69,2.4544,2.2356
20230801,4.72,2.4544,2.2656
20230802,4.74,2.4988,2.2412
20230803,4.75,2.5474,2.2026
20230804,4.82,2.6274,2.1926
20230807,4.75,2.5676,2.1824
20230808,4.78,2.5676,2.2124
20230809,4.77,2.5677,2.2023
20230810,4.78,2.5677,2.2123
20230811,4.84,2.5978,2.2422
20230814,4.89,2.6438,2.2462
20230815,4.95,2.6796,2.2704
20230816,4.96,2.6839,2.2761
20230817,5.05,2.7398,2.3102
20230818,5.03,2.774,2.256
20230821,5.05,2.8,2.25
20230822,5.15,2.8601,2.2899
20230823,5.08,2.7943,2.2857
20230824,4.98,2.7385,2.2415
20230825,5.02,2.7144,2.3056
20230828,5.02,2.7046,2.3154
20230829,4.99,2.6747,2.3153
20230830,4.93,2.6347,2.2953
20230831,4.87,2.6248,2.2452
20230901,4.83,2.6048,2.2252
20230904,4.91,2.655,2.255
20230905,4.98,2.6951,2.2849
20230906,5.01,2.7152,2.2948
20230907,5.0,2.7552,2.2448
20230908,4.93,2.7512,2.1788
20230911,4.99,2.8333,2.1567
20230912,4.98,2.8334,2.1466
20230913,4.98,2.8335,2.1465
20230914,4.93,2.7635,2.1665
20230915,4.93,2.7636,2.1664
20230918,5.01,2.7838,2.2262
20230919,5.03,2.7539,2.2761
20230920,5.08,2.794,2.286
20230921,5.15,2.8541,2.2959
20230922,5.18,2.8441,2.3359
20230925,5.13,2.8244,2.3056
20230926,5.21,2.8745,2.3355
20230927,5.18,2.9085,2.2715
20230928,5.23,2.9386,2.2914
20230929,5.31,2.9586,2.3514
20231002,5.37,2.9588,2.4112
20231003,5.43,3.0389,2.3911
20231004,5.54,3.1494,2.3906
20231005,5.52,3.1695,2.3505
20231006,5.53,3.1996,2.3304
20231009,5.51,3.1699,2.3401
20231010,5.44,3.13,2.31
20231011,5.4,3.1101,2.2899
20231012,5.35,3.0902,2.2598
20231013,5.44,3.1503,2.2897
20231016,5.4,3.1006,2.2994
20231017,5.43,3.0907,2.3393
20231018,5.47,3.1308,2.3392
20231019,5.57,3.2008,2.3692
20231020,5.54,3.1609,2.3791
20231024,5.45,3.1613,2.2887
20231025,5.4,3.0914,2.3086
20231026,5.49,3.1315,2.3585
20231027,5.48,3.1416,2.3384
20231030,5.5,3.1419,2.3581
20231031,5.55,3.142,2.408
20231101,5.5,3.127,2.373
20231102,5.24,2.9572,2.2828
20231103,5.28,2.9635,2.3165
20231106,5.21,2.9239,2.2861
20231107,5.24,2.944,2.296
20231108,5.14,2.8542,2.2858
20231109,5.04,2.8343,2.2057
20231110,5.15,2.8744,2.2756
20231113,5.2,2.8748,2.3252
20231114,5.17,2.8549,2.3151
20231115,5.03,2.705,2.325
20231116,5.02,2.7252,2.2948
20231117,4.92,2.6753,2.2447
20231120,4.95,2.6757,2.2743
20231121,4.93,2.6958,2.2342
20231122,4.95,2.6805,2.2695
20231123,4.95,2.707,2.243
20231124,5.03,2.7571,2.2729
20231127,5.06,2.7574,2.3026
20231128,4.99,2.7312,2.2588
20231129,4.95,2.7177,2.2323
20231130,4.93,2.7078,2.2222
20231201,5.03,2.7879,2.2421
20231204,4.98,2.7518,2.2282
20231205,4.95,2.7619,2.1881
20231206,4.88,2.7084,2.1716
20231207,4.87,2.6885,2.1815
20231208,4.92,2.7286,2.1914
20231211,4.94,2.7825,2.1575
20231212,4.91,2.7991,2.1109
20231213,4.82,2.7692,2.0508
20231214,4.61,2.5493,2.0607
20231215,4.61,2.5294,2.0806
20231218,4.56,2.4797,2.0803
20231219,4.56,2.4698,2.0902
20231220,4.52,2.41,2.11
20231221,4.48,2.3331,2.1469
20231222,4.51,2.3632,2.1468
20231227,4.44,2.3238,2.1162
20231228,4.35,2.2539,2.0961
20231229,4.37,2.254,2.116
20240103,4.5,2.3646,2.1354
20240104,4.54,2.3948,2.1452
20240105,4.6,2.4549,2.1451
20240108,4.64,2.4852,2.1548
20240109,4.63,2.4686,2.1614
20240110,4.69,2.5121,2.1779
20240111,4.7,2.5388,2.1612
20240112,4.61,2.469,2.141
20240115,4.58,2.4726,2.1074
20240116,4.62,2.5261,2.0939
20240117,4.64,2.5895,2.0505
20240118,4.7,2.6397,2.0603
20240119,4.76,2.6799,2.0801
20240122,4.76,2.6804,2.0796
20240123,4.67,2.6172,2.0528
20240124,4.72,2.6974,2.0226
20240125,4.73,2.7275,2.0025
20240126,4.68,2.6777,2.0023
20240129,4.68,2.6782,2.0018
20240130,4.67,2.6284,2.0416
20240131,4.6,2.5786,2.0214
20240201,4.58,2.5487,2.0313
20240202,4.56,2.5089,2.0511
20240205,4.67,2.5994,2.0706
20240207,4.76,2.6798,2.0802
20240208,4.76,2.7199,2.0401
20240209,4.85,2.7501,2.0999
20240212,4.87,2.8106,2.0594
20240213,4.87,2.7508,2.1192
20240214,4.94,2.8209,2.1191
20240215,4.81,2.6711,2.1389
20240216,4.85,2.6813,2.1687
20240219,4.88,2.6918,2.1882
20240220,4.85,2.692,2.158
20240221,4.83,2.6721,2.1579
20240222,4.83,2.6823,2.1477
20240223,4.86,2.6925,2.1675
20240226,4.82,2.673,2.147
20240227,4.84,2.6731,2.1669
20240228,4.75,2.5933,2.1567
20240229,4.75,2.6135,2.1365
20240301,4.76,2.6137,2.1463
20240304,4.74,2.6111,2.1289
20240305,4.75,2.6243,2.1257
20240306,4.67,2.5945,2.0755
20240307,4.66,2.5647,2.0953
20240308,4.64,2.5748,2.0652
20240311,4.59,2.5254,2.0646
20240312,4.6,2.5255,2.0745
20240313,4.64,2.5457,2.0943
20240314,4.65,2.5559,2.0941
20240315,4.71,2.586,2.124
20240318,4.69,2.5835,2.1065
20240319,4.65,2.5837,2.0663
20240320,4.59,2.5439,2.0461
20240321,4.59,2.4841,2.1059
20240322,4.58,2.4872,2.0928
20240325,4.55,2.4748,2.0752
20240326,4.62,2.5249,2.0951
20240327,4.62,2.5251,2.0949
20240328,4.6,2.4953,2.1047
20240402,4.65,2.5562,2.0938
20240403,4.65,2.5493,2.1007
20240404,4.65,2.5665,2.0835
20240405,4.64,2.5596,2.0804
20240408,4.74,2.6401,2.0999
20240409,4.77,2.6374,2.1326
20240410,4.69,2.5776,2.1124
20240411,4.81,2.6777,2.1323
20240412,4.88,2.7179,2.1621
20240415,4.82,2.6584,2.1616
20240416,4.9,2.7186,2.1814
20240417,4.97,2.7488,2.2212
20240418,4.9,2.739,2.161
20240419,4.86,2.6991,2.1609
20240422,4.93,2.7397,2.1903
20240423,4.88,2.7098,2.1702
20240424,4.92,2.73,2.19
20240426,5.0,2.7604,2.2396
20240429,4.96,2.7509,2.2091
20240430,4.9,2.7211,2.1789
20240501,4.92,2.7212,2.1988
20240502,4.87,2.6814,2.1886
20240503,4.83,2.6416,2.1884
20240506,4.77,2.5921,2.1779
20240507,4.72,2.5495,2.1705
20240508,4.67,2.4825,2.1875
20240509,4.74,2.5326,2.2074
20240510,4.73,2.5128,2.2172
20240513,4.72,2.5133,2.2067
20240514,4.69,2.4935,2.1965
20240515,4.66,2.4737,2.1863
20240516,4.58,2.4339,2.1461
20240517,4.6,2.454,2.146
20240520,4.62,2.4646,2.1554
20240521,4.64,2.4747,2.1653
20240522,4.68,2.5249,2.1551
20240523,4.74,2.5651,2.1749
20240524,4.78,2.5953,2.1847
20240527,4.79,2.5758,2.2142
20240528,4.82,2.576,2.244
20240529,4.89,2.6261,2.2639
20240530,4.89,2.6063,2.2837
20240531,4.82,2.5465,2.2735
20240604,4.74,2.4872,2.2528
20240605,4.67,2.4474,2.2226
20240606,4.64,2.4175,2.2225
20240607,4.63,2.4177,2.2123
20240610,4.73,2.4782,2.2518
20240611,4.73,2.4984,2.2316
20240612,4.74,2.4911,2.2489
20240613,4.66,2.4313,2.2287
20240614,4.61,2.4315,2.1785
20240617,4.59,2.432,2.158
20240618,4.59,2.4496,2.1404
20240619,4.54,2.4123,2.1277
20240620,4.59,2.4425,2.1475
20240621,4.62,2.4927,2.1273
20240624,4.59,2.4532,2.1368
20240625,4.56,2.4409,2.1191
20240626,4.61,2.4935,2.1165
20240627,4.67,2.5437,2.1263
20240701,4.65,2.5744,2.0756
20240702,4.68,2.6321,2.0479
20240703,4.71,2.6123,2.0977
20240704,4.74,2.5397,2.2003
20240705,4.71,2.5699,2.1401
20240708,4.66,2.5504,2.1096
20240709,4.62,2.5581,2.0619
20240710,4.59,2.5183,2.0717
20240711,4.57,2.5361,2.0339
20240712,4.51,2.4986,2.0114
20240715,4.45,2.4891,1.9609
20240716,4.37,2.424,1.946
20240717,4.39,2.4241,1.9659
20240718,4.35,2.3766,1.9734
20240719,4.37,2.3844,1.9856
20240722,4.4,2.4172,1.9828
20240723,4.4,2.4174,1.9826
20240724,4.41,2.4175,1.9925
20240725,4.43,2.4177,2.0123
20240726,4.38,2.4355,1.9445
20240729,4.36,2.446,1.914
20240730,4.4,2.4484,1.9516
20240731,4.34,2.3986,1.9414
20240801,4.27,2.3664,1.9036
20240802,4.24,2.2966,1.9434
20240805,4.16,2.2271,1.9329
20240806,4.22,2.3172,1.9028
20240807,4.31,2.4274,1.8826
20240808,4.29,2.4675,1.8225
20240809,4.26,2.4654,1.7946
20240812,4.25,2.4681,1.7819
20240813,4.23,2.4261,1.8039
20240814,4.17,2.3462,1.8238
20240815,4.15,2.2842,1.8658
20240816,4.13,2.3022,1.8278
20240819,4.19,2.3327,1.8573
20240820,4.21,2.3529,1.8571
20240821,4.17,2.333,1.837
20240822,4.18,2.3332,1.8468
20240823,4.2,2.3434,1.8566
20240826,4.17,2.3439,1.8261
20240827,4.22,2.344,1.876
20240828,4.26,2.3942,1.8658
20240829,4.29,2.4244,1.8656
20240830,4.27,2.4424,1.8276
20240902,4.31,2.483,1.827
20240903,4.3,2.4831,1.8169
20240904,4.22,2.4033,1.8167
20240905,4.19,2.4035,1.7865
20240906,4.17,2.3637,1.8063
20240909,4.23,2.3942,1.8358
20240910,4.21,2.3944,1.8156
20240911,4.15,2.3945,1.7555
20240912,4.15,2.3947,1.7553
20240913,4.1,2.3449,1.7551
20240916,4.07,2.3254,1.7446
20240917,4.1,2.3176,1.7824
20240918,4.13,2.3378,1.7922
20240919,4.18,2.3479,1.8321
20240920,4.18,2.3581,1.8219
20240923,4.21,2.3586,1.8514
20240924,4.21,2.3788,1.8312
20240925,4.2,2.369,1.831
20240926,4.23,2.3791,1.8509
20240927,4.23,2.3793,1.8507
20240930,4.25,2.4218,1.8282
20241001,4.23,2.43,1.8
20241002,4.23,2.3821,1.8479
20241003,4.27,2.4284,1.8416
20241004,4.27,2.4586,1.8114
20241007,4.32,2.491,1.829
20241008,4.3,2.5212,1.7788
20241009,4.3,2.5413,1.7587
20241010,4.36,2.6096,1.7504
20241011,4.4,2.6317,1.7683
20241014,4.45,2.6803,1.7697
20241015,4.42,2.6724,1.7476
20241016,4.4,2.6644,1.7356
20241017,4.4,2.6327,1.7673
20241018,4.43,2.6429,1.7871
20241021,4.43,2.6316,1.7984
20241022,4.48,2.6636,1.8164
20241023,4.51,2.6619,1.8481
20241024,4.49,2.6621,1.8279
20241025,4.42,2.6223,1.7977
20241029,4.44,2.643,1.797
20241030,4.45,2.6149,1.8351
20241031,4.47,2.6633,1.8067
20241101,4.47,2.6535,1.8165
20241104,4.56,2.594,1.966
20241105,4.55,2.6507,1.8993
20241106,4.67,2.6626,2.0074
20241107,4.71,2.7028,2.0072
20241108,4.66,2.693,1.967
20241111,4.68,2.7235,1.9565
20241112,4.67,2.732,1.938
20241113,4.74,2.8122,1.9278
20241114,4.79,2.8441,1.9459
20241115,4.78,2.8126,1.9674
20241118,4.74,2.8031,1.9369
20241119,4.69,2.775,1.915
20241120,4.69,2.7552,1.9348
20241121,4.71,2.7353,1.9747
20241122,4.67,2.6855,1.9845
20241125,4.56,2.5961,1.9639
20241126,4.5,2.5362,1.9638
20241127,4.54,2.5364,2.0036
20241128,4.48,2.5066,1.9734
20241129,4.46,2.5068,1.9532
20241202,4.42,2.5073,1.9127
20241203,4.38,2.5075,1.8725
20241204,4.41,2.5077,1.9023
20241205,4.45,2.5279,1.9221
20241206,4.46,2.5665,1.8935
20241209,4.42,2.5586,1.8614
20241210,4.41,2.5688,1.8412
20241211,4.42,2.5389,1.8811
20241212,4.48,2.5591,1.9209
20241213,4.51,2.5993,1.9107
20241216,4.53,2.5998,1.9302
20241217,4.55,2.64,1.91
20241218,4.53,2.6402,1.8898
20241219,4.57,2.6544,1.9156
20241220,4.64,2.7146,1.9254
20241223,4.56,2.7022,1.8578
20241224,4.57,2.6839,1.8861
20241227,4.51,2.6545,1.8555
20241230,4.59,2.6994,1.8906
20241231,4.52,2.6311,1.8889
20250103,4.51,2.6489,1.8611
20250106,4.56,2.6724,1.8876
20250107,4.58,2.6812,1.8988
20250108,4.65,2.7215,1.9285
20250109,4.63,2.7417,1.8883
20250110,4.64,2.7519,1.8881
20250113,4.71,2.8112,1.8988
20250114,4.79,2.8942,1.8958
20250115,4.86,2.9144,1.9456
20250116,4.76,2.8333,1.9267
20250117,4.74,2.7935,1.9465
20250120,4.74,2.7942,1.9458
20250121,4.66,2.7358,1.9242
20250122,4.66,2.736,1.924
20250123,4.66,2.7262,1.9338
20250124,4.63,2.7151,1.9149
20250127,4.63,2.7158,1.9142
20250128,4.56,2.6622,1.8978
20250129,4.54,2.6825,1.8575
20250130,4.57,2.7027,1.8673
20250131,4.59,2.6642,1.9258
20250203,4.53,2.6412,1.8888
20250204,4.55,2.639,1.911
20250205,4.54,2.6192,1.9208
20250207,4.57,2.6598,1.9102
20250210,4.6,2.7281,1.8719
20250211,4.6,2.732,1.868
20250212,4.65,2.7687,1.8813
20250213,4.66,2.8002,1.8598
20250214,4.61,2.7693,1.8407
20250217,4.64,2.7813,1.8587
20250218,4.65,2.7815,1.8685
20250219,4.68,2.8218,1.8582
20250220,4.67,2.8021,1.8679
20250221,4.68,2.8035,1.8765
20250224,4.63,2.7555,1.8745
20250225,4.59,2.7746,1.8154
20250226,4.59,2.7449,1.8451
20250227,4.6,2.7151,1.8849
20250228,4.5,2.6454,1.8546
20250303,4.52,2.6562,1.8638
20250304,4.49,2.6265,1.8635
20250305,4.6,2.7178,1.8822
20250306,4.69,2.7681,1.9219
20250307,4.63,2.6983,1.9317
20250310,4.64,2.7091,1.9309
20250311,4.62,2.6794,1.9406
20250312,4.68,2.7297,1.9503
20250313,4.66,2.6899,1.9701
20250314,4.66,2.6791,1.9809
20250317,4.69,2.701,1.989
20250318,4.68,2.7112,1.9688
20250319,4.65,2.7205,1.9295
20250320,4.59,2.7008,1.8892
20250321,4.61,2.7,1.91
20250324,4.62,2.7008,1.9192
20250325,4.62,2.7221,1.8979
20250326,4.62,2.7414,1.8786
20250327,4.68,2.7217,1.9583
20250328,4.65,2.7029,1.9471
20250331,4.59,2.6537,1.9363
20250401,4.58,2.654,1.926
20250402,4.54,2.6233,1.9167
20250403,4.44,2.5336,1.9064
20250404,4.34,2.4992,1.8408
20250407,4.39,2.5165,1.8735
20250408,4.54,2.6832,1.8568
20250409,4.76,2.9184,1.8416
20250410,4.65,2.8497,1.8003
20250411,4.77,2.921,1.849
20250414,4.72,2.8932,1.8268
20250415,4.59,2.7536,1.8364
20250416,4.59,2.7831,1.8069
20250417,4.53,2.7127,1.8173
20250422,4.56,2.7341,1.8259
20250423,4.55,2.7245,1.8255
20250424,4.52,2.6958,1.8242
20250428,4.45,2.6375,1.8125
20250429,4.48,2.6295,1.8505
20250430,4.44,2.5746,1.8654
20250501,4.46,2.6258,1.8342
20250502,4.44,2.6408,1.7992
20250505,4.49,2.6711,1.8189
20250506,4.57,2.7122,1.8578
20250507,4.52,2.6825,1.8375
20250508,4.48,2.6436,1.8364
20250509,4.51,2.6632,1.8468
20250512,4.55,2.6643,1.8857
20250513,4.62,2.7146,1.9054
20250514,4.65,2.7343,1.9157
20250515,4.64,2.7446,1.8954
20250516,4.61,2.6857,1.9243
20250519,4.68,2.7667,1.9133
20250520,4.66,2.7371,1.9229
20250521,4.68,2.7381,1.9419
20250522,4.68,2.7971,1.8829
20250523,4.66,2.7775,1.8825
20250526,4.62,2.7685,1.8515
20250527,4.58,2.7495,1.8305
20250528,4.62,2.8099,1.8101
20250529,4.64,2.8496,1.7904
20250530,4.56,2.83,1.73
20250603,4.6,2.842,1.758
20250604,4.55,2.7923,1.7577
20250605,4.53,2.7903,1.7397
20250606,4.62,2.8201,1.7999
20250609,4.65,2.8307,1.8193
20250610,4.63,2.8111,1.8189
20250611,4.62,2.8115,1.8085
20250612,4.57,2.7724,1.7976
20250613,4.55,2.7828,1.7672
20250616,4.63,2.8434,1.7866
20250617,4.61,2.8438,1.7662
20250618,4.6,2.8542,1.7458
20250619,4.59,2.825,1.765
20250623,4.58,2.7866,1.7934
20250624,4.56,2.7465,1.8135
20250625,4.51,2.6968,1.8132
20250626,4.49,2.6577,1.8323
20250627,4.52,2.6581,1.8619
20250630,4.54,2.6792,1.8608
20250701,4.48,2.6196,1.8604
20250702,4.5,2.63,1.87
20250703,4.53,2.6503,1.8797
20250704,4.54,2.6607,1.8793
20250707,4.52,2.6618,1.8582
20250708,4.55,2.7118,1.8382
20250709,4.6,2.743,1.857
20250710,4.52,2.663,1.857
20250711,4.52,2.6834,1.8366
20250714,4.56,2.7145,1.8455
20250715,4.58,2.7249,1.8551
20250716,4.59,2.7252,1.8648
20250717,4.58,2.6956,1.8844
20250718,4.6,2.706,1.894
20250721,4.57,2.7071,1.8629
20250722,4.56,2.6872,1.8728
20250723,4.53,2.6876,1.8424
20250724,4.58,2.718,1.862
20250725,4.6,2.6983,1.9017
20250728,4.57,2.7095,1.8605
20250729,4.56,2.6999,1.8601
20250730,4.52,2.6905,1.8295
20250731,4.51,2.6609,1.8491
20250801,4.52,2.6613,1.8587
20250804,4.47,2.6122,1.8578
20250805,4.42,2.6028,1.8172
20250806,4.45,2.6232,1.8268
20250807,4.41,2.6336,1.7764
20250808,4.4,2.6339,1.7661
20250811,4.41,2.6449,1.7651
20250812,4.39,2.6355,1.7545
20250813,4.4,2.6456,1.7544
20250814,4.4,2.5962,1.8038
20250815,4.43,2.6066,1.8234
20250818,4.45,2.6177,1.8323
20250819,4.49,2.6581,1.8319
20250820,4.39,2.6278,1.7622
20250821,4.35,2.5885,1.7615
20250822,4.38,2.6286,1.7514
20250825,4.38,2.5999,1.7801
20250826,4.38,2.6401,1.7399
20250827,4.37,2.6206,1.7494
20250828,4.34,2.5606,1.7794
20250829,4.35,2.5109,1.8391
20250901,4.37,2.562,1.808
20250902,4.42,2.6123,1.8077
20250903,4.48,2.6527,1.8273
20250904,4.43,2.6132,1.8168
20250905,4.4,2.6136,1.7864
20250908,4.35,2.595,1.755
20250909,4.31,2.5154,1.7946
20250910,4.33,2.5358,1.7942
20250911,4.3,2.5162,1.7838
20250912,4.28,2.4967,1.7833
20250915,4.32,2.518,1.802
20250916,4.28,2.4685,1.8115
20250917,4.27,2.4589,1.8111
20250918,4.23,2.4293,1.8007
20250919,4.2,2.4198,1.7802
20250922,4.23,2.4206,1.8094
20250923,4.22,2.4208,1.7992
20250924,4.2,2.4211,1.7789
20250925,4.22,2.4313,1.7887
20250926,4.23,2.4315,1.7985
20250929,4.21,2.4022,1.8078
20250930,4.19,2.3825,1.8075
20251001,4.22,2.4127,1.8073
20251002,4.19,2.4129,1.7771
20251003,4.21,2.4232,1.7868
20251006,4.23,2.4538,1.7762
20251007,4.23,2.454,1.776
20251008,4.18,2.4243,1.7557
20251009,4.11,2.3845,1.7255
20251010,4.14,2.3948,1.7452
20251013,4.1,2.3455,1.7545
20251014,4.09,2.3258,1.7642
20251015,4.04,2.256,1.784
20251016,4.0,2.2464,1.7536
20251017,3.96,2.2165,1.7435
20251020,4.0,2.2373,1.7627
20251021,3.97,2.2078,1.7622
20251022,3.96,2.218,1.742
20251023,3.98,2.2183,1.7617
20251024,4.0,2.2287,1.7713
20251028,4.01,2.2395,1.7705
20251029,4.05,2.2299,1.8201
20251030,4.09,2.2202,1.8698
20251031,4.06,2.1702,1.8898
20251103,4.09,2.1912,1.8988
20251104,4.1,2.2112,1.8888
20251105,4.09,2.1917,1.8983
20251106,4.13,2.232,1.898
20251107,4.08,2.2019,1.8781
20251110,4.11,2.2027,1.9073
20251111,4.11,2.2029,1.9071
20251112,4.1,2.1832,1.9168
20251113,4.18,2.2034,1.9766
20251114,4.29,2.204,2.086
20251117,4.3,2.2244,2.0756
20251118,4.28,2.2447,2.0353
20251119,4.21,2.2249,1.9851
20251120,4.25,2.2351,2.0149
20251121,4.28,2.2354,2.0446
20251124,4.28,2.2761,2.0039
20251125,4.27,2.2664,2.0036
20251126,4.33,2.2866,2.0434
20251127,4.34,2.3365,2.0035
20251128,4.36,2.386,1.974
20251201,4.41,2.3967,2.0133
20251202,4.47,2.4169,2.0531
20251203,4.4,2.3771,2.0229
20251204,4.38,2.3669,2.0131
20251205,4.45,2.3876,2.0624
20251208,4.53,2.4378,2.0922
20251209,4.58,2.5185,2.0615
20251210,4.61,2.5883,2.0217
20251211,4.57,2.5885,1.9815
20251212,4.6,2.5987,2.0013
20251215,4.58,2.5594,2.0206
20251216,4.54,2.5001,2.0399
20251217,4.55,2.5303,2.0197
20251218,4.53,2.5211,2.0089
20251219,4.49,2.4908,1.9992
20251222,4.57,2.5515,2.0185
20251223,4.55,2.5612,1.9888
20251224,4.55,2.543,2.007
20251229,4.53,2.5531,1.9769
20251230,4.48,2.5033,1.9767
20251231,4.5,2.5124,1.9876
20260105,4.54,2.5241,2.0159
20260106,4.51,2.5243,1.9857
20260107,4.49,2.534,1.956
20260108,4.43,2.4642,1.9658
20260109,4.41,2.455,1.955
20260112,4.4,2.4563,1.9437
20260113,4.43,2.4759,1.9541
20260114,4.48,2.4761,2.0039
20260115,4.4,2.4764,1.9236
20260116,4.44,2.4772,1.9628
20260119,4.49,2.4873,2.0027
20260120,4.52,2.4882,2.0318
20260121,4.56,2.5477,2.0123
20260122,4.57,2.5286,2.0414
20260123,4.59,2.5389,2.0511
20260126,4.59,2.5588,2.0312
20260127,4.6,2.5391,2.0609
20260128,4.63,2.56,2.07
20260129,4.62,2.5588,2.0612
20260130,4.61,2.509,2.101
20260202,4.62,2.5389,2.0811
20260203,4.6,2.5299,2.0701
20260204,4.56,2.5194,2.0406
20260205,4.54,2.4803,2.0597
20260209,4.54,2.5012,2.0388
20260210,4.53,2.5114,2.0186
20260211,4.49,2.4724,2.0176
20260212,4.52,2.4819,2.0381
20260213,4.47,2.4613,2.0087
20260216,4.44,2.4527,1.9873
20260217,4.42,2.453,1.967
20260218,4.36,2.4132,1.9468
20260219,4.39,2.4142,1.9758
20260220,4.34,2.3836,1.9564
20260223,4.36,2.3951,1.9649
20260224,4.35,2.4045,1.9455
20260225,4.36,2.4056,1.9544
20260226,4.35,2.3767,1.9733
20260227,4.33,2.366,1.964
20260302,4.35,2.3467,2.0033
20260303,4.39,2.3569,2.0331
20260304,4.4,2.3571,2.0429
20260305,4.45,2.3783,2.0717
20260306,4.49,2.3885,2.1015
20260309,4.68,2.4192,2.2608
20260310,4.57,2.4194,2.1506
20260311,4.57,2.4397,2.1303
20260312,4.66,2.5199,2.1401
20260313,4.66,2.5401,2.1199
20260316,4.73,2.5808,2.1492
20260317,4.68,2.501,2.179
20260318,4.6,2.4713,2.1287
20260319,4.68,2.4415,2.2385
20260320,4.73,2.4617,2.2683
20260323,4.87,2.5324,2.3376
20260324,4.83,2.4567,2.3733
20260325,4.72,2.427,2.293
20260326,4.73,2.4072,2.3228
20260327,4.77,2.4075,2.3625
20260330,4.78,2.4282,2.3518
20260331,4.73,2.4385,2.2915
20260401,4.61,2.3887,2.2213
20260402,4.73,2.399,2.331
20260407,4.72,2.4102,2.3098
20260408,4.63,2.3705,2.2595
20260409,4.7,2.3907,2.3093
20260410,4.7,2.381,2.319
20260413,4.76,2.4117,2.3483
20260414,4.67,2.392,2.278
20260415,4.64,2.3711,2.2689
20260416,4.65,2.4125,2.2375
20260417,4.68,2.4627,2.2173
20260420,4.6,2.4047,2.1953
20260421,4.62,2.3938,2.2262
20260422,4.67,2.424,2.246
20260423,4.72,2.4431,2.2769
20260424,4.69,2.4345,2.2555
20260428,4.74,2.4355,2.3045
20260429,4.7,2.4458,2.2542
20260430,4.73,2.466,2.264
20260501,4.69,2.3963,2.2937
20260504,4.66,2.387,2.273
20260505,4.65,2.3785,2.2715
20260506,4.66,2.3688,2.2912
20260507,4.62,2.3178,2.3022
20260508,4.69,2.368,2.322
20260511,4.67,2.3688,2.3012
20260512,4.71,2.389,2.321
20260513,4.75,2.4593,2.2907
20260514,4.73,2.4595,2.2705
20260515,4.75,2.4598,2.2902
20260518,4.82,2.5006,2.3194
20260519,4.74,2.4508,2.2892
20260520,4.8,2.4611,2.3389
20260521,4.72,2.4026,2.3174
20260522,4.69,2.3916,2.2984
20260525,4.64,2.3823,2.2577
20260526,4.61,2.3926,2.2174
20260527,4.59,2.4028,2.1872
20260528,4.62,2.4431,2.1769
20260529,4.52,2.3747,2.1453
20260602,4.55,2.4057,2.1443
20260603,4.55,2.426,2.124
20260604,4.55,2.4362,2.1138
20260605,4.53,2.4151,2.1149
20260608,4.6,2.4573,2.1427
20260609,4.56,2.4461,2.1139
20260610,4.54,2.4478,2.0922
20260611,4.55,2.418,2.132
20260612,4.47,2.3568,2.1132
20260615,4.41,2.3376,2.0724
20260616,4.45,2.3493,2.1007
20260617,4.38,2.3096,2.0704
20260618,4.44,2.3398,2.1002
20260619,4.44,2.3486,2.0914
20260622,4.45,2.3509,2.0991
20260623,4.42,2.3411,2.0789
20260624,4.38,2.3414,2.0386
20260625,4.34,2.3216,2.0184
20260626,4.36,2.3519,2.0081
20260629,4.38,2.3927,1.9873
20260630,4.36,2.4129,1.9471
20260701,4.41,2.4047,2.0053
20260702,4.45,2.4234,2.0266
20260703,4.45,2.4353,2.0147
20260706,4.42,2.4445,1.9755
20260707,4.43,2.4347,1.9953
20260708,4.51,2.465,2.045
20260709,4.58,2.5552,2.0248
20260713,4.61,2.5463,2.0637
20260714,4.66,2.5949,2.0651
20260715,4.68,2.5668,2.1132
20260716,4.65,2.5454,2.1046
20260717,4.65,2.5673,2.0827
20260720,4.71,2.5764,2.1336
20260721,4.68,2.5683,2.1117
20260722,4.7,2.5586,2.1414
20260723,4.72,2.5588,2.1612
20260724,4.79,2.5791,2.2109
20260727,4.71,2.5499,2.1601
20260728,4.72,2.5518,2.1682
20260729,4.65,2.5404,2.1096
20260730,4.73,2.5824,2.1476
20260731,4.67,2.5709,2.0991
20260803,4.74,2.6117,2.1283
20260804,4.73,2.6119,2.1181
20260805,4.66,2.5422,2.1178
20260806,4.68,2.5624,2.1176
20260807,4.71,2.5927,2.1173
20260810,4.67,2.5935,2.0765
20260811,4.69,2.5937,2.0963
20260812,4.7,2.604,2.096
20260813,4.65,2.5743,2.0757
20260814,4.68,2.5745,2.1055
20260817,4.72,2.5853,2.1347
20260818,4.74,2.5974,2.1426
20260819,4.71,2.5958,2.1142
20260820,4.69,2.5761,2.1139
20260821,4.75,2.6145,2.1355
20260824,4.73,2.5971,2.1329
20260825,4.73,2.5973,2.1327
20260826,4.68,2.5776,2.1024
20260827,4.73,2.5979,2.1321
20260828,4.74,2.59,2.15
20260831,4.74,2.5889,2.1511
20260901,4.8,2.6091,2.1909
20260902,4.78,2.5794,2.2006
20260903,4.78,2.5697,2.2103
20260904,4.79,2.5699,2.2201
20260907,4.78,2.5607,2.2193
20260908,4.76,2.5509,2.2091
20260909,4.79,2.5712,2.2188
20260910,4.88,2.6215,2.2585
20260911,5.03,2.7059,2.3241
20260914,5.01,2.7005,2.3095
20260915,5.05,2.7088,2.3412
20260916,5.02,2.699,2.321
20260917,5.0,2.6973,2.3027
